13-Jul-2025 08:15:00.124 INFO [main] org.apache.catalina.startup.VersionLoggerListener.log Server version name:   Apache Tomcat/10.1.43
13-Jul-2025 08:15:00.132 INFO [main] org.apache.catalina.startup.VersionLoggerListener.log Server built:          Jul 1 2025 21:30:20 UTC
13-Jul-2025 08:15:00.137 INFO [main] org.apache.catalina.startup.VersionLoggerListener.log Server version number: 10.1.43.0
13-Jul-2025 08:15:00.139 INFO [main] org.apache.catalina.startup.VersionLoggerListener.log OS Name:               Windows 11
13-Jul-2025 08:15:00.139 INFO [main] org.apache.catalina.startup.VersionLoggerListener.log OS Version:            10.0
13-Jul-2025 08:15:00.139 INFO [main] org.apache.catalina.startup.VersionLoggerListener.log Architecture:          amd64
13-Jul-2025 08:15:00.141 INFO [main] org.apache.catalina.startup.VersionLoggerListener.log Java Home:             C:\Program Files\Eclipse Adoptium\jdk-11.0.27.6-hotspot
13-Jul-2025 08:15:00.144 INFO [main] org.apache.catalina.startup.VersionLoggerListener.log JVM Version:           11.0.27+6
13-Jul-2025 08:15:00.144 INFO [main] org.apache.catalina.startup.VersionLoggerListener.log JVM Vendor:            Eclipse Adoptium
13-Jul-2025 08:15:00.144 INFO [main] org.apache.catalina.startup.VersionLoggerListener.log CATALINA_BASE:         C:\Users\saksh\Desktop\InventoryManagementSystem\apache-tomcat-10.1.43
13-Jul-2025 08:15:00.150 INFO [main] org.apache.catalina.startup.VersionLoggerListener.log CATALINA_HOME:         C:\Users\saksh\Desktop\InventoryManagementSystem\apache-tomcat-10.1.43
13-Jul-2025 08:15:00.197 INFO [main] org.apache.catalina.startup.VersionLoggerListener.log Command line argument: -Djava.util.logging.config.file=C:\Users\saksh\Desktop\InventoryManagementSystem\apache-tomcat-10.1.43\conf\logging.properties
13-Jul-2025 08:15:00.197 INFO [main] org.apache.catalina.startup.VersionLoggerListener.log Command line argument: -Djava.util.logging.manager=org.apache.juli.ClassLoaderLogManager
13-Jul-2025 08:15:00.197 INFO [main] org.apache.catalina.startup.VersionLoggerListener.log Command line argument: -Djdk.tls.ephemeralDHKeySize=2048
13-Jul-2025 08:15:00.197 INFO [main] org.apache.catalina.startup.VersionLoggerListener.log Command line argument: -Djava.protocol.handler.pkgs=org.apache.catalina.webresources
13-Jul-2025 08:15:00.199 INFO [main] org.apache.catalina.startup.VersionLoggerListener.log Command line argument: -Dsun.io.useCanonCaches=false
13-Jul-2025 08:15:00.199 INFO [main] org.apache.catalina.startup.VersionLoggerListener.log Command line argument: --add-opens=java.base/java.lang=ALL-UNNAMED
13-Jul-2025 08:15:00.201 INFO [main] org.apache.catalina.startup.VersionLoggerListener.log Command line argument: --add-opens=java.base/java.lang.reflect=ALL-UNNAMED
13-Jul-2025 08:15:00.203 INFO [main] org.apache.catalina.startup.VersionLoggerListener.log Command line argument: --add-opens=java.base/java.io=ALL-UNNAMED
13-Jul-2025 08:15:00.203 INFO [main] org.apache.catalina.startup.VersionLoggerListener.log Command line argument: --add-opens=java.base/java.util=ALL-UNNAMED
13-Jul-2025 08:15:00.203 INFO [main] org.apache.catalina.startup.VersionLoggerListener.log Command line argument: --add-opens=java.base/java.util.concurrent=ALL-UNNAMED
13-Jul-2025 08:15:00.204 INFO [main] org.apache.catalina.startup.VersionLoggerListener.log Command line argument: --add-opens=java.rmi/sun.rmi.transport=ALL-UNNAMED
13-Jul-2025 08:15:00.204 INFO [main] org.apache.catalina.startup.VersionLoggerListener.log Command line argument: -Dcatalina.base=C:\Users\saksh\Desktop\InventoryManagementSystem\apache-tomcat-10.1.43
13-Jul-2025 08:15:00.204 INFO [main] org.apache.catalina.startup.VersionLoggerListener.log Command line argument: -Dcatalina.home=C:\Users\saksh\Desktop\InventoryManagementSystem\apache-tomcat-10.1.43
13-Jul-2025 08:15:00.205 INFO [main] org.apache.catalina.startup.VersionLoggerListener.log Command line argument: -Djava.io.tmpdir=C:\Users\saksh\Desktop\InventoryManagementSystem\apache-tomcat-10.1.43\temp
13-Jul-2025 08:15:00.229 INFO [main] org.apache.catalina.core.AprLifecycleListener.lifecycleEvent The Apache Tomcat Native library which allows using OpenSSL was not found on the java.library.path: [C:\Program Files\Eclipse Adoptium\jdk-11.0.27.6-hotspot\bin;C:\WINDOWS\Sun\Java\bin;C:\WINDOWS\system32;C:\WINDOWS;C:\Program Files\Eclipse Adoptium\jdk-11.0.27.6-hotspot\bin;C:\Program Files\Eclipse Adoptium\jre-17.0.15.6-hotspot\bin;C:\Program Files\Common Files\Oracle\Java\javapath;C:\Program Files (x86)\Common Files\Oracle\Java\java8path;C:\Program Files (x86)\Common Files\Oracle\Java\javapath;C:\Program Files\Java\jdk1.8.0_202

\bin;C:\Program Files\Java\jre1.8.0_431\bin;C:\Python312\Scripts\;C:\Python312\;C:\Python311\Scripts\;C:\Python311\;C:\WINDOWS\system32;C:\WINDOWS;C:\WINDOWS\System32\Wbem;C:\WINDOWS\System32\WindowsPowerShell\v1.0\;C:\WINDOWS\System32\OpenSSH\;C:\Program Files\dotnet\;C:\Users\saksh\Downloads;C:\Users\saksh\Downloads\ForwardNotifier-master\ForwardNotifier-master\ForwardNotifier Client Tools\Windows SSH Client tool;C:\Users\saksh\Downloads\app files\ForwardNotifier-master\ForwardNotifier-master\ForwardNotifier Client Tools\Windows SSH Client tool;C:\ProgramData\chocolatey\bin;C:\Android;C:\Windows\System32;C:\WINDOWS\system32;C:\WINDOWS;C:\WINDOWS\System32\Wbem;C:\WINDOWS\System32\WindowsPowerShell\v1.0\;C:\WINDOWS\System32\OpenSSH\;C:\Program Files\Calibre2\;C:\Program Files\nodejs\;C:\Program Files\HP\HP One Agent;C:\flutter;C:\Program Files\MySQL\MySQL Server 8.0\bin;C:\Program Files\Git\cmd;C:\Program Files\Git\cmd;C:\Windows\System32;C:\Windows;C:\Users\saksh\AppData\Local\Android\sdk\cmdline-tools\latest\bin;C:\Users\saksh\AppData\Local\Android\sdk\cmdline-tools\bin;C:\Users\saksh\Desktop\InventoryManagementSystem\apache-maven-3.9.10\bin;C:\Users\saksh\Desktop\InventoryManagementSystem\apache-maven-3.9.10\bin;C:\Program Files\MySQL\MySQL Shell 8.0\bin\;C:\Program Files\platform-tools;C:\Users\saksh\AppData\Local\Microsoft\WindowsApps;C:\Users\saksh\.dotnet\tools;C:\Program Files\JetBrains\PyCharm Community Edition 2022.1.2\bin;C:\Users\saksh\AppData\Local\spicetify;C:\Users\saksh\.dotnet\tools;C:\MinGW\bin;C:\Users\saksh\AppData\Local\Microsoft\WindowsApps;C:\Users\saksh\AppData\Roaming\npm;C:\flutter\bin;C:\Program Files\JetBrains\PyCharm Community Edition 2024.1.4\bin;C:\Users\saksh\AppData\Local\GitHubDesktop\bin;C:\Users\saksh\AppData\Roaming\Python\Python312\Scripts;C:\Program Files\Java\jdk-23\bin;C:\Users\saksh\AppData\Local\Programs\Ollama;C:\Users\saksh\AppData\Local\Programs\Microsoft VS Code\bin;C:\Program Files\Git\cmd;C:\flutter\bin;C:\Users\saksh\AppData\Roaming\npm;C:\Users\saksh\Desktop\InventoryManagementSystem\apache-maven-3.9.10\bin;C:\Program Files\Eclipse Adoptium\jdk-11.0.27.6-hotspot\bin;;.]
13-Jul-2025 08:15:01.278 INFO [main] org.apache.coyote.AbstractProtocol.init Initializing ProtocolHandler ["http-nio-8080"]
13-Jul-2025 08:15:01.902 INFO [main] org.apache.catalina.startup.Catalina.load Server initialization in [2313] milliseconds
13-Jul-2025 08:15:01.988 INFO [main] org.apache.catalina.core.StandardService.startInternal Starting service [Catalina]
13-Jul-2025 08:15:01.990 INFO [main] org.apache.catalina.core.StandardEngine.startInternal Starting Servlet engine: [Apache Tomcat/10.1.43]
13-Jul-2025 08:15:02.017 INFO [main] org.apache.catalina.startup.HostConfig.deployDirectory Deploying web application directory [C:\Users\saksh\Desktop\InventoryManagementSystem\apache-tomcat-10.1.43\webapps\docs]
13-Jul-2025 08:15:03.225 INFO [main] org.apache.jasper.servlet.TldScanner.scanJars At least one JAR was scanned for TLDs yet contained no TLDs. Enable debug logging for this logger for a complete list of JARs that were scanned but no TLDs were found in them. Skipping unneeded JARs during scanning can improve startup time and JSP compilation time.
13-Jul-2025 08:15:03.529 WARNING [main] org.apache.catalina.util.SessionIdGeneratorBase.createSecureRandom Creation of SecureRandom instance for session ID generation using [SHA1PRNG] took [254] milliseconds.
13-Jul-2025 08:15:03.625 INFO [main] org.apache.catalina.startup.HostConfig.deployDirectory Deployment of web application directory [C:\Users\saksh\Desktop\InventoryManagementSystem\apache-tomcat-10.1.43\webapps\docs] has finished in [1,605] ms
13-Jul-2025 08:15:03.625 INFO [main] org.apache.catalina.startup.HostConfig.deployDirectory Deploying web application directory [C:\Users\saksh\Desktop\InventoryManagementSystem\apache-tomcat-10.1.43\webapps\examples]
13-Jul-2025 08:15:04.588 INFO [main] org.apache.jasper.servlet.TldScanner.scanJars At least one JAR was scanned for TLDs yet contained no TLDs. Enable debug logging for this logger for a complete list of JARs that were scanned but no TLDs were found in them. Skipping unneeded JARs during scanning can improve startup time and JSP compilation time.
13-Jul-2025 08:15:04.703 INFO [main] org.apache.catalina.startup.HostConfig.deployDirectory Deployment of web application directory [C:\Users\saksh\Desktop\InventoryManagementSystem\apache-tomcat-10.1.43\webapps\examples] has finished in [1,078] ms
13-Jul-2025 08:15:04.703 INFO [main] org.apache.catalina.startup.HostConfig.deployDirectory Deploying web application directory [C:\Users\saksh\Desktop\InventoryManagementSystem\apache-tomcat-10.1.43\webapps\host-manager]
13-Jul-2025 08:15:05.119 INFO [main] org.apache.jasper.servlet.TldScanner.scanJars At least one JAR was scanned for TLDs yet contained no TLDs. Enable debug logging for this logger for a complete list of JARs that were scanned but no TLDs were found in them. Skipping unneeded JARs during scanning can improve startup time and JSP compilation time.
13-Jul-2025 08:15:05.136 INFO [main] org.apache.catalina.startup.HostConfig.deployDirectory Deployment of web application directory [C:\Users\saksh\Desktop\InventoryManagementSystem\apache-tomcat-10.1.43\webapps\host-manager] has finished in [433] ms
13-Jul-2025 08:15:05.136 INFO [main] org.apache.catalina.startup.HostConfig.deployDirectory Deploying web application directory [C:\Users\saksh\Desktop\InventoryManagementSystem\apache-tomcat-10.1.43\webapps\InventoryManagementSystem]
13-Jul-2025 08:15:05.198 SEVERE [main] org.apache.catalina.startup.HostConfig.deployDirectory Error deploying web application directory [C:\Users\saksh\Desktop\InventoryManagementSystem\apache-tomcat-10.1.43\webapps\InventoryManagementSystem]
	java.lang.IllegalStateException: Error starting child
		at org.apache.catalina.core.ContainerBase.addChildInternal(ContainerBase.java:602)
		at org.apache.catalina.core.ContainerBase.addChild(ContainerBase.java:571)
		at org.apache.catalina.core.StandardHost.addChild(StandardHost.java:654)
		at org.apache.catalina.startup.HostConfig.deployDirectory(HostConfig.java:1126)
		at org.apache.catalina.startup.HostConfig$DeployDirectory.run(HostConfig.java:1925)
		at java.base/java.util.concurrent.Executors$RunnableAdapter.call(Executors.java:515)
		at java.base/java.util.concurrent.FutureTask.run(FutureTask.java:264)
		at org.apache.tomcat.util.threads.InlineExecutorService.execute(InlineExecutorService.java:75)
		at java.base/java.util.concurrent.AbstractExecutorService.submit(AbstractExecutorService.java:118)
		at org.apache.catalina.startup.HostConfig.deployDirectories(HostConfig.java:1037)
		at org.apache.catalina.startup.HostConfig.deployApps(HostConfig.java:422)
		at org.apache.catalina.startup.HostConfig.start(HostConfig.java:1621)
		at org.apache.catalina.startup.HostConfig.lifecycleEvent(HostConfig.java:303)
		at org.apache.catalina.util.LifecycleBase.fireLifecycleEvent(LifecycleBase.java:109)
		at org.apache.catalina.util.LifecycleBase.setStateInternal(LifecycleBase.java:389)
		at org.apache.catalina.util.LifecycleBase.setState(LifecycleBase.java:336)
		at org.apache.catalina.core.ContainerBase.startInternal(ContainerBase.java:776)
		at org.apache.catalina.core.StandardHost.startInternal(StandardHost.java:772)
		at org.apache.catalina.util.LifecycleBase.start(LifecycleBase.java:164)
		at org.apache.catalina.core.ContainerBase$StartChild.call(ContainerBase.java:1203)
		at org.apache.catalina.core.ContainerBase$StartChild.call(ContainerBase.java:1193)
		at java.base/java.util.concurrent.FutureTask.run(FutureTask.java:264)
		at org.apache.tomcat.util.threads.InlineExecutorService.execute(InlineExecutorService.java:75)
		at java.base/java.util.concurrent.AbstractExecutorService.submit(AbstractExecutorService.java:140)
		at org.apache.catalina.core.ContainerBase.startInternal(ContainerBase.java:749)
		at org.apache.catalina.core.StandardEngine.startInternal(StandardEngine.java:203)
		at org.apache.catalina.util.LifecycleBase.start(LifecycleBase.java:164)
		at org.apache.catalina.core.StandardService.startInternal(StandardService.java:412)
		at org.apache.catalina.util.LifecycleBase.start(LifecycleBase.java:164)
		at org.apache.catalina.core.StandardServer.startInternal(StandardServer.java:870)
		at org.apache.catalina.util.LifecycleBase.start(LifecycleBase.java:164)
		at org.apache.catalina.startup.Catalina.start(Catalina.java:761)
		at java.base/jdk.internal.reflect.NativeMethodAccessorImpl.invoke0(Native Method)
		at java.base/jdk.internal.reflect.NativeMethodAccessorImpl.invoke(NativeMethodAccessorImpl.java:62)
		at java.base/jdk.internal.reflect.DelegatingMethodAccessorImpl.invoke(DelegatingMethodAccessorImpl.java:43)
		at java.base/java.lang.reflect.Method.invoke(Method.java:566)
		at org.apache.catalina.startup.Bootstrap.start(Bootstrap.java:345)
		at org.apache.catalina.startup.Bootstrap.main(Bootstrap.java:476)
	Caused by: org.apache.catalina.LifecycleException: Failed to start component [StandardEngine[Catalina].StandardHost[localhost].StandardContext[/InventoryManagementSystem]]
		at org.apache.catalina.util.LifecycleBase.handleSubClassException(LifecycleBase.java:406)
		at org.apache.catalina.util.LifecycleBase.start(LifecycleBase.java:179)
		at org.apache.catalina.core.ContainerBase.addChildInternal(ContainerBase.java:599)
		... 37 more
	Caused by: java.lang.IllegalArgumentException: The servlets named [LoginServlet] and [com.ims.servlet.LoginServlet] are both mapped to the url-pattern [/LoginServlet] which is not permitted
		at org.apache.tomcat.util.descriptor.web.WebXml.addServletMappingDecoded(WebXml.java:415)
		at org.apache.tomcat.util.descriptor.web.WebXml.addServletMapping(WebXml.java:406)
		at org.apache.catalina.startup.ContextConfig.processAnnotationWebServlet(ContextConfig.java:2547)
		at org.apache.catalina.startup.ContextConfig.processClass(ContextConfig.java:2253)
		at org.apache.catalina.startup.ContextConfig.processAnnotationsStream(ContextConfig.java:2242)
		at org.apache.catalina.startup.ContextConfig.processAnnotationsWebResource(ContextConfig.java:2153)
		at org.apache.catalina.startup.ContextConfig.processAnnotationsWebResource(ContextConfig.java:2148)
		at org.apache.catalina.startup.ContextConfig.processAnnotationsWebResource(ContextConfig.java:2148)
		at org.apache.catalina.startup.ContextConfig.processAnnotationsWebResource(ContextConfig.java:2148)
		at org.apache.catalina.startup.ContextConfig.processClasses(ContextConfig.java:1361)
		at org.apache.catalina.startup.ContextConfig.webConfig(ContextConfig.java:1271)
		at org.apache.catalina.startup.ContextConfig.configureStart(ContextConfig.java:972)
		at org.apache.catalina.startup.ContextConfig.lifecycleEvent(ContextConfig.java:290)
		at org.apache.catalina.util.LifecycleBase.fireLifecycleEvent(LifecycleBase.java:109)
		at org.apache.catalina.core.StandardContext.startInternal(StandardContext.java:4380)
		at org.apache.catalina.util.LifecycleBase.start(LifecycleBase.java:164)
		... 38 more
13-Jul-2025 08:15:05.216 INFO [main] org.apache.catalina.startup.HostConfig.deployDirectory Deployment of web application directory [C:\Users\saksh\Desktop\InventoryManagementSystem\apache-tomcat-10.1.43\webapps\InventoryManagementSystem] has finished in [78] ms
13-Jul-2025 08:15:05.216 INFO [main] org.apache.catalina.startup.HostConfig.deployDirectory Deploying web application directory [C:\Users\saksh\Desktop\InventoryManagementSystem\apache-tomcat-10.1.43\webapps\manager]
13-Jul-2025 08:15:05.658 INFO [main] org.apache.jasper.servlet.TldScanner.scanJars At least one JAR was scanned for TLDs yet contained no TLDs. Enable debug logging for this logger for a complete list of JARs that were scanned but no TLDs were found in them. Skipping unneeded JARs during scanning can improve startup time and JSP compilation time.
13-Jul-2025 08:15:05.669 INFO [main] org.apache.catalina.startup.HostConfig.deployDirectory Deployment of web application directory [C:\Users\saksh\Desktop\InventoryManagementSystem\apache-tomcat-10.1.43\webapps\manager] has finished in [453] ms
13-Jul-2025 08:15:05.669 INFO [main] org.apache.catalina.startup.HostConfig.deployDirectory Deploying web application directory [C:\Users\saksh\Desktop\InventoryManagementSystem\apache-tomcat-10.1.43\webapps\ROOT]
13-Jul-2025 08:15:06.025 INFO [main] org.apache.jasper.servlet.TldScanner.scanJars At least one JAR was scanned for TLDs yet contained no TLDs. Enable debug logging for this logger for a complete list of JARs that were scanned but no TLDs were found in them. Skipping unneeded JARs during scanning can improve startup time and JSP compilation time.
13-Jul-2025 08:15:06.032 INFO [main] org.apache.catalina.startup.HostConfig.deployDirectory Deployment of web application directory [C:\Users\saksh\Desktop\InventoryManagementSystem\apache-tomcat-10.1.43\webapps\ROOT] has finished in [363] ms
13-Jul-2025 08:15:06.040 INFO [main] org.apache.coyote.AbstractProtocol.start Starting ProtocolHandler ["http-nio-8080"]
13-Jul-2025 08:15:06.317 INFO [main] org.apache.catalina.startup.Catalina.start Server startup in [4414] milliseconds
13-Jul-2025 08:15:41.757 INFO [main] org.apache.catalina.startup.VersionLoggerListener.log Server version name:   Apache Tomcat/10.1.43
13-Jul-2025 08:15:41.763 INFO [main] org.apache.catalina.startup.VersionLoggerListener.log Server built:          Jul 1 2025 21:30:20 UTC
13-Jul-2025 08:15:41.764 INFO [main] org.apache.catalina.startup.VersionLoggerListener.log Server version number: 10.1.43.0
13-Jul-2025 08:15:41.765 INFO [main] org.apache.catalina.startup.VersionLoggerListener.log OS Name:               Windows 11
13-Jul-2025 08:15:41.765 INFO [main] org.apache.catalina.startup.VersionLoggerListener.log OS Version:            10.0
13-Jul-2025 08:15:41.765 INFO [main] org.apache.catalina.startup.VersionLoggerListener.log Architecture:          amd64
13-Jul-2025 08:15:41.765 INFO [main] org.apache.catalina.startup.VersionLoggerListener.log Java Home:             C:\Program Files\Java\jdk-11
13-Jul-2025 08:15:41.765 INFO [main] org.apache.catalina.startup.VersionLoggerListener.log JVM Version:           11.0.26+7-LTS-187
13-Jul-2025 08:15:41.765 INFO [main] org.apache.catalina.startup.VersionLoggerListener.log JVM Vendor:            Oracle Corporation
13-Jul-2025 08:15:41.765 INFO [main] org.apache.catalina.startup.VersionLoggerListener.log CATALINA_BASE:         C:\Users\saksh\Desktop\InventoryManagementSystem\apache-tomcat-10.1.43
13-Jul-2025 08:15:41.765 INFO [main] org.apache.catalina.startup.VersionLoggerListener.log CATALINA_HOME:         C:\Users\saksh\Desktop\InventoryManagementSystem\apache-tomcat-10.1.43
13-Jul-2025 08:15:41.786 INFO [main] org.apache.catalina.startup.VersionLoggerListener.log Command line argument: --add-opens=java.base/java.lang=ALL-UNNAMED
13-Jul-2025 08:15:41.786 INFO [main] org.apache.catalina.startup.VersionLoggerListener.log Command line argument: --add-opens=java.base/java.io=ALL-UNNAMED
13-Jul-2025 08:15:41.786 INFO [main] org.apache.catalina.startup.VersionLoggerListener.log Command line argument: --add-opens=java.base/java.util=ALL-UNNAMED
13-Jul-2025 08:15:41.786 INFO [main] org.apache.catalina.startup.VersionLoggerListener.log Command line argument: --add-opens=java.base/java.util.concurrent=ALL-UNNAMED
13-Jul-2025 08:15:41.786 INFO [main] org.apache.catalina.startup.VersionLoggerListener.log Command line argument: --add-opens=java.rmi/sun.rmi.transport=ALL-UNNAMED
13-Jul-2025 08:15:41.786 INFO [main] org.apache.catalina.startup.VersionLoggerListener.log Command line argument: -Dcatalina.home=C:\Users\saksh\Desktop\InventoryManagementSystem\apache-tomcat-10.1.43
13-Jul-2025 08:15:41.786 INFO [main] org.apache.catalina.startup.VersionLoggerListener.log Command line argument: -Dcatalina.base=C:\Users\saksh\Desktop\InventoryManagementSystem\apache-tomcat-10.1.43
13-Jul-2025 08:15:41.786 INFO [main] org.apache.catalina.startup.VersionLoggerListener.log Command line argument: -Djava.io.tmpdir=C:\Users\saksh\Desktop\InventoryManagementSystem\apache-tomcat-10.1.43\temp
13-Jul-2025 08:15:41.786 INFO [main] org.apache.catalina.startup.VersionLoggerListener.log Command line argument: -Djava.util.logging.config.file=C:\Users\saksh\Desktop\InventoryManagementSystem\apache-tomcat-10.1.43\conf\logging.properties
13-Jul-2025 08:15:41.786 INFO [main] org.apache.catalina.startup.VersionLoggerListener.log Command line argument: -Djava.util.logging.manager=org.apache.juli.ClassLoaderLogManager
13-Jul-2025 08:15:41.787 INFO [main] org.apache.catalina.startup.VersionLoggerListener.log Command line argument: -javaagent:C:\Program Files\JetBrains\IntelliJ IDEA Community Edition 2024.3.4.1\lib\idea_rt.jar=21492
13-Jul-2025 08:15:41.787 INFO [main] org.apache.catalina.startup.VersionLoggerListener.log Command line argument: -Dfile.encoding=UTF-8
13-Jul-2025 08:15:41.874 INFO [main] org.apache.catalina.core.AprLifecycleListener.lifecycleEvent The Apache Tomcat Native library which allows using OpenSSL was not found on the java.library.path: [C:\Program Files\Java\jdk-11\bin;C:\WINDOWS\Sun\Java\bin;C:\WINDOWS\system32;C:\WINDOWS;C:\Program Files\Eclipse Adoptium\jdk-11.0.27.6-hotspot\bin;C:\Program Files\Eclipse Adoptium\jre-17.0.15.6-hotspot\bin;C:\Program Files\Common Files\Oracle\Java\javapath;C:\Program Files (x86)\Common Files\Oracle\Java\java8path;C:\Program Files (x86)\Common Files\Oracle\Java\javapath;C:\Program Files\Java\jdk1.8.0_202

\bin;C:\Program Files\Java\jre1.8.0_431\bin;C:\Python312\Scripts\;C:\Python312\;C:\Python311\Scripts\;C:\Python311\;C:\WINDOWS\system32;C:\WINDOWS;C:\WINDOWS\System32\Wbem;C:\WINDOWS\System32\WindowsPowerShell\v1.0\;C:\WINDOWS\System32\OpenSSH\;C:\Program Files\dotnet\;C:\Users\saksh\Downloads;C:\Users\saksh\Downloads\ForwardNotifier-master\ForwardNotifier-master\ForwardNotifier Client Tools\Windows SSH Client tool;C:\Users\saksh\Downloads\app files\ForwardNotifier-master\ForwardNotifier-master\ForwardNotifier Client Tools\Windows SSH Client tool;C:\ProgramData\chocolatey\bin;C:\Android;C:\Windows\System32;C:\WINDOWS\system32;C:\WINDOWS;C:\WINDOWS\System32\Wbem;C:\WINDOWS\System32\WindowsPowerShell\v1.0\;C:\WINDOWS\System32\OpenSSH\;C:\Program Files\Calibre2\;C:\Program Files\nodejs\;C:\Program Files\HP\HP One Agent;C:\flutter;C:\Program Files\MySQL\MySQL Server 8.0\bin;C:\Program Files\Git\cmd;C:\Program Files\Git\cmd;C:\Windows\System32;C:\Windows;C:\Users\saksh\AppData\Local\Android\sdk\cmdline-tools\latest\bin;C:\Users\saksh\AppData\Local\Android\sdk\cmdline-tools\bin;C:\Users\saksh\Desktop\InventoryManagementSystem\apache-maven-3.9.10\bin;C:\Users\saksh\Desktop\InventoryManagementSystem\apache-maven-3.9.10\bin;C:\Program Files\MySQL\MySQL Shell 8.0\bin\;C:\Program Files\platform-tools;C:\Users\saksh\AppData\Local\Microsoft\WindowsApps;C:\Users\saksh\.dotnet\tools;C:\Program Files\JetBrains\PyCharm Community Edition 2022.1.2\bin;C:\Users\saksh\AppData\Local\spicetify;C:\Users\saksh\.dotnet\tools;C:\MinGW\bin;C:\Users\saksh\AppData\Local\Microsoft\WindowsApps;C:\Users\saksh\AppData\Roaming\npm;C:\flutter\bin;C:\Program Files\JetBrains\PyCharm Community Edition 2024.1.4\bin;C:\Users\saksh\AppData\Local\GitHubDesktop\bin;C:\Users\saksh\AppData\Roaming\Python\Python312\Scripts;C:\Program Files\Java\jdk-23\bin;C:\Users\saksh\AppData\Local\Programs\Ollama;C:\Users\saksh\AppData\Local\Programs\Microsoft VS Code\bin;C:\Program Files\Git\cmd;C:\flutter\bin;C:\Users\saksh\AppData\Roaming\npm;C:\Users\saksh\Desktop\InventoryManagementSystem\apache-maven-3.9.10\bin;C:\Program Files\Eclipse Adoptium\jdk-11.0.27.6-hotspot\bin;;.]
13-Jul-2025 08:15:43.022 INFO [main] org.apache.coyote.AbstractProtocol.init Initializing ProtocolHandler ["http-nio-8080"]
13-Jul-2025 08:15:43.042 SEVERE [main] org.apache.catalina.util.LifecycleBase.handleSubClassException Failed to initialize component [Connector["http-nio-8080"]]
	org.apache.catalina.LifecycleException: Protocol handler initialization failed
		at org.apache.catalina.connector.Connector.initInternal(Connector.java:1075)
		at org.apache.catalina.util.LifecycleBase.init(LifecycleBase.java:122)
		at org.apache.catalina.core.StandardService.initInternal(StandardService.java:522)
		at org.apache.catalina.util.LifecycleBase.init(LifecycleBase.java:122)
		at org.apache.catalina.core.StandardServer.initInternal(StandardServer.java:957)
		at org.apache.catalina.util.LifecycleBase.init(LifecycleBase.java:122)
		at org.apache.catalina.startup.Catalina.load(Catalina.java:712)
		at org.apache.catalina.startup.Catalina.load(Catalina.java:735)
		at java.base/jdk.internal.reflect.NativeMethodAccessorImpl.invoke0(Native Method)
		at java.base/jdk.internal.reflect.NativeMethodAccessorImpl.invoke(NativeMethodAccessorImpl.java:62)
		at java.base/jdk.internal.reflect.DelegatingMethodAccessorImpl.invoke(DelegatingMethodAccessorImpl.java:43)
		at java.base/java.lang.reflect.Method.invoke(Method.java:566)
		at org.apache.catalina.startup.Bootstrap.load(Bootstrap.java:302)
		at org.apache.catalina.startup.Bootstrap.main(Bootstrap.java:475)
	Caused by: java.net.BindException: Address already in use: bind
		at java.base/sun.nio.ch.Net.bind0(Native Method)
		at java.base/sun.nio.ch.Net.bind(Net.java:459)
		at java.base/sun.nio.ch.Net.bind(Net.java:448)
		at java.base/sun.nio.ch.ServerSocketChannelImpl.bind(ServerSocketChannelImpl.java:227)
		at org.apache.tomcat.util.net.NioEndpoint.initServerSocket(NioEndpoint.java:266)
		at org.apache.tomcat.util.net.NioEndpoint.bind(NioEndpoint.java:221)
		at org.apache.tomcat.util.net.AbstractEndpoint.bindWithCleanup(AbstractEndpoint.java:1399)
		at org.apache.tomcat.util.net.AbstractEndpoint.init(AbstractEndpoint.java:1412)
		at org.apache.coyote.AbstractProtocol.init(AbstractProtocol.java:633)
		at org.apache.coyote.http11.AbstractHttp11Protocol.init(AbstractHttp11Protocol.java:82)
		at org.apache.catalina.connector.Connector.initInternal(Connector.java:1073)
		... 13 more
13-Jul-2025 08:15:43.044 INFO [main] org.apache.catalina.startup.Catalina.load Server initialization in [2236] milliseconds
13-Jul-2025 08:15:43.149 INFO [main] org.apache.catalina.core.StandardService.startInternal Starting service [Catalina]
13-Jul-2025 08:15:43.150 INFO [main] org.apache.catalina.core.StandardEngine.startInternal Starting Servlet engine: [Apache Tomcat/10.1.43]
13-Jul-2025 08:15:43.172 INFO [main] org.apache.catalina.startup.HostConfig.deployDescriptor Deploying deployment descriptor [C:\Users\saksh\Desktop\InventoryManagementSystem\apache-tomcat-10.1.43\conf\Catalina\localhost\InventoryManagementSystem#index.html.xml]
13-Jul-2025 08:15:43.314 WARNING [main] org.apache.catalina.webresources.DirResourceSet.initInternal Disabled the global canonical file name cache to protect against CVE-2024-56337 when starting the WebResourceSet at [C:\Users\saksh\Desktop\InventoryManagementSystem\target\classes] which is part of the web application [/InventoryManagementSystem/index.html]
13-Jul-2025 08:15:45.368 INFO [main] org.apache.jasper.servlet.TldScanner.scanJars At least one JAR was scanned for TLDs yet contained no TLDs. Enable debug logging for this logger for a complete list of JARs that were scanned but no TLDs were found in them. Skipping unneeded JARs during scanning can improve startup time and JSP compilation time.
13-Jul-2025 08:15:45.733 WARNING [main] org.apache.catalina.util.SessionIdGeneratorBase.createSecureRandom Creation of SecureRandom instance for session ID generation using [SHA1PRNG] took [241] milliseconds.
13-Jul-2025 08:15:45.769 INFO [main] org.apache.catalina.startup.HostConfig.deployDescriptor Deployment of deployment descriptor [C:\Users\saksh\Desktop\InventoryManagementSystem\apache-tomcat-10.1.43\conf\Catalina\localhost\InventoryManagementSystem#index.html.xml] has finished in [2,596] ms
13-Jul-2025 08:15:45.770 INFO [main] org.apache.catalina.startup.HostConfig.deployDirectory Deploying web application directory [C:\Users\saksh\Desktop\InventoryManagementSystem\apache-tomcat-10.1.43\webapps\docs]
13-Jul-2025 08:15:46.082 INFO [Catalina-utility-1] org.apache.catalina.startup.HostConfig.deployDescriptor Deploying deployment descriptor [C:\Users\saksh\Desktop\InventoryManagementSystem\apache-tomcat-10.1.43\conf\Catalina\localhost\InventoryManagementSystem#index.html.xml]
13-Jul-2025 08:15:46.411 INFO [main] org.apache.jasper.servlet.TldScanner.scanJars At least one JAR was scanned for TLDs yet contained no TLDs. Enable debug logging for this logger for a complete list of JARs that were scanned but no TLDs were found in them. Skipping unneeded JARs during scanning can improve startup time and JSP compilation time.
13-Jul-2025 08:15:46.417 INFO [main] org.apache.catalina.startup.HostConfig.deployDirectory Deployment of web application directory [C:\Users\saksh\Desktop\InventoryManagementSystem\apache-tomcat-10.1.43\webapps\docs] has finished in [646] ms
13-Jul-2025 08:15:46.417 INFO [main] org.apache.catalina.startup.HostConfig.deployDirectory Deploying web application directory [C:\Users\saksh\Desktop\InventoryManagementSystem\apache-tomcat-10.1.43\webapps\examples]
13-Jul-2025 08:15:47.898 INFO [Catalina-utility-1] org.apache.jasper.servlet.TldScanner.scanJars At least one JAR was scanned for TLDs yet contained no TLDs. Enable debug logging for this logger for a complete list of JARs that were scanned but no TLDs were found in them. Skipping unneeded JARs during scanning can improve startup time and JSP compilation time.
13-Jul-2025 08:15:47.999 INFO [main] org.apache.jasper.servlet.TldScanner.scanJars At least one JAR was scanned for TLDs yet contained no TLDs. Enable debug logging for this logger for a complete list of JARs that were scanned but no TLDs were found in them. Skipping unneeded JARs during scanning can improve startup time and JSP compilation time.
13-Jul-2025 08:15:48.018 INFO [Catalina-utility-1] org.apache.catalina.startup.HostConfig.deployDescriptor Deployment of deployment descriptor [C:\Users\saksh\Desktop\InventoryManagementSystem\apache-tomcat-10.1.43\conf\Catalina\localhost\InventoryManagementSystem#index.html.xml] has finished in [1,937] ms
13-Jul-2025 08:15:48.111 INFO [main] org.apache.catalina.startup.HostConfig.deployDirectory Deployment of web application directory [C:\Users\saksh\Desktop\InventoryManagementSystem\apache-tomcat-10.1.43\webapps\examples] has finished in [1,694] ms
13-Jul-2025 08:15:48.113 INFO [main] org.apache.catalina.startup.HostConfig.deployDirectory Deploying web application directory [C:\Users\saksh\Desktop\InventoryManagementSystem\apache-tomcat-10.1.43\webapps\host-manager]
13-Jul-2025 08:15:48.513 INFO [main] org.apache.jasper.servlet.TldScanner.scanJars At least one JAR was scanned for TLDs yet contained no TLDs. Enable debug logging for this logger for a complete list of JARs that were scanned but no TLDs were found in them. Skipping unneeded JARs during scanning can improve startup time and JSP compilation time.
13-Jul-2025 08:15:48.524 INFO [main] org.apache.catalina.startup.HostConfig.deployDirectory Deployment of web application directory [C:\Users\saksh\Desktop\InventoryManagementSystem\apache-tomcat-10.1.43\webapps\host-manager] has finished in [410] ms
13-Jul-2025 08:15:48.524 INFO [main] org.apache.catalina.startup.HostConfig.deployDirectory Deploying web application directory [C:\Users\saksh\Desktop\InventoryManagementSystem\apache-tomcat-10.1.43\webapps\InventoryManagementSystem]
13-Jul-2025 08:15:48.586 SEVERE [main] org.apache.catalina.startup.HostConfig.deployDirectory Error deploying web application directory [C:\Users\saksh\Desktop\InventoryManagementSystem\apache-tomcat-10.1.43\webapps\InventoryManagementSystem]
	java.lang.IllegalStateException: Error starting child
		at org.apache.catalina.core.ContainerBase.addChildInternal(ContainerBase.java:602)
		at org.apache.catalina.core.ContainerBase.addChild(ContainerBase.java:571)
		at org.apache.catalina.core.StandardHost.addChild(StandardHost.java:654)
		at org.apache.catalina.startup.HostConfig.deployDirectory(HostConfig.java:1126)
		at org.apache.catalina.startup.HostConfig$DeployDirectory.run(HostConfig.java:1925)
		at java.base/java.util.concurrent.Executors$RunnableAdapter.call(Executors.java:515)
		at java.base/java.util.concurrent.FutureTask.run(FutureTask.java:264)
		at org.apache.tomcat.util.threads.InlineExecutorService.execute(InlineExecutorService.java:75)
		at java.base/java.util.concurrent.AbstractExecutorService.submit(AbstractExecutorService.java:118)
		at org.apache.catalina.startup.HostConfig.deployDirectories(HostConfig.java:1037)
		at org.apache.catalina.startup.HostConfig.deployApps(HostConfig.java:422)
		at org.apache.catalina.startup.HostConfig.start(HostConfig.java:1621)
		at org.apache.catalina.startup.HostConfig.lifecycleEvent(HostConfig.java:303)
		at org.apache.catalina.util.LifecycleBase.fireLifecycleEvent(LifecycleBase.java:109)
		at org.apache.catalina.util.LifecycleBase.setStateInternal(LifecycleBase.java:389)
		at org.apache.catalina.util.LifecycleBase.setState(LifecycleBase.java:336)
		at org.apache.catalina.core.ContainerBase.startInternal(ContainerBase.java:776)
		at org.apache.catalina.core.StandardHost.startInternal(StandardHost.java:772)
		at org.apache.catalina.util.LifecycleBase.start(LifecycleBase.java:164)
		at org.apache.catalina.core.ContainerBase$StartChild.call(ContainerBase.java:1203)
		at org.apache.catalina.core.ContainerBase$StartChild.call(ContainerBase.java:1193)
		at java.base/java.util.concurrent.FutureTask.run(FutureTask.java:264)
		at org.apache.tomcat.util.threads.InlineExecutorService.execute(InlineExecutorService.java:75)
		at java.base/java.util.concurrent.AbstractExecutorService.submit(AbstractExecutorService.java:140)
		at org.apache.catalina.core.ContainerBase.startInternal(ContainerBase.java:749)
		at org.apache.catalina.core.StandardEngine.startInternal(StandardEngine.java:203)
		at org.apache.catalina.util.LifecycleBase.start(LifecycleBase.java:164)
		at org.apache.catalina.core.StandardService.startInternal(StandardService.java:412)
		at org.apache.catalina.util.LifecycleBase.start(LifecycleBase.java:164)
		at org.apache.catalina.core.StandardServer.startInternal(StandardServer.java:870)
		at org.apache.catalina.util.LifecycleBase.start(LifecycleBase.java:164)
		at org.apache.catalina.startup.Catalina.start(Catalina.java:761)
		at java.base/jdk.internal.reflect.NativeMethodAccessorImpl.invoke0(Native Method)
		at java.base/jdk.internal.reflect.NativeMethodAccessorImpl.invoke(NativeMethodAccessorImpl.java:62)
		at java.base/jdk.internal.reflect.DelegatingMethodAccessorImpl.invoke(DelegatingMethodAccessorImpl.java:43)
		at java.base/java.lang.reflect.Method.invoke(Method.java:566)
		at org.apache.catalina.startup.Bootstrap.start(Bootstrap.java:345)
		at org.apache.catalina.startup.Bootstrap.main(Bootstrap.java:476)
	Caused by: org.apache.catalina.LifecycleException: Failed to start component [StandardEngine[Catalina].StandardHost[localhost].StandardContext[/InventoryManagementSystem]]
		at org.apache.catalina.util.LifecycleBase.handleSubClassException(LifecycleBase.java:406)
		at org.apache.catalina.util.LifecycleBase.start(LifecycleBase.java:179)
		at org.apache.catalina.core.ContainerBase.addChildInternal(ContainerBase.java:599)
		... 37 more
	Caused by: java.lang.IllegalArgumentException: The servlets named [LoginServlet] and [com.ims.servlet.LoginServlet] are both mapped to the url-pattern [/LoginServlet] which is not permitted
		at org.apache.tomcat.util.descriptor.web.WebXml.addServletMappingDecoded(WebXml.java:415)
		at org.apache.tomcat.util.descriptor.web.WebXml.addServletMapping(WebXml.java:406)
		at org.apache.catalina.startup.ContextConfig.processAnnotationWebServlet(ContextConfig.java:2547)
		at org.apache.catalina.startup.ContextConfig.processClass(ContextConfig.java:2253)
		at org.apache.catalina.startup.ContextConfig.processAnnotationsStream(ContextConfig.java:2242)
		at org.apache.catalina.startup.ContextConfig.processAnnotationsWebResource(ContextConfig.java:2153)
		at org.apache.catalina.startup.ContextConfig.processAnnotationsWebResource(ContextConfig.java:2148)
		at org.apache.catalina.startup.ContextConfig.processAnnotationsWebResource(ContextConfig.java:2148)
		at org.apache.catalina.startup.ContextConfig.processAnnotationsWebResource(ContextConfig.java:2148)
		at org.apache.catalina.startup.ContextConfig.processClasses(ContextConfig.java:1361)
		at org.apache.catalina.startup.ContextConfig.webConfig(ContextConfig.java:1271)
		at org.apache.catalina.startup.ContextConfig.configureStart(ContextConfig.java:972)
		at org.apache.catalina.startup.ContextConfig.lifecycleEvent(ContextConfig.java:290)
		at org.apache.catalina.util.LifecycleBase.fireLifecycleEvent(LifecycleBase.java:109)
		at org.apache.catalina.core.StandardContext.startInternal(StandardContext.java:4380)
		at org.apache.catalina.util.LifecycleBase.start(LifecycleBase.java:164)
		... 38 more
13-Jul-2025 08:15:48.590 INFO [main] org.apache.catalina.startup.HostConfig.deployDirectory Deployment of web application directory [C:\Users\saksh\Desktop\InventoryManagementSystem\apache-tomcat-10.1.43\webapps\InventoryManagementSystem] has finished in [66] ms
13-Jul-2025 08:15:48.590 INFO [main] org.apache.catalina.startup.HostConfig.deployDirectory Deploying web application directory [C:\Users\saksh\Desktop\InventoryManagementSystem\apache-tomcat-10.1.43\webapps\manager]
13-Jul-2025 08:15:49.003 INFO [main] org.apache.jasper.servlet.TldScanner.scanJars At least one JAR was scanned for TLDs yet contained no TLDs. Enable debug logging for this logger for a complete list of JARs that were scanned but no TLDs were found in them. Skipping unneeded JARs during scanning can improve startup time and JSP compilation time.
13-Jul-2025 08:15:49.009 INFO [main] org.apache.catalina.startup.HostConfig.deployDirectory Deployment of web application directory [C:\Users\saksh\Desktop\InventoryManagementSystem\apache-tomcat-10.1.43\webapps\manager] has finished in [417] ms
13-Jul-2025 08:15:49.009 INFO [main] org.apache.catalina.startup.HostConfig.deployDirectory Deploying web application directory [C:\Users\saksh\Desktop\InventoryManagementSystem\apache-tomcat-10.1.43\webapps\ROOT]
13-Jul-2025 08:15:49.402 INFO [main] org.apache.jasper.servlet.TldScanner.scanJars At least one JAR was scanned for TLDs yet contained no TLDs. Enable debug logging for this logger for a complete list of JARs that were scanned but no TLDs were found in them. Skipping unneeded JARs during scanning can improve startup time and JSP compilation time.
13-Jul-2025 08:15:49.406 INFO [main] org.apache.catalina.startup.HostConfig.deployDirectory Deployment of web application directory [C:\Users\saksh\Desktop\InventoryManagementSystem\apache-tomcat-10.1.43\webapps\ROOT] has finished in [397] ms
13-Jul-2025 08:15:49.413 INFO [main] org.apache.catalina.startup.Catalina.start Server startup in [6368] milliseconds
13-Jul-2025 08:15:49.428 SEVERE [main] org.apache.catalina.core.StandardServer.await Failed to create server shutdown socket on address [localhost] and port [8005] (base port [8005] and offset [0])
	java.net.BindException: Address already in use: NET_Bind
		at java.base/java.net.PlainSocketImpl.bind0(Native Method)
		at java.base/java.net.PlainSocketImpl.socketBind(PlainSocketImpl.java:132)
		at java.base/java.net.AbstractPlainSocketImpl.bind(AbstractPlainSocketImpl.java:452)
		at java.base/java.net.ServerSocket.bind(ServerSocket.java:381)
		at java.base/java.net.ServerSocket.<init>(ServerSocket.java:243)
		at org.apache.catalina.core.StandardServer.await(StandardServer.java:533)
		at org.apache.catalina.startup.Catalina.await(Catalina.java:851)
		at org.apache.catalina.startup.Catalina.start(Catalina.java:799)
		at java.base/jdk.internal.reflect.NativeMethodAccessorImpl.invoke0(Native Method)
		at java.base/jdk.internal.reflect.NativeMethodAccessorImpl.invoke(NativeMethodAccessorImpl.java:62)
		at java.base/jdk.internal.reflect.DelegatingMethodAccessorImpl.invoke(DelegatingMethodAccessorImpl.java:43)
		at java.base/java.lang.reflect.Method.invoke(Method.java:566)
		at org.apache.catalina.startup.Bootstrap.start(Bootstrap.java:345)
		at org.apache.catalina.startup.Bootstrap.main(Bootstrap.java:476)
13-Jul-2025 08:15:49.429 INFO [main] org.apache.coyote.AbstractProtocol.pause Pausing ProtocolHandler ["http-nio-8080"]
13-Jul-2025 08:15:49.429 INFO [main] org.apache.catalina.core.StandardService.stopInternal Stopping service [Catalina]
13-Jul-2025 08:15:49.477 WARNING [main] org.apache.catalina.loader.WebappClassLoaderBase.clearReferencesThreads The web application [InventoryManagementSystem#index.html] appears to have started a thread named [mysql-cj-abandoned-connection-cleanup] but has failed to stop it. This is very likely to create a memory leak. Stack trace of thread:
 java.base@11.0.26/java.io.WinNTFileSystem.canonicalize0(Native Method)
 java.base@11.0.26/java.io.WinNTFileSystem.canonicalize(WinNTFileSystem.java:459)
 java.base@11.0.26/java.io.File.getCanonicalPath(File.java:626)
 org.apache.catalina.webresources.AbstractFileResourceSet.file(AbstractFileResourceSet.java:108)
 org.apache.catalina.webresources.DirResourceSet.getResource(DirResourceSet.java:114)
 org.apache.catalina.webresources.StandardRoot.getResourceInternal(StandardRoot.java:273)
 org.apache.catalina.webresources.CachedResource.validateResource(CachedResource.java:108)
 org.apache.catalina.webresources.Cache.getResource(Cache.java:96)
 org.apache.catalina.webresources.StandardRoot.getResource(StandardRoot.java:212)
 org.apache.catalina.webresources.StandardRoot.getClassLoaderResource(StandardRoot.java:221)
 org.apache.catalina.loader.WebappClassLoaderBase.findResource(WebappClassLoaderBase.java:893)
 org.apache.catalina.loader.WebappClassLoaderBase.getResource(WebappClassLoaderBase.java:1008)
 com.mysql.cj.jdbc.AbandonedConnectionCleanupThread.checkThreadContextClassLoader(AbandonedConnectionCleanupThread.java:123)
 com.mysql.cj.jdbc.AbandonedConnectionCleanupThread.run(AbandonedConnectionCleanupThread.java:90)
 java.base@11.0.26/java.util.concurrent.ThreadPoolExecutor.runWorker(ThreadPoolExecutor.java:1128)
 java.base@11.0.26/java.util.concurrent.ThreadPoolExecutor$Worker.run(ThreadPoolExecutor.java:628)
 java.base@11.0.26/java.lang.Thread.run(Thread.java:834)
13-Jul-2025 08:15:49.486 INFO [main] org.apache.coyote.AbstractProtocol.stop Stopping ProtocolHandler ["http-nio-8080"]
13-Jul-2025 08:15:49.489 INFO [main] org.apache.coyote.AbstractProtocol.destroy Destroying ProtocolHandler ["http-nio-8080"]
13-Jul-2025 08:15:58.519 INFO [main] org.apache.catalina.startup.VersionLoggerListener.log Server version name:   Apache Tomcat/10.1.43
13-Jul-2025 08:15:58.527 INFO [main] org.apache.catalina.startup.VersionLoggerListener.log Server built:          Jul 1 2025 21:30:20 UTC
13-Jul-2025 08:15:58.527 INFO [main] org.apache.catalina.startup.VersionLoggerListener.log Server version number: 10.1.43.0
13-Jul-2025 08:15:58.527 INFO [main] org.apache.catalina.startup.VersionLoggerListener.log OS Name:               Windows 11
13-Jul-2025 08:15:58.528 INFO [main] org.apache.catalina.startup.VersionLoggerListener.log OS Version:            10.0
13-Jul-2025 08:15:58.528 INFO [main] org.apache.catalina.startup.VersionLoggerListener.log Architecture:          amd64
13-Jul-2025 08:15:58.528 INFO [main] org.apache.catalina.startup.VersionLoggerListener.log Java Home:             C:\Program Files\Java\jdk-11
13-Jul-2025 08:15:58.528 INFO [main] org.apache.catalina.startup.VersionLoggerListener.log JVM Version:           11.0.26+7-LTS-187
13-Jul-2025 08:15:58.528 INFO [main] org.apache.catalina.startup.VersionLoggerListener.log JVM Vendor:            Oracle Corporation
13-Jul-2025 08:15:58.528 INFO [main] org.apache.catalina.startup.VersionLoggerListener.log CATALINA_BASE:         C:\Users\saksh\Desktop\InventoryManagementSystem\apache-tomcat-10.1.43
13-Jul-2025 08:15:58.528 INFO [main] org.apache.catalina.startup.VersionLoggerListener.log CATALINA_HOME:         C:\Users\saksh\Desktop\InventoryManagementSystem\apache-tomcat-10.1.43
13-Jul-2025 08:15:58.546 INFO [main] org.apache.catalina.startup.VersionLoggerListener.log Command line argument: --add-opens=java.base/java.lang=ALL-UNNAMED
13-Jul-2025 08:15:58.547 INFO [main] org.apache.catalina.startup.VersionLoggerListener.log Command line argument: --add-opens=java.base/java.io=ALL-UNNAMED
13-Jul-2025 08:15:58.547 INFO [main] org.apache.catalina.startup.VersionLoggerListener.log Command line argument: --add-opens=java.base/java.util=ALL-UNNAMED
13-Jul-2025 08:15:58.547 INFO [main] org.apache.catalina.startup.VersionLoggerListener.log Command line argument: --add-opens=java.base/java.util.concurrent=ALL-UNNAMED
13-Jul-2025 08:15:58.547 INFO [main] org.apache.catalina.startup.VersionLoggerListener.log Command line argument: --add-opens=java.rmi/sun.rmi.transport=ALL-UNNAMED
13-Jul-2025 08:15:58.547 INFO [main] org.apache.catalina.startup.VersionLoggerListener.log Command line argument: -Dcatalina.home=C:\Users\saksh\Desktop\InventoryManagementSystem\apache-tomcat-10.1.43
13-Jul-2025 08:15:58.547 INFO [main] org.apache.catalina.startup.VersionLoggerListener.log Command line argument: -Dcatalina.base=C:\Users\saksh\Desktop\InventoryManagementSystem\apache-tomcat-10.1.43
13-Jul-2025 08:15:58.547 INFO [main] org.apache.catalina.startup.VersionLoggerListener.log Command line argument: -Djava.io.tmpdir=C:\Users\saksh\Desktop\InventoryManagementSystem\apache-tomcat-10.1.43\temp
13-Jul-2025 08:15:58.547 INFO [main] org.apache.catalina.startup.VersionLoggerListener.log Command line argument: -Djava.util.logging.config.file=C:\Users\saksh\Desktop\InventoryManagementSystem\apache-tomcat-10.1.43\conf\logging.properties
13-Jul-2025 08:15:58.547 INFO [main] org.apache.catalina.startup.VersionLoggerListener.log Command line argument: -Djava.util.logging.manager=org.apache.juli.ClassLoaderLogManager
13-Jul-2025 08:15:58.547 INFO [main] org.apache.catalina.startup.VersionLoggerListener.log Command line argument: -javaagent:C:\Program Files\JetBrains\IntelliJ IDEA Community Edition 2024.3.4.1\lib\idea_rt.jar=21500
13-Jul-2025 08:15:58.548 INFO [main] org.apache.catalina.startup.VersionLoggerListener.log Command line argument: -Dfile.encoding=UTF-8
13-Jul-2025 08:15:58.573 INFO [main] org.apache.catalina.core.AprLifecycleListener.lifecycleEvent The Apache Tomcat Native library which allows using OpenSSL was not found on the java.library.path: [C:\Program Files\Java\jdk-11\bin;C:\WINDOWS\Sun\Java\bin;C:\WINDOWS\system32;C:\WINDOWS;C:\Program Files\Eclipse Adoptium\jdk-11.0.27.6-hotspot\bin;C:\Program Files\Eclipse Adoptium\jre-17.0.15.6-hotspot\bin;C:\Program Files\Common Files\Oracle\Java\javapath;C:\Program Files (x86)\Common Files\Oracle\Java\java8path;C:\Program Files (x86)\Common Files\Oracle\Java\javapath;C:\Program Files\Java\jdk1.8.0_202

\bin;C:\Program Files\Java\jre1.8.0_431\bin;C:\Python312\Scripts\;C:\Python312\;C:\Python311\Scripts\;C:\Python311\;C:\WINDOWS\system32;C:\WINDOWS;C:\WINDOWS\System32\Wbem;C:\WINDOWS\System32\WindowsPowerShell\v1.0\;C:\WINDOWS\System32\OpenSSH\;C:\Program Files\dotnet\;C:\Users\saksh\Downloads;C:\Users\saksh\Downloads\ForwardNotifier-master\ForwardNotifier-master\ForwardNotifier Client Tools\Windows SSH Client tool;C:\Users\saksh\Downloads\app files\ForwardNotifier-master\ForwardNotifier-master\ForwardNotifier Client Tools\Windows SSH Client tool;C:\ProgramData\chocolatey\bin;C:\Android;C:\Windows\System32;C:\WINDOWS\system32;C:\WINDOWS;C:\WINDOWS\System32\Wbem;C:\WINDOWS\System32\WindowsPowerShell\v1.0\;C:\WINDOWS\System32\OpenSSH\;C:\Program Files\Calibre2\;C:\Program Files\nodejs\;C:\Program Files\HP\HP One Agent;C:\flutter;C:\Program Files\MySQL\MySQL Server 8.0\bin;C:\Program Files\Git\cmd;C:\Program Files\Git\cmd;C:\Windows\System32;C:\Windows;C:\Users\saksh\AppData\Local\Android\sdk\cmdline-tools\latest\bin;C:\Users\saksh\AppData\Local\Android\sdk\cmdline-tools\bin;C:\Users\saksh\Desktop\InventoryManagementSystem\apache-maven-3.9.10\bin;C:\Users\saksh\Desktop\InventoryManagementSystem\apache-maven-3.9.10\bin;C:\Program Files\MySQL\MySQL Shell 8.0\bin\;C:\Program Files\platform-tools;C:\Users\saksh\AppData\Local\Microsoft\WindowsApps;C:\Users\saksh\.dotnet\tools;C:\Program Files\JetBrains\PyCharm Community Edition 2022.1.2\bin;C:\Users\saksh\AppData\Local\spicetify;C:\Users\saksh\.dotnet\tools;C:\MinGW\bin;C:\Users\saksh\AppData\Local\Microsoft\WindowsApps;C:\Users\saksh\AppData\Roaming\npm;C:\flutter\bin;C:\Program Files\JetBrains\PyCharm Community Edition 2024.1.4\bin;C:\Users\saksh\AppData\Local\GitHubDesktop\bin;C:\Users\saksh\AppData\Roaming\Python\Python312\Scripts;C:\Program Files\Java\jdk-23\bin;C:\Users\saksh\AppData\Local\Programs\Ollama;C:\Users\saksh\AppData\Local\Programs\Microsoft VS Code\bin;C:\Program Files\Git\cmd;C:\flutter\bin;C:\Users\saksh\AppData\Roaming\npm;C:\Users\saksh\Desktop\InventoryManagementSystem\apache-maven-3.9.10\bin;C:\Program Files\Eclipse Adoptium\jdk-11.0.27.6-hotspot\bin;;.]
13-Jul-2025 08:15:59.040 INFO [main] org.apache.coyote.AbstractProtocol.init Initializing ProtocolHandler ["http-nio-8080"]
13-Jul-2025 08:15:59.065 SEVERE [main] org.apache.catalina.util.LifecycleBase.handleSubClassException Failed to initialize component [Connector["http-nio-8080"]]
	org.apache.catalina.LifecycleException: Protocol handler initialization failed
		at org.apache.catalina.connector.Connector.initInternal(Connector.java:1075)
		at org.apache.catalina.util.LifecycleBase.init(LifecycleBase.java:122)
		at org.apache.catalina.core.StandardService.initInternal(StandardService.java:522)
		at org.apache.catalina.util.LifecycleBase.init(LifecycleBase.java:122)
		at org.apache.catalina.core.StandardServer.initInternal(StandardServer.java:957)
		at org.apache.catalina.util.LifecycleBase.init(LifecycleBase.java:122)
		at org.apache.catalina.startup.Catalina.load(Catalina.java:712)
		at org.apache.catalina.startup.Catalina.load(Catalina.java:735)
		at java.base/jdk.internal.reflect.NativeMethodAccessorImpl.invoke0(Native Method)
		at java.base/jdk.internal.reflect.NativeMethodAccessorImpl.invoke(NativeMethodAccessorImpl.java:62)
		at java.base/jdk.internal.reflect.DelegatingMethodAccessorImpl.invoke(DelegatingMethodAccessorImpl.java:43)
		at java.base/java.lang.reflect.Method.invoke(Method.java:566)
		at org.apache.catalina.startup.Bootstrap.load(Bootstrap.java:302)
		at org.apache.catalina.startup.Bootstrap.main(Bootstrap.java:475)
	Caused by: java.net.BindException: Address already in use: bind
		at java.base/sun.nio.ch.Net.bind0(Native Method)
		at java.base/sun.nio.ch.Net.bind(Net.java:459)
		at java.base/sun.nio.ch.Net.bind(Net.java:448)
		at java.base/sun.nio.ch.ServerSocketChannelImpl.bind(ServerSocketChannelImpl.java:227)
		at org.apache.tomcat.util.net.NioEndpoint.initServerSocket(NioEndpoint.java:266)
		at org.apache.tomcat.util.net.NioEndpoint.bind(NioEndpoint.java:221)
		at org.apache.tomcat.util.net.AbstractEndpoint.bindWithCleanup(AbstractEndpoint.java:1399)
		at org.apache.tomcat.util.net.AbstractEndpoint.init(AbstractEndpoint.java:1412)
		at org.apache.coyote.AbstractProtocol.init(AbstractProtocol.java:633)
		at org.apache.coyote.http11.AbstractHttp11Protocol.init(AbstractHttp11Protocol.java:82)
		at org.apache.catalina.connector.Connector.initInternal(Connector.java:1073)
		... 13 more
13-Jul-2025 08:15:59.066 INFO [main] org.apache.catalina.startup.Catalina.load Server initialization in [898] milliseconds
13-Jul-2025 08:15:59.184 INFO [main] org.apache.catalina.core.StandardService.startInternal Starting service [Catalina]
13-Jul-2025 08:15:59.185 INFO [main] org.apache.catalina.core.StandardEngine.startInternal Starting Servlet engine: [Apache Tomcat/10.1.43]
13-Jul-2025 08:15:59.220 INFO [main] org.apache.catalina.startup.HostConfig.deployDescriptor Deploying deployment descriptor [C:\Users\saksh\Desktop\InventoryManagementSystem\apache-tomcat-10.1.43\conf\Catalina\localhost\InventoryManagementSystem#index.html.xml]
13-Jul-2025 08:15:59.436 WARNING [main] org.apache.catalina.webresources.DirResourceSet.initInternal Disabled the global canonical file name cache to protect against CVE-2024-56337 when starting the WebResourceSet at [C:\Users\saksh\Desktop\InventoryManagementSystem\target\classes] which is part of the web application [/InventoryManagementSystem/index.html]
13-Jul-2025 08:16:01.595 INFO [main] org.apache.jasper.servlet.TldScanner.scanJars At least one JAR was scanned for TLDs yet contained no TLDs. Enable debug logging for this logger for a complete list of JARs that were scanned but no TLDs were found in them. Skipping unneeded JARs during scanning can improve startup time and JSP compilation time.
13-Jul-2025 08:16:01.942 WARNING [main] org.apache.catalina.util.SessionIdGeneratorBase.createSecureRandom Creation of SecureRandom instance for session ID generation using [SHA1PRNG] took [245] milliseconds.
13-Jul-2025 08:16:01.971 INFO [main] org.apache.catalina.startup.HostConfig.deployDescriptor Deployment of deployment descriptor [C:\Users\saksh\Desktop\InventoryManagementSystem\apache-tomcat-10.1.43\conf\Catalina\localhost\InventoryManagementSystem#index.html.xml] has finished in [2,752] ms
13-Jul-2025 08:16:01.972 INFO [main] org.apache.catalina.startup.HostConfig.deployDirectory Deploying web application directory [C:\Users\saksh\Desktop\InventoryManagementSystem\apache-tomcat-10.1.43\webapps\docs]
13-Jul-2025 08:16:02.375 INFO [main] org.apache.jasper.servlet.TldScanner.scanJars At least one JAR was scanned for TLDs yet contained no TLDs. Enable debug logging for this logger for a complete list of JARs that were scanned but no TLDs were found in them. Skipping unneeded JARs during scanning can improve startup time and JSP compilation time.
13-Jul-2025 08:16:02.380 INFO [main] org.apache.catalina.startup.HostConfig.deployDirectory Deployment of web application directory [C:\Users\saksh\Desktop\InventoryManagementSystem\apache-tomcat-10.1.43\webapps\docs] has finished in [407] ms
13-Jul-2025 08:16:02.380 INFO [main] org.apache.catalina.startup.HostConfig.deployDirectory Deploying web application directory [C:\Users\saksh\Desktop\InventoryManagementSystem\apache-tomcat-10.1.43\webapps\examples]
13-Jul-2025 08:16:03.239 INFO [main] org.apache.jasper.servlet.TldScanner.scanJars At least one JAR was scanned for TLDs yet contained no TLDs. Enable debug logging for this logger for a complete list of JARs that were scanned but no TLDs were found in them. Skipping unneeded JARs during scanning can improve startup time and JSP compilation time.
13-Jul-2025 08:16:03.350 INFO [main] org.apache.catalina.startup.HostConfig.deployDirectory Deployment of web application directory [C:\Users\saksh\Desktop\InventoryManagementSystem\apache-tomcat-10.1.43\webapps\examples] has finished in [969] ms
13-Jul-2025 08:16:03.350 INFO [main] org.apache.catalina.startup.HostConfig.deployDirectory Deploying web application directory [C:\Users\saksh\Desktop\InventoryManagementSystem\apache-tomcat-10.1.43\webapps\host-manager]
13-Jul-2025 08:16:03.799 INFO [main] org.apache.jasper.servlet.TldScanner.scanJars At least one JAR was scanned for TLDs yet contained no TLDs. Enable debug logging for this logger for a complete list of JARs that were scanned but no TLDs were found in them. Skipping unneeded JARs during scanning can improve startup time and JSP compilation time.
13-Jul-2025 08:16:03.810 INFO [main] org.apache.catalina.startup.HostConfig.deployDirectory Deployment of web application directory [C:\Users\saksh\Desktop\InventoryManagementSystem\apache-tomcat-10.1.43\webapps\host-manager] has finished in [460] ms
13-Jul-2025 08:16:03.810 INFO [main] org.apache.catalina.startup.HostConfig.deployDirectory Deploying web application directory [C:\Users\saksh\Desktop\InventoryManagementSystem\apache-tomcat-10.1.43\webapps\InventoryManagementSystem]
13-Jul-2025 08:16:03.852 SEVERE [main] org.apache.catalina.startup.HostConfig.deployDirectory Error deploying web application directory [C:\Users\saksh\Desktop\InventoryManagementSystem\apache-tomcat-10.1.43\webapps\InventoryManagementSystem]
	java.lang.IllegalStateException: Error starting child
		at org.apache.catalina.core.ContainerBase.addChildInternal(ContainerBase.java:602)
		at org.apache.catalina.core.ContainerBase.addChild(ContainerBase.java:571)
		at org.apache.catalina.core.StandardHost.addChild(StandardHost.java:654)
		at org.apache.catalina.startup.HostConfig.deployDirectory(HostConfig.java:1126)
		at org.apache.catalina.startup.HostConfig$DeployDirectory.run(HostConfig.java:1925)
		at java.base/java.util.concurrent.Executors$RunnableAdapter.call(Executors.java:515)
		at java.base/java.util.concurrent.FutureTask.run(FutureTask.java:264)
		at org.apache.tomcat.util.threads.InlineExecutorService.execute(InlineExecutorService.java:75)
		at java.base/java.util.concurrent.AbstractExecutorService.submit(AbstractExecutorService.java:118)
		at org.apache.catalina.startup.HostConfig.deployDirectories(HostConfig.java:1037)
		at org.apache.catalina.startup.HostConfig.deployApps(HostConfig.java:422)
		at org.apache.catalina.startup.HostConfig.start(HostConfig.java:1621)
		at org.apache.catalina.startup.HostConfig.lifecycleEvent(HostConfig.java:303)
		at org.apache.catalina.util.LifecycleBase.fireLifecycleEvent(LifecycleBase.java:109)
		at org.apache.catalina.util.LifecycleBase.setStateInternal(LifecycleBase.java:389)
		at org.apache.catalina.util.LifecycleBase.setState(LifecycleBase.java:336)
		at org.apache.catalina.core.ContainerBase.startInternal(ContainerBase.java:776)
		at org.apache.catalina.core.StandardHost.startInternal(StandardHost.java:772)
		at org.apache.catalina.util.LifecycleBase.start(LifecycleBase.java:164)
		at org.apache.catalina.core.ContainerBase$StartChild.call(ContainerBase.java:1203)
		at org.apache.catalina.core.ContainerBase$StartChild.call(ContainerBase.java:1193)
		at java.base/java.util.concurrent.FutureTask.run(FutureTask.java:264)
		at org.apache.tomcat.util.threads.InlineExecutorService.execute(InlineExecutorService.java:75)
		at java.base/java.util.concurrent.AbstractExecutorService.submit(AbstractExecutorService.java:140)
		at org.apache.catalina.core.ContainerBase.startInternal(ContainerBase.java:749)
		at org.apache.catalina.core.StandardEngine.startInternal(StandardEngine.java:203)
		at org.apache.catalina.util.LifecycleBase.start(LifecycleBase.java:164)
		at org.apache.catalina.core.StandardService.startInternal(StandardService.java:412)
		at org.apache.catalina.util.LifecycleBase.start(LifecycleBase.java:164)
		at org.apache.catalina.core.StandardServer.startInternal(StandardServer.java:870)
		at org.apache.catalina.util.LifecycleBase.start(LifecycleBase.java:164)
		at org.apache.catalina.startup.Catalina.start(Catalina.java:761)
		at java.base/jdk.internal.reflect.NativeMethodAccessorImpl.invoke0(Native Method)
		at java.base/jdk.internal.reflect.NativeMethodAccessorImpl.invoke(NativeMethodAccessorImpl.java:62)
		at java.base/jdk.internal.reflect.DelegatingMethodAccessorImpl.invoke(DelegatingMethodAccessorImpl.java:43)
		at java.base/java.lang.reflect.Method.invoke(Method.java:566)
		at org.apache.catalina.startup.Bootstrap.start(Bootstrap.java:345)
		at org.apache.catalina.startup.Bootstrap.main(Bootstrap.java:476)
	Caused by: org.apache.catalina.LifecycleException: Failed to start component [StandardEngine[Catalina].StandardHost[localhost].StandardContext[/InventoryManagementSystem]]
		at org.apache.catalina.util.LifecycleBase.handleSubClassException(LifecycleBase.java:406)
		at org.apache.catalina.util.LifecycleBase.start(LifecycleBase.java:179)
		at org.apache.catalina.core.ContainerBase.addChildInternal(ContainerBase.java:599)
		... 37 more
	Caused by: java.lang.IllegalArgumentException: The servlets named [LoginServlet] and [com.ims.servlet.LoginServlet] are both mapped to the url-pattern [/LoginServlet] which is not permitted
		at org.apache.tomcat.util.descriptor.web.WebXml.addServletMappingDecoded(WebXml.java:415)
		at org.apache.tomcat.util.descriptor.web.WebXml.addServletMapping(WebXml.java:406)
		at org.apache.catalina.startup.ContextConfig.processAnnotationWebServlet(ContextConfig.java:2547)
		at org.apache.catalina.startup.ContextConfig.processClass(ContextConfig.java:2253)
		at org.apache.catalina.startup.ContextConfig.processAnnotationsStream(ContextConfig.java:2242)
		at org.apache.catalina.startup.ContextConfig.processAnnotationsWebResource(ContextConfig.java:2153)
		at org.apache.catalina.startup.ContextConfig.processAnnotationsWebResource(ContextConfig.java:2148)
		at org.apache.catalina.startup.ContextConfig.processAnnotationsWebResource(ContextConfig.java:2148)
		at org.apache.catalina.startup.ContextConfig.processAnnotationsWebResource(ContextConfig.java:2148)
		at org.apache.catalina.startup.ContextConfig.processClasses(ContextConfig.java:1361)
		at org.apache.catalina.startup.ContextConfig.webConfig(ContextConfig.java:1271)
		at org.apache.catalina.startup.ContextConfig.configureStart(ContextConfig.java:972)
		at org.apache.catalina.startup.ContextConfig.lifecycleEvent(ContextConfig.java:290)
		at org.apache.catalina.util.LifecycleBase.fireLifecycleEvent(LifecycleBase.java:109)
		at org.apache.catalina.core.StandardContext.startInternal(StandardContext.java:4380)
		at org.apache.catalina.util.LifecycleBase.start(LifecycleBase.java:164)
		... 38 more
13-Jul-2025 08:16:03.857 INFO [main] org.apache.catalina.startup.HostConfig.deployDirectory Deployment of web application directory [C:\Users\saksh\Desktop\InventoryManagementSystem\apache-tomcat-10.1.43\webapps\InventoryManagementSystem] has finished in [46] ms
13-Jul-2025 08:16:03.858 INFO [main] org.apache.catalina.startup.HostConfig.deployDirectory Deploying web application directory [C:\Users\saksh\Desktop\InventoryManagementSystem\apache-tomcat-10.1.43\webapps\manager]
13-Jul-2025 08:16:04.321 INFO [main] org.apache.jasper.servlet.TldScanner.scanJars At least one JAR was scanned for TLDs yet contained no TLDs. Enable debug logging for this logger for a complete list of JARs that were scanned but no TLDs were found in them. Skipping unneeded JARs during scanning can improve startup time and JSP compilation time.
13-Jul-2025 08:16:04.325 INFO [main] org.apache.catalina.startup.HostConfig.deployDirectory Deployment of web application directory [C:\Users\saksh\Desktop\InventoryManagementSystem\apache-tomcat-10.1.43\webapps\manager] has finished in [467] ms
13-Jul-2025 08:16:04.326 INFO [main] org.apache.catalina.startup.HostConfig.deployDirectory Deploying web application directory [C:\Users\saksh\Desktop\InventoryManagementSystem\apache-tomcat-10.1.43\webapps\ROOT]
13-Jul-2025 08:16:04.722 INFO [main] org.apache.jasper.servlet.TldScanner.scanJars At least one JAR was scanned for TLDs yet contained no TLDs. Enable debug logging for this logger for a complete list of JARs that were scanned but no TLDs were found in them. Skipping unneeded JARs during scanning can improve startup time and JSP compilation time.
13-Jul-2025 08:16:04.727 INFO [main] org.apache.catalina.startup.HostConfig.deployDirectory Deployment of web application directory [C:\Users\saksh\Desktop\InventoryManagementSystem\apache-tomcat-10.1.43\webapps\ROOT] has finished in [401] ms
13-Jul-2025 08:16:04.736 INFO [main] org.apache.catalina.startup.Catalina.start Server startup in [5670] milliseconds
13-Jul-2025 08:16:04.745 SEVERE [main] org.apache.catalina.core.StandardServer.await Failed to create server shutdown socket on address [localhost] and port [8005] (base port [8005] and offset [0])
	java.net.BindException: Address already in use: NET_Bind
		at java.base/java.net.PlainSocketImpl.bind0(Native Method)
		at java.base/java.net.PlainSocketImpl.socketBind(PlainSocketImpl.java:132)
		at java.base/java.net.AbstractPlainSocketImpl.bind(AbstractPlainSocketImpl.java:452)
		at java.base/java.net.ServerSocket.bind(ServerSocket.java:381)
		at java.base/java.net.ServerSocket.<init>(ServerSocket.java:243)
		at org.apache.catalina.core.StandardServer.await(StandardServer.java:533)
		at org.apache.catalina.startup.Catalina.await(Catalina.java:851)
		at org.apache.catalina.startup.Catalina.start(Catalina.java:799)
		at java.base/jdk.internal.reflect.NativeMethodAccessorImpl.invoke0(Native Method)
		at java.base/jdk.internal.reflect.NativeMethodAccessorImpl.invoke(NativeMethodAccessorImpl.java:62)
		at java.base/jdk.internal.reflect.DelegatingMethodAccessorImpl.invoke(DelegatingMethodAccessorImpl.java:43)
		at java.base/java.lang.reflect.Method.invoke(Method.java:566)
		at org.apache.catalina.startup.Bootstrap.start(Bootstrap.java:345)
		at org.apache.catalina.startup.Bootstrap.main(Bootstrap.java:476)
13-Jul-2025 08:16:04.745 INFO [main] org.apache.coyote.AbstractProtocol.pause Pausing ProtocolHandler ["http-nio-8080"]
13-Jul-2025 08:16:04.745 INFO [main] org.apache.catalina.core.StandardService.stopInternal Stopping service [Catalina]
13-Jul-2025 08:16:04.793 WARNING [main] org.apache.catalina.loader.WebappClassLoaderBase.clearReferencesThreads The web application [InventoryManagementSystem#index.html] appears to have started a thread named [mysql-cj-abandoned-connection-cleanup] but has failed to stop it. This is very likely to create a memory leak. Stack trace of thread:
 java.base@11.0.26/java.io.WinNTFileSystem.canonicalize0(Native Method)
 java.base@11.0.26/java.io.WinNTFileSystem.canonicalize(WinNTFileSystem.java:459)
 java.base@11.0.26/java.io.File.getCanonicalPath(File.java:626)
 org.apache.catalina.webresources.AbstractFileResourceSet.file(AbstractFileResourceSet.java:108)
 org.apache.catalina.webresources.DirResourceSet.getResource(DirResourceSet.java:114)
 org.apache.catalina.webresources.StandardRoot.getResourceInternal(StandardRoot.java:273)
 org.apache.catalina.webresources.CachedResource.validateResource(CachedResource.java:108)
 org.apache.catalina.webresources.Cache.getResource(Cache.java:96)
 org.apache.catalina.webresources.StandardRoot.getResource(StandardRoot.java:212)
 org.apache.catalina.webresources.StandardRoot.getClassLoaderResource(StandardRoot.java:221)
 org.apache.catalina.loader.WebappClassLoaderBase.findResource(WebappClassLoaderBase.java:893)
 org.apache.catalina.loader.WebappClassLoaderBase.getResource(WebappClassLoaderBase.java:1008)
 com.mysql.cj.jdbc.AbandonedConnectionCleanupThread.checkThreadContextClassLoader(AbandonedConnectionCleanupThread.java:123)
 com.mysql.cj.jdbc.AbandonedConnectionCleanupThread.run(AbandonedConnectionCleanupThread.java:90)
 java.base@11.0.26/java.util.concurrent.ThreadPoolExecutor.runWorker(ThreadPoolExecutor.java:1128)
 java.base@11.0.26/java.util.concurrent.ThreadPoolExecutor$Worker.run(ThreadPoolExecutor.java:628)
 java.base@11.0.26/java.lang.Thread.run(Thread.java:834)
13-Jul-2025 08:16:04.805 INFO [main] org.apache.coyote.AbstractProtocol.stop Stopping ProtocolHandler ["http-nio-8080"]
13-Jul-2025 08:16:04.807 INFO [main] org.apache.coyote.AbstractProtocol.destroy Destroying ProtocolHandler ["http-nio-8080"]
13-Jul-2025 08:16:08.052 INFO [Catalina-utility-1] org.apache.catalina.startup.HostConfig.undeploy Undeploying context [/InventoryManagementSystem/index.html]
13-Jul-2025 08:16:08.077 WARNING [Catalina-utility-1] org.apache.catalina.loader.WebappClassLoaderBase.clearReferencesThreads The web application [InventoryManagementSystem#index.html] appears to have started a thread named [mysql-cj-abandoned-connection-cleanup] but has failed to stop it. This is very likely to create a memory leak. Stack trace of thread:
 java.base@11.0.27/java.io.WinNTFileSystem.getBooleanAttributes(Native Method)
 java.base@11.0.27/java.io.File.exists(File.java:831)
 org.apache.catalina.webresources.FileResource.getURL(FileResource.java:280)
 org.apache.catalina.webresources.CachedResource.getURL(CachedResource.java:368)
 org.apache.catalina.loader.WebappClassLoaderBase.findResource(WebappClassLoaderBase.java:895)
 org.apache.catalina.loader.WebappClassLoaderBase.getResource(WebappClassLoaderBase.java:1008)
 com.mysql.cj.jdbc.AbandonedConnectionCleanupThread.checkThreadContextClassLoader(AbandonedConnectionCleanupThread.java:123)
 com.mysql.cj.jdbc.AbandonedConnectionCleanupThread.run(AbandonedConnectionCleanupThread.java:90)
 java.base@11.0.27/java.util.concurrent.ThreadPoolExecutor.runWorker(ThreadPoolExecutor.java:1128)
 java.base@11.0.27/java.util.concurrent.ThreadPoolExecutor$Worker.run(ThreadPoolExecutor.java:628)
 java.base@11.0.27/java.lang.Thread.run(Thread.java:829)
13-Jul-2025 08:16:08.097 INFO [Catalina-utility-1] org.apache.catalina.startup.HostConfig.deployDescriptor Deploying deployment descriptor [C:\Users\saksh\Desktop\InventoryManagementSystem\apache-tomcat-10.1.43\conf\Catalina\localhost\InventoryManagementSystem#index.html.xml]
13-Jul-2025 08:16:09.202 INFO [Catalina-utility-1] org.apache.jasper.servlet.TldScanner.scanJars At least one JAR was scanned for TLDs yet contained no TLDs. Enable debug logging for this logger for a complete list of JARs that were scanned but no TLDs were found in them. Skipping unneeded JARs during scanning can improve startup time and JSP compilation time.
13-Jul-2025 08:16:09.297 INFO [Catalina-utility-1] org.apache.catalina.startup.HostConfig.deployDescriptor Deployment of deployment descriptor [C:\Users\saksh\Desktop\InventoryManagementSystem\apache-tomcat-10.1.43\conf\Catalina\localhost\InventoryManagementSystem#index.html.xml] has finished in [1,200] ms
13-Jul-2025 08:16:13.083 INFO [mysql-cj-abandoned-connection-cleanup] org.apache.catalina.loader.WebappClassLoaderBase.checkStateForResourceLoading Illegal access: this web application instance has been stopped already. Could not load []. The following stack trace is thrown for debugging purposes as well as to attempt to terminate the thread which caused the illegal access.
	java.lang.IllegalStateException: Illegal access: this web application instance has been stopped already. Could not load []. The following stack trace is thrown for debugging purposes as well as to attempt to terminate the thread which caused the illegal access.
		at org.apache.catalina.loader.WebappClassLoaderBase.checkStateForResourceLoading(WebappClassLoaderBase.java:1400)
		at org.apache.catalina.loader.WebappClassLoaderBase.getResource(WebappClassLoaderBase.java:987)
		at com.mysql.cj.jdbc.AbandonedConnectionCleanupThread.checkThreadContextClassLoader(AbandonedConnectionCleanupThread.java:123)
		at com.mysql.cj.jdbc.AbandonedConnectionCleanupThread.run(AbandonedConnectionCleanupThread.java:90)
		at java.base/java.util.concurrent.ThreadPoolExecutor.runWorker(ThreadPoolExecutor.java:1128)
		at java.base/java.util.concurrent.ThreadPoolExecutor$Worker.run(ThreadPoolExecutor.java:628)
		at java.base/java.lang.Thread.run(Thread.java:829)
13-Jul-2025 08:17:29.451 INFO [main] org.apache.catalina.startup.VersionLoggerListener.log Server version name:   Apache Tomcat/10.1.43
13-Jul-2025 08:17:29.463 INFO [main] org.apache.catalina.startup.VersionLoggerListener.log Server built:          Jul 1 2025 21:30:20 UTC
13-Jul-2025 08:17:29.464 INFO [main] org.apache.catalina.startup.VersionLoggerListener.log Server version number: 10.1.43.0
13-Jul-2025 08:17:29.464 INFO [main] org.apache.catalina.startup.VersionLoggerListener.log OS Name:               Windows 11
13-Jul-2025 08:17:29.464 INFO [main] org.apache.catalina.startup.VersionLoggerListener.log OS Version:            10.0
13-Jul-2025 08:17:29.464 INFO [main] org.apache.catalina.startup.VersionLoggerListener.log Architecture:          amd64
13-Jul-2025 08:17:29.464 INFO [main] org.apache.catalina.startup.VersionLoggerListener.log Java Home:             C:\Program Files\Java\jdk-11
13-Jul-2025 08:17:29.464 INFO [main] org.apache.catalina.startup.VersionLoggerListener.log JVM Version:           11.0.26+7-LTS-187
13-Jul-2025 08:17:29.464 INFO [main] org.apache.catalina.startup.VersionLoggerListener.log JVM Vendor:            Oracle Corporation
13-Jul-2025 08:17:29.465 INFO [main] org.apache.catalina.startup.VersionLoggerListener.log CATALINA_BASE:         C:\Users\saksh\Desktop\InventoryManagementSystem\apache-tomcat-10.1.43
13-Jul-2025 08:17:29.465 INFO [main] org.apache.catalina.startup.VersionLoggerListener.log CATALINA_HOME:         C:\Users\saksh\Desktop\InventoryManagementSystem\apache-tomcat-10.1.43
13-Jul-2025 08:17:29.515 INFO [main] org.apache.catalina.startup.VersionLoggerListener.log Command line argument: --add-opens=java.base/java.lang=ALL-UNNAMED
13-Jul-2025 08:17:29.515 INFO [main] org.apache.catalina.startup.VersionLoggerListener.log Command line argument: --add-opens=java.base/java.io=ALL-UNNAMED
13-Jul-2025 08:17:29.515 INFO [main] org.apache.catalina.startup.VersionLoggerListener.log Command line argument: --add-opens=java.base/java.util=ALL-UNNAMED
13-Jul-2025 08:17:29.515 INFO [main] org.apache.catalina.startup.VersionLoggerListener.log Command line argument: --add-opens=java.base/java.util.concurrent=ALL-UNNAMED
13-Jul-2025 08:17:29.516 INFO [main] org.apache.catalina.startup.VersionLoggerListener.log Command line argument: --add-opens=java.rmi/sun.rmi.transport=ALL-UNNAMED
13-Jul-2025 08:17:29.516 INFO [main] org.apache.catalina.startup.VersionLoggerListener.log Command line argument: -Dcatalina.home=C:\Users\saksh\Desktop\InventoryManagementSystem\apache-tomcat-10.1.43
13-Jul-2025 08:17:29.517 INFO [main] org.apache.catalina.startup.VersionLoggerListener.log Command line argument: -Dcatalina.base=C:\Users\saksh\Desktop\InventoryManagementSystem\apache-tomcat-10.1.43
13-Jul-2025 08:17:29.517 INFO [main] org.apache.catalina.startup.VersionLoggerListener.log Command line argument: -Djava.io.tmpdir=C:\Users\saksh\Desktop\InventoryManagementSystem\apache-tomcat-10.1.43\temp
13-Jul-2025 08:17:29.517 INFO [main] org.apache.catalina.startup.VersionLoggerListener.log Command line argument: -Djava.util.logging.config.file=C:\Users\saksh\Desktop\InventoryManagementSystem\apache-tomcat-10.1.43\conf\logging.properties
13-Jul-2025 08:17:29.517 INFO [main] org.apache.catalina.startup.VersionLoggerListener.log Command line argument: -Djava.util.logging.manager=org.apache.juli.ClassLoaderLogManager
13-Jul-2025 08:17:29.517 INFO [main] org.apache.catalina.startup.VersionLoggerListener.log Command line argument: -javaagent:C:\Program Files\JetBrains\IntelliJ IDEA Community Edition 2024.3.4.1\lib\idea_rt.jar=21530
13-Jul-2025 08:17:29.517 INFO [main] org.apache.catalina.startup.VersionLoggerListener.log Command line argument: -Dfile.encoding=UTF-8
13-Jul-2025 08:17:29.570 INFO [main] org.apache.catalina.core.AprLifecycleListener.lifecycleEvent The Apache Tomcat Native library which allows using OpenSSL was not found on the java.library.path: [C:\Program Files\Java\jdk-11\bin;C:\WINDOWS\Sun\Java\bin;C:\WINDOWS\system32;C:\WINDOWS;C:\Program Files\Eclipse Adoptium\jdk-11.0.27.6-hotspot\bin;C:\Program Files\Eclipse Adoptium\jre-17.0.15.6-hotspot\bin;C:\Program Files\Common Files\Oracle\Java\javapath;C:\Program Files (x86)\Common Files\Oracle\Java\java8path;C:\Program Files (x86)\Common Files\Oracle\Java\javapath;C:\Program Files\Java\jdk1.8.0_202

\bin;C:\Program Files\Java\jre1.8.0_431\bin;C:\Python312\Scripts\;C:\Python312\;C:\Python311\Scripts\;C:\Python311\;C:\WINDOWS\system32;C:\WINDOWS;C:\WINDOWS\System32\Wbem;C:\WINDOWS\System32\WindowsPowerShell\v1.0\;C:\WINDOWS\System32\OpenSSH\;C:\Program Files\dotnet\;C:\Users\saksh\Downloads;C:\Users\saksh\Downloads\ForwardNotifier-master\ForwardNotifier-master\ForwardNotifier Client Tools\Windows SSH Client tool;C:\Users\saksh\Downloads\app files\ForwardNotifier-master\ForwardNotifier-master\ForwardNotifier Client Tools\Windows SSH Client tool;C:\ProgramData\chocolatey\bin;C:\Android;C:\Windows\System32;C:\WINDOWS\system32;C:\WINDOWS;C:\WINDOWS\System32\Wbem;C:\WINDOWS\System32\WindowsPowerShell\v1.0\;C:\WINDOWS\System32\OpenSSH\;C:\Program Files\Calibre2\;C:\Program Files\nodejs\;C:\Program Files\HP\HP One Agent;C:\flutter;C:\Program Files\MySQL\MySQL Server 8.0\bin;C:\Program Files\Git\cmd;C:\Program Files\Git\cmd;C:\Windows\System32;C:\Windows;C:\Users\saksh\AppData\Local\Android\sdk\cmdline-tools\latest\bin;C:\Users\saksh\AppData\Local\Android\sdk\cmdline-tools\bin;C:\Users\saksh\Desktop\InventoryManagementSystem\apache-maven-3.9.10\bin;C:\Users\saksh\Desktop\InventoryManagementSystem\apache-maven-3.9.10\bin;C:\Program Files\MySQL\MySQL Shell 8.0\bin\;C:\Program Files\platform-tools;C:\Users\saksh\AppData\Local\Microsoft\WindowsApps;C:\Users\saksh\.dotnet\tools;C:\Program Files\JetBrains\PyCharm Community Edition 2022.1.2\bin;C:\Users\saksh\AppData\Local\spicetify;C:\Users\saksh\.dotnet\tools;C:\MinGW\bin;C:\Users\saksh\AppData\Local\Microsoft\WindowsApps;C:\Users\saksh\AppData\Roaming\npm;C:\flutter\bin;C:\Program Files\JetBrains\PyCharm Community Edition 2024.1.4\bin;C:\Users\saksh\AppData\Local\GitHubDesktop\bin;C:\Users\saksh\AppData\Roaming\Python\Python312\Scripts;C:\Program Files\Java\jdk-23\bin;C:\Users\saksh\AppData\Local\Programs\Ollama;C:\Users\saksh\AppData\Local\Programs\Microsoft VS Code\bin;C:\Program Files\Git\cmd;C:\flutter\bin;C:\Users\saksh\AppData\Roaming\npm;C:\Users\saksh\Desktop\InventoryManagementSystem\apache-maven-3.9.10\bin;C:\Program Files\Eclipse Adoptium\jdk-11.0.27.6-hotspot\bin;;.]
13-Jul-2025 08:17:30.223 INFO [main] org.apache.coyote.AbstractProtocol.init Initializing ProtocolHandler ["http-nio-8080"]
13-Jul-2025 08:17:30.273 INFO [main] org.apache.catalina.startup.Catalina.load Server initialization in [1370] milliseconds
13-Jul-2025 08:17:30.413 INFO [main] org.apache.catalina.core.StandardService.startInternal Starting service [Catalina]
13-Jul-2025 08:17:30.415 INFO [main] org.apache.catalina.core.StandardEngine.startInternal Starting Servlet engine: [Apache Tomcat/10.1.43]
13-Jul-2025 08:17:30.457 INFO [main] org.apache.catalina.startup.HostConfig.deployDescriptor Deploying deployment descriptor [C:\Users\saksh\Desktop\InventoryManagementSystem\apache-tomcat-10.1.43\conf\Catalina\localhost\InventoryManagementSystem#index.html.xml]
13-Jul-2025 08:17:30.641 WARNING [main] org.apache.catalina.webresources.DirResourceSet.initInternal Disabled the global canonical file name cache to protect against CVE-2024-56337 when starting the WebResourceSet at [C:\Users\saksh\Desktop\InventoryManagementSystem\target\classes] which is part of the web application [/InventoryManagementSystem/index.html]
13-Jul-2025 08:17:33.480 INFO [main] org.apache.jasper.servlet.TldScanner.scanJars At least one JAR was scanned for TLDs yet contained no TLDs. Enable debug logging for this logger for a complete list of JARs that were scanned but no TLDs were found in them. Skipping unneeded JARs during scanning can improve startup time and JSP compilation time.
13-Jul-2025 08:17:33.887 WARNING [main] org.apache.catalina.util.SessionIdGeneratorBase.createSecureRandom Creation of SecureRandom instance for session ID generation using [SHA1PRNG] took [284] milliseconds.
13-Jul-2025 08:17:33.934 INFO [main] org.apache.catalina.startup.HostConfig.deployDescriptor Deployment of deployment descriptor [C:\Users\saksh\Desktop\InventoryManagementSystem\apache-tomcat-10.1.43\conf\Catalina\localhost\InventoryManagementSystem#index.html.xml] has finished in [3,476] ms
13-Jul-2025 08:17:33.936 INFO [main] org.apache.catalina.startup.HostConfig.deployDirectory Deploying web application directory [C:\Users\saksh\Desktop\InventoryManagementSystem\apache-tomcat-10.1.43\webapps\docs]
13-Jul-2025 08:17:34.483 INFO [main] org.apache.jasper.servlet.TldScanner.scanJars At least one JAR was scanned for TLDs yet contained no TLDs. Enable debug logging for this logger for a complete list of JARs that were scanned but no TLDs were found in them. Skipping unneeded JARs during scanning can improve startup time and JSP compilation time.
13-Jul-2025 08:17:34.488 INFO [main] org.apache.catalina.startup.HostConfig.deployDirectory Deployment of web application directory [C:\Users\saksh\Desktop\InventoryManagementSystem\apache-tomcat-10.1.43\webapps\docs] has finished in [552] ms
13-Jul-2025 08:17:34.488 INFO [main] org.apache.catalina.startup.HostConfig.deployDirectory Deploying web application directory [C:\Users\saksh\Desktop\InventoryManagementSystem\apache-tomcat-10.1.43\webapps\examples]
13-Jul-2025 08:17:35.727 INFO [main] org.apache.jasper.servlet.TldScanner.scanJars At least one JAR was scanned for TLDs yet contained no TLDs. Enable debug logging for this logger for a complete list of JARs that were scanned but no TLDs were found in them. Skipping unneeded JARs during scanning can improve startup time and JSP compilation time.
13-Jul-2025 08:17:35.865 INFO [main] org.apache.catalina.startup.HostConfig.deployDirectory Deployment of web application directory [C:\Users\saksh\Desktop\InventoryManagementSystem\apache-tomcat-10.1.43\webapps\examples] has finished in [1,377] ms
13-Jul-2025 08:17:35.867 INFO [main] org.apache.catalina.startup.HostConfig.deployDirectory Deploying web application directory [C:\Users\saksh\Desktop\InventoryManagementSystem\apache-tomcat-10.1.43\webapps\host-manager]
13-Jul-2025 08:17:36.396 INFO [main] org.apache.jasper.servlet.TldScanner.scanJars At least one JAR was scanned for TLDs yet contained no TLDs. Enable debug logging for this logger for a complete list of JARs that were scanned but no TLDs were found in them. Skipping unneeded JARs during scanning can improve startup time and JSP compilation time.
13-Jul-2025 08:17:36.412 INFO [main] org.apache.catalina.startup.HostConfig.deployDirectory Deployment of web application directory [C:\Users\saksh\Desktop\InventoryManagementSystem\apache-tomcat-10.1.43\webapps\host-manager] has finished in [545] ms
13-Jul-2025 08:17:36.412 INFO [main] org.apache.catalina.startup.HostConfig.deployDirectory Deploying web application directory [C:\Users\saksh\Desktop\InventoryManagementSystem\apache-tomcat-10.1.43\webapps\InventoryManagementSystem]
13-Jul-2025 08:17:36.481 SEVERE [main] org.apache.catalina.startup.HostConfig.deployDirectory Error deploying web application directory [C:\Users\saksh\Desktop\InventoryManagementSystem\apache-tomcat-10.1.43\webapps\InventoryManagementSystem]
	java.lang.IllegalStateException: Error starting child
		at org.apache.catalina.core.ContainerBase.addChildInternal(ContainerBase.java:602)
		at org.apache.catalina.core.ContainerBase.addChild(ContainerBase.java:571)
		at org.apache.catalina.core.StandardHost.addChild(StandardHost.java:654)
		at org.apache.catalina.startup.HostConfig.deployDirectory(HostConfig.java:1126)
		at org.apache.catalina.startup.HostConfig$DeployDirectory.run(HostConfig.java:1925)
		at java.base/java.util.concurrent.Executors$RunnableAdapter.call(Executors.java:515)
		at java.base/java.util.concurrent.FutureTask.run(FutureTask.java:264)
		at org.apache.tomcat.util.threads.InlineExecutorService.execute(InlineExecutorService.java:75)
		at java.base/java.util.concurrent.AbstractExecutorService.submit(AbstractExecutorService.java:118)
		at org.apache.catalina.startup.HostConfig.deployDirectories(HostConfig.java:1037)
		at org.apache.catalina.startup.HostConfig.deployApps(HostConfig.java:422)
		at org.apache.catalina.startup.HostConfig.start(HostConfig.java:1621)
		at org.apache.catalina.startup.HostConfig.lifecycleEvent(HostConfig.java:303)
		at org.apache.catalina.util.LifecycleBase.fireLifecycleEvent(LifecycleBase.java:109)
		at org.apache.catalina.util.LifecycleBase.setStateInternal(LifecycleBase.java:389)
		at org.apache.catalina.util.LifecycleBase.setState(LifecycleBase.java:336)
		at org.apache.catalina.core.ContainerBase.startInternal(ContainerBase.java:776)
		at org.apache.catalina.core.StandardHost.startInternal(StandardHost.java:772)
		at org.apache.catalina.util.LifecycleBase.start(LifecycleBase.java:164)
		at org.apache.catalina.core.ContainerBase$StartChild.call(ContainerBase.java:1203)
		at org.apache.catalina.core.ContainerBase$StartChild.call(ContainerBase.java:1193)
		at java.base/java.util.concurrent.FutureTask.run(FutureTask.java:264)
		at org.apache.tomcat.util.threads.InlineExecutorService.execute(InlineExecutorService.java:75)
		at java.base/java.util.concurrent.AbstractExecutorService.submit(AbstractExecutorService.java:140)
		at org.apache.catalina.core.ContainerBase.startInternal(ContainerBase.java:749)
		at org.apache.catalina.core.StandardEngine.startInternal(StandardEngine.java:203)
		at org.apache.catalina.util.LifecycleBase.start(LifecycleBase.java:164)
		at org.apache.catalina.core.StandardService.startInternal(StandardService.java:412)
		at org.apache.catalina.util.LifecycleBase.start(LifecycleBase.java:164)
		at org.apache.catalina.core.StandardServer.startInternal(StandardServer.java:870)
		at org.apache.catalina.util.LifecycleBase.start(LifecycleBase.java:164)
		at org.apache.catalina.startup.Catalina.start(Catalina.java:761)
		at java.base/jdk.internal.reflect.NativeMethodAccessorImpl.invoke0(Native Method)
		at java.base/jdk.internal.reflect.NativeMethodAccessorImpl.invoke(NativeMethodAccessorImpl.java:62)
		at java.base/jdk.internal.reflect.DelegatingMethodAccessorImpl.invoke(DelegatingMethodAccessorImpl.java:43)
		at java.base/java.lang.reflect.Method.invoke(Method.java:566)
		at org.apache.catalina.startup.Bootstrap.start(Bootstrap.java:345)
		at org.apache.catalina.startup.Bootstrap.main(Bootstrap.java:476)
	Caused by: org.apache.catalina.LifecycleException: Failed to start component [StandardEngine[Catalina].StandardHost[localhost].StandardContext[/InventoryManagementSystem]]
		at org.apache.catalina.util.LifecycleBase.handleSubClassException(LifecycleBase.java:406)
		at org.apache.catalina.util.LifecycleBase.start(LifecycleBase.java:179)
		at org.apache.catalina.core.ContainerBase.addChildInternal(ContainerBase.java:599)
		... 37 more
	Caused by: java.lang.IllegalArgumentException: The servlets named [LoginServlet] and [com.ims.servlet.LoginServlet] are both mapped to the url-pattern [/LoginServlet] which is not permitted
		at org.apache.tomcat.util.descriptor.web.WebXml.addServletMappingDecoded(WebXml.java:415)
		at org.apache.tomcat.util.descriptor.web.WebXml.addServletMapping(WebXml.java:406)
		at org.apache.catalina.startup.ContextConfig.processAnnotationWebServlet(ContextConfig.java:2547)
		at org.apache.catalina.startup.ContextConfig.processClass(ContextConfig.java:2253)
		at org.apache.catalina.startup.ContextConfig.processAnnotationsStream(ContextConfig.java:2242)
		at org.apache.catalina.startup.ContextConfig.processAnnotationsWebResource(ContextConfig.java:2153)
		at org.apache.catalina.startup.ContextConfig.processAnnotationsWebResource(ContextConfig.java:2148)
		at org.apache.catalina.startup.ContextConfig.processAnnotationsWebResource(ContextConfig.java:2148)
		at org.apache.catalina.startup.ContextConfig.processAnnotationsWebResource(ContextConfig.java:2148)
		at org.apache.catalina.startup.ContextConfig.processClasses(ContextConfig.java:1361)
		at org.apache.catalina.startup.ContextConfig.webConfig(ContextConfig.java:1271)
		at org.apache.catalina.startup.ContextConfig.configureStart(ContextConfig.java:972)
		at org.apache.catalina.startup.ContextConfig.lifecycleEvent(ContextConfig.java:290)
		at org.apache.catalina.util.LifecycleBase.fireLifecycleEvent(LifecycleBase.java:109)
		at org.apache.catalina.core.StandardContext.startInternal(StandardContext.java:4380)
		at org.apache.catalina.util.LifecycleBase.start(LifecycleBase.java:164)
		... 38 more
13-Jul-2025 08:17:36.493 INFO [main] org.apache.catalina.startup.HostConfig.deployDirectory Deployment of web application directory [C:\Users\saksh\Desktop\InventoryManagementSystem\apache-tomcat-10.1.43\webapps\InventoryManagementSystem] has finished in [80] ms
13-Jul-2025 08:17:36.493 INFO [main] org.apache.catalina.startup.HostConfig.deployDirectory Deploying web application directory [C:\Users\saksh\Desktop\InventoryManagementSystem\apache-tomcat-10.1.43\webapps\manager]
13-Jul-2025 08:17:36.976 INFO [main] org.apache.jasper.servlet.TldScanner.scanJars At least one JAR was scanned for TLDs yet contained no TLDs. Enable debug logging for this logger for a complete list of JARs that were scanned but no TLDs were found in them. Skipping unneeded JARs during scanning can improve startup time and JSP compilation time.
13-Jul-2025 08:17:36.982 INFO [main] org.apache.catalina.startup.HostConfig.deployDirectory Deployment of web application directory [C:\Users\saksh\Desktop\InventoryManagementSystem\apache-tomcat-10.1.43\webapps\manager] has finished in [489] ms
13-Jul-2025 08:17:36.982 INFO [main] org.apache.catalina.startup.HostConfig.deployDirectory Deploying web application directory [C:\Users\saksh\Desktop\InventoryManagementSystem\apache-tomcat-10.1.43\webapps\ROOT]
13-Jul-2025 08:17:37.371 INFO [main] org.apache.jasper.servlet.TldScanner.scanJars At least one JAR was scanned for TLDs yet contained no TLDs. Enable debug logging for this logger for a complete list of JARs that were scanned but no TLDs were found in them. Skipping unneeded JARs during scanning can improve startup time and JSP compilation time.
13-Jul-2025 08:17:37.379 INFO [main] org.apache.catalina.startup.HostConfig.deployDirectory Deployment of web application directory [C:\Users\saksh\Desktop\InventoryManagementSystem\apache-tomcat-10.1.43\webapps\ROOT] has finished in [397] ms
13-Jul-2025 08:17:37.385 INFO [main] org.apache.coyote.AbstractProtocol.start Starting ProtocolHandler ["http-nio-8080"]
13-Jul-2025 08:17:37.645 INFO [main] org.apache.catalina.startup.Catalina.start Server startup in [7370] milliseconds
13-Jul-2025 08:40:16.059 INFO [Catalina-utility-1] org.apache.catalina.startup.HostConfig.reload Reloading context [/InventoryManagementSystem]
13-Jul-2025 08:40:16.828 SEVERE [Catalina-utility-1] org.apache.catalina.startup.HostConfig.reload Error during context [/InventoryManagementSystem] restart
	org.apache.catalina.LifecycleException: Failed to start component [StandardEngine[Catalina].StandardHost[localhost].StandardContext[/InventoryManagementSystem]]
		at org.apache.catalina.util.LifecycleBase.handleSubClassException(LifecycleBase.java:406)
		at org.apache.catalina.util.LifecycleBase.start(LifecycleBase.java:179)
		at org.apache.catalina.startup.HostConfig.reload(HostConfig.java:1465)
		at org.apache.catalina.startup.HostConfig.checkResources(HostConfig.java:1431)
		at org.apache.catalina.startup.HostConfig.check(HostConfig.java:1657)
		at org.apache.catalina.startup.HostConfig.lifecycleEvent(HostConfig.java:299)
		at org.apache.catalina.util.LifecycleBase.fireLifecycleEvent(LifecycleBase.java:109)
		at org.apache.catalina.core.ContainerBase.backgroundProcess(ContainerBase.java:973)
		at org.apache.catalina.core.ContainerBase$ContainerBackgroundProcessor.processChildren(ContainerBase.java:1172)
		at org.apache.catalina.core.ContainerBase$ContainerBackgroundProcessor.processChildren(ContainerBase.java:1176)
		at org.apache.catalina.core.ContainerBase$ContainerBackgroundProcessor.run(ContainerBase.java:1154)
		at java.base/java.util.concurrent.Executors$RunnableAdapter.call(Executors.java:515)
		at java.base/java.util.concurrent.FutureTask.runAndReset(FutureTask.java:305)
		at java.base/java.util.concurrent.ScheduledThreadPoolExecutor$ScheduledFutureTask.run(ScheduledThreadPoolExecutor.java:305)
		at java.base/java.util.concurrent.ThreadPoolExecutor.runWorker(ThreadPoolExecutor.java:1128)
		at java.base/java.util.concurrent.ThreadPoolExecutor$Worker.run(ThreadPoolExecutor.java:628)
		at org.apache.tomcat.util.threads.TaskThread$WrappingRunnable.run(TaskThread.java:63)
		at java.base/java.lang.Thread.run(Thread.java:834)
	Caused by: java.lang.IllegalArgumentException: The servlets named [LoginServlet] and [com.ims.servlet.LoginServlet] are both mapped to the url-pattern [/LoginServlet] which is not permitted
		at org.apache.tomcat.util.descriptor.web.WebXml.addServletMappingDecoded(WebXml.java:415)
		at org.apache.tomcat.util.descriptor.web.WebXml.addServletMapping(WebXml.java:406)
		at org.apache.catalina.startup.ContextConfig.processAnnotationWebServlet(ContextConfig.java:2547)
		at org.apache.catalina.startup.ContextConfig.processClass(ContextConfig.java:2253)
		at org.apache.catalina.startup.ContextConfig.processAnnotationsStream(ContextConfig.java:2242)
		at org.apache.catalina.startup.ContextConfig.processAnnotationsWebResource(ContextConfig.java:2153)
		at org.apache.catalina.startup.ContextConfig.processAnnotationsWebResource(ContextConfig.java:2148)
		at org.apache.catalina.startup.ContextConfig.processAnnotationsWebResource(ContextConfig.java:2148)
		at org.apache.catalina.startup.ContextConfig.processAnnotationsWebResource(ContextConfig.java:2148)
		at org.apache.catalina.startup.ContextConfig.processClasses(ContextConfig.java:1361)
		at org.apache.catalina.startup.ContextConfig.webConfig(ContextConfig.java:1271)
		at org.apache.catalina.startup.ContextConfig.configureStart(ContextConfig.java:972)
		at org.apache.catalina.startup.ContextConfig.lifecycleEvent(ContextConfig.java:290)
		at org.apache.catalina.util.LifecycleBase.fireLifecycleEvent(LifecycleBase.java:109)
		at org.apache.catalina.core.StandardContext.startInternal(StandardContext.java:4380)
		at org.apache.catalina.util.LifecycleBase.start(LifecycleBase.java:164)
		... 16 more
13-Jul-2025 08:41:16.946 INFO [Catalina-utility-1] org.apache.catalina.startup.HostConfig.reload Reloading context [/InventoryManagementSystem]
13-Jul-2025 08:41:17.037 SEVERE [Catalina-utility-1] org.apache.catalina.startup.HostConfig.reload Error during context [/InventoryManagementSystem] restart
	org.apache.catalina.LifecycleException: Failed to start component [StandardEngine[Catalina].StandardHost[localhost].StandardContext[/InventoryManagementSystem]]
		at org.apache.catalina.util.LifecycleBase.handleSubClassException(LifecycleBase.java:406)
		at org.apache.catalina.util.LifecycleBase.start(LifecycleBase.java:179)
		at org.apache.catalina.startup.HostConfig.reload(HostConfig.java:1465)
		at org.apache.catalina.startup.HostConfig.checkResources(HostConfig.java:1431)
		at org.apache.catalina.startup.HostConfig.check(HostConfig.java:1657)
		at org.apache.catalina.startup.HostConfig.lifecycleEvent(HostConfig.java:299)
		at org.apache.catalina.util.LifecycleBase.fireLifecycleEvent(LifecycleBase.java:109)
		at org.apache.catalina.core.ContainerBase.backgroundProcess(ContainerBase.java:973)
		at org.apache.catalina.core.ContainerBase$ContainerBackgroundProcessor.processChildren(ContainerBase.java:1172)
		at org.apache.catalina.core.ContainerBase$ContainerBackgroundProcessor.processChildren(ContainerBase.java:1176)
		at org.apache.catalina.core.ContainerBase$ContainerBackgroundProcessor.run(ContainerBase.java:1154)
		at java.base/java.util.concurrent.Executors$RunnableAdapter.call(Executors.java:515)
		at java.base/java.util.concurrent.FutureTask.runAndReset(FutureTask.java:305)
		at java.base/java.util.concurrent.ScheduledThreadPoolExecutor$ScheduledFutureTask.run(ScheduledThreadPoolExecutor.java:305)
		at java.base/java.util.concurrent.ThreadPoolExecutor.runWorker(ThreadPoolExecutor.java:1128)
		at java.base/java.util.concurrent.ThreadPoolExecutor$Worker.run(ThreadPoolExecutor.java:628)
		at org.apache.tomcat.util.threads.TaskThread$WrappingRunnable.run(TaskThread.java:63)
		at java.base/java.lang.Thread.run(Thread.java:834)
	Caused by: java.lang.IllegalArgumentException: The servlets named [LoginServlet] and [com.ims.servlet.LoginServlet] are both mapped to the url-pattern [/LoginServlet] which is not permitted
		at org.apache.tomcat.util.descriptor.web.WebXml.addServletMappingDecoded(WebXml.java:415)
		at org.apache.tomcat.util.descriptor.web.WebXml.addServletMapping(WebXml.java:406)
		at org.apache.catalina.startup.ContextConfig.processAnnotationWebServlet(ContextConfig.java:2547)
		at org.apache.catalina.startup.ContextConfig.processClass(ContextConfig.java:2253)
		at org.apache.catalina.startup.ContextConfig.processAnnotationsStream(ContextConfig.java:2242)
		at org.apache.catalina.startup.ContextConfig.processAnnotationsWebResource(ContextConfig.java:2153)
		at org.apache.catalina.startup.ContextConfig.processAnnotationsWebResource(ContextConfig.java:2148)
		at org.apache.catalina.startup.ContextConfig.processAnnotationsWebResource(ContextConfig.java:2148)
		at org.apache.catalina.startup.ContextConfig.processAnnotationsWebResource(ContextConfig.java:2148)
		at org.apache.catalina.startup.ContextConfig.processClasses(ContextConfig.java:1361)
		at org.apache.catalina.startup.ContextConfig.webConfig(ContextConfig.java:1271)
		at org.apache.catalina.startup.ContextConfig.configureStart(ContextConfig.java:972)
		at org.apache.catalina.startup.ContextConfig.lifecycleEvent(ContextConfig.java:290)
		at org.apache.catalina.util.LifecycleBase.fireLifecycleEvent(LifecycleBase.java:109)
		at org.apache.catalina.core.StandardContext.startInternal(StandardContext.java:4380)
		at org.apache.catalina.util.LifecycleBase.start(LifecycleBase.java:164)
		... 16 more
13-Jul-2025 08:41:28.481 INFO [Thread-1] org.apache.coyote.AbstractProtocol.pause Pausing ProtocolHandler ["http-nio-8080"]
13-Jul-2025 08:41:28.810 INFO [Thread-1] org.apache.catalina.core.StandardService.stopInternal Stopping service [Catalina]
13-Jul-2025 08:41:29.054 WARNING [Thread-1] org.apache.catalina.loader.WebappClassLoaderBase.clearReferencesThreads The web application [InventoryManagementSystem#index.html] appears to have started a thread named [mysql-cj-abandoned-connection-cleanup] but has failed to stop it. This is very likely to create a memory leak. Stack trace of thread:
 java.base@11.0.26/java.lang.Object.wait(Native Method)
 java.base@11.0.26/java.lang.ref.ReferenceQueue.remove(ReferenceQueue.java:155)
 com.mysql.cj.jdbc.AbandonedConnectionCleanupThread.run(AbandonedConnectionCleanupThread.java:91)
 java.base@11.0.26/java.util.concurrent.ThreadPoolExecutor.runWorker(ThreadPoolExecutor.java:1128)
 java.base@11.0.26/java.util.concurrent.ThreadPoolExecutor$Worker.run(ThreadPoolExecutor.java:628)
 java.base@11.0.26/java.lang.Thread.run(Thread.java:834)
13-Jul-2025 08:41:29.083 INFO [Thread-1] org.apache.coyote.AbstractProtocol.stop Stopping ProtocolHandler ["http-nio-8080"]
13-Jul-2025 08:41:29.170 INFO [Thread-1] org.apache.coyote.AbstractProtocol.destroy Destroying ProtocolHandler ["http-nio-8080"]
13-Jul-2025 08:41:47.603 SEVERE [main] org.apache.catalina.startup.Catalina.stopServer Could not contact [localhost:8005] (base port [8005] and offset [0]). Tomcat may not be running.
13-Jul-2025 08:41:47.613 SEVERE [main] org.apache.catalina.startup.Catalina.stopServer Error stopping Catalina
	java.net.ConnectException: Connection refused: connect
		at java.base/java.net.PlainSocketImpl.connect0(Native Method)
		at java.base/java.net.PlainSocketImpl.socketConnect(PlainSocketImpl.java:101)
		at java.base/java.net.AbstractPlainSocketImpl.doConnect(AbstractPlainSocketImpl.java:412)
		at java.base/java.net.AbstractPlainSocketImpl.connectToAddress(AbstractPlainSocketImpl.java:255)
		at java.base/java.net.AbstractPlainSocketImpl.connect(AbstractPlainSocketImpl.java:237)
		at java.base/java.net.SocksSocketImpl.connect(SocksSocketImpl.java:392)
		at java.base/java.net.Socket.connect(Socket.java:609)
		at java.base/java.net.Socket.connect(Socket.java:558)
		at java.base/java.net.Socket.<init>(Socket.java:454)
		at java.base/java.net.Socket.<init>(Socket.java:231)
		at org.apache.catalina.startup.Catalina.stopServer(Catalina.java:657)
		at java.base/jdk.internal.reflect.NativeMethodAccessorImpl.invoke0(Native Method)
		at java.base/jdk.internal.reflect.NativeMethodAccessorImpl.invoke(NativeMethodAccessorImpl.java:62)
		at java.base/jdk.internal.reflect.DelegatingMethodAccessorImpl.invoke(DelegatingMethodAccessorImpl.java:43)
		at java.base/java.lang.reflect.Method.invoke(Method.java:566)
		at org.apache.catalina.startup.Bootstrap.stopServer(Bootstrap.java:393)
		at org.apache.catalina.startup.Bootstrap.main(Bootstrap.java:482)
13-Jul-2025 08:44:12.390 INFO [main] org.apache.catalina.startup.VersionLoggerListener.log Server version name:   Apache Tomcat/10.1.43
13-Jul-2025 08:44:12.399 INFO [main] org.apache.catalina.startup.VersionLoggerListener.log Server built:          Jul 1 2025 21:30:20 UTC
13-Jul-2025 08:44:12.400 INFO [main] org.apache.catalina.startup.VersionLoggerListener.log Server version number: 10.1.43.0
13-Jul-2025 08:44:12.401 INFO [main] org.apache.catalina.startup.VersionLoggerListener.log OS Name:               Windows 11
13-Jul-2025 08:44:12.402 INFO [main] org.apache.catalina.startup.VersionLoggerListener.log OS Version:            10.0
13-Jul-2025 08:44:12.403 INFO [main] org.apache.catalina.startup.VersionLoggerListener.log Architecture:          amd64
13-Jul-2025 08:44:12.403 INFO [main] org.apache.catalina.startup.VersionLoggerListener.log Java Home:             C:\Program Files\Eclipse Adoptium\jdk-11.0.27.6-hotspot
13-Jul-2025 08:44:12.404 INFO [main] org.apache.catalina.startup.VersionLoggerListener.log JVM Version:           11.0.27+6
13-Jul-2025 08:44:12.404 INFO [main] org.apache.catalina.startup.VersionLoggerListener.log JVM Vendor:            Eclipse Adoptium
13-Jul-2025 08:44:12.404 INFO [main] org.apache.catalina.startup.VersionLoggerListener.log CATALINA_BASE:         C:\Users\saksh\Desktop\InventoryManagementSystem\apache-tomcat-10.1.43
13-Jul-2025 08:44:12.407 INFO [main] org.apache.catalina.startup.VersionLoggerListener.log CATALINA_HOME:         C:\Users\saksh\Desktop\InventoryManagementSystem\apache-tomcat-10.1.43
13-Jul-2025 08:44:12.452 INFO [main] org.apache.catalina.startup.VersionLoggerListener.log Command line argument: -Djava.util.logging.config.file=C:\Users\saksh\Desktop\InventoryManagementSystem\apache-tomcat-10.1.43\conf\logging.properties
13-Jul-2025 08:44:12.454 INFO [main] org.apache.catalina.startup.VersionLoggerListener.log Command line argument: -Djava.util.logging.manager=org.apache.juli.ClassLoaderLogManager
13-Jul-2025 08:44:12.454 INFO [main] org.apache.catalina.startup.VersionLoggerListener.log Command line argument: -Djdk.tls.ephemeralDHKeySize=2048
13-Jul-2025 08:44:12.454 INFO [main] org.apache.catalina.startup.VersionLoggerListener.log Command line argument: -Djava.protocol.handler.pkgs=org.apache.catalina.webresources
13-Jul-2025 08:44:12.456 INFO [main] org.apache.catalina.startup.VersionLoggerListener.log Command line argument: -Dsun.io.useCanonCaches=false
13-Jul-2025 08:44:12.456 INFO [main] org.apache.catalina.startup.VersionLoggerListener.log Command line argument: --add-opens=java.base/java.lang=ALL-UNNAMED
13-Jul-2025 08:44:12.456 INFO [main] org.apache.catalina.startup.VersionLoggerListener.log Command line argument: --add-opens=java.base/java.lang.reflect=ALL-UNNAMED
13-Jul-2025 08:44:12.458 INFO [main] org.apache.catalina.startup.VersionLoggerListener.log Command line argument: --add-opens=java.base/java.io=ALL-UNNAMED
13-Jul-2025 08:44:12.459 INFO [main] org.apache.catalina.startup.VersionLoggerListener.log Command line argument: --add-opens=java.base/java.util=ALL-UNNAMED
13-Jul-2025 08:44:12.460 INFO [main] org.apache.catalina.startup.VersionLoggerListener.log Command line argument: --add-opens=java.base/java.util.concurrent=ALL-UNNAMED
13-Jul-2025 08:44:12.460 INFO [main] org.apache.catalina.startup.VersionLoggerListener.log Command line argument: --add-opens=java.rmi/sun.rmi.transport=ALL-UNNAMED
13-Jul-2025 08:44:12.460 INFO [main] org.apache.catalina.startup.VersionLoggerListener.log Command line argument: -Dcatalina.base=C:\Users\saksh\Desktop\InventoryManagementSystem\apache-tomcat-10.1.43
13-Jul-2025 08:44:12.461 INFO [main] org.apache.catalina.startup.VersionLoggerListener.log Command line argument: -Dcatalina.home=C:\Users\saksh\Desktop\InventoryManagementSystem\apache-tomcat-10.1.43
13-Jul-2025 08:44:12.461 INFO [main] org.apache.catalina.startup.VersionLoggerListener.log Command line argument: -Djava.io.tmpdir=C:\Users\saksh\Desktop\InventoryManagementSystem\apache-tomcat-10.1.43\temp
13-Jul-2025 08:44:12.497 INFO [main] org.apache.catalina.core.AprLifecycleListener.lifecycleEvent The Apache Tomcat Native library which allows using OpenSSL was not found on the java.library.path: [C:\Program Files\Eclipse Adoptium\jdk-11.0.27.6-hotspot\bin;C:\WINDOWS\Sun\Java\bin;C:\WINDOWS\system32;C:\WINDOWS;C:\Program Files\Eclipse Adoptium\jdk-11.0.27.6-hotspot\bin;C:\Program Files\Eclipse Adoptium\jre-17.0.15.6-hotspot\bin;C:\Program Files\Common Files\Oracle\Java\javapath;C:\Program Files (x86)\Common Files\Oracle\Java\java8path;C:\Program Files (x86)\Common Files\Oracle\Java\javapath;C:\Program Files\Java\jdk1.8.0_202

\bin;C:\Program Files\Java\jre1.8.0_431\bin;C:\Python312\Scripts\;C:\Python312\;C:\Python311\Scripts\;C:\Python311\;C:\WINDOWS\system32;C:\WINDOWS;C:\WINDOWS\System32\Wbem;C:\WINDOWS\System32\WindowsPowerShell\v1.0\;C:\WINDOWS\System32\OpenSSH\;C:\Program Files\dotnet\;C:\Users\saksh\Downloads;C:\Users\saksh\Downloads\ForwardNotifier-master\ForwardNotifier-master\ForwardNotifier Client Tools\Windows SSH Client tool;C:\Users\saksh\Downloads\app files\ForwardNotifier-master\ForwardNotifier-master\ForwardNotifier Client Tools\Windows SSH Client tool;C:\ProgramData\chocolatey\bin;C:\Android;C:\Windows\System32;C:\WINDOWS\system32;C:\WINDOWS;C:\WINDOWS\System32\Wbem;C:\WINDOWS\System32\WindowsPowerShell\v1.0\;C:\WINDOWS\System32\OpenSSH\;C:\Program Files\Calibre2\;C:\Program Files\nodejs\;C:\Program Files\HP\HP One Agent;C:\flutter;C:\Program Files\MySQL\MySQL Server 8.0\bin;C:\Program Files\Git\cmd;C:\Program Files\Git\cmd;C:\Windows\System32;C:\Windows;C:\Users\saksh\AppData\Local\Android\sdk\cmdline-tools\latest\bin;C:\Users\saksh\AppData\Local\Android\sdk\cmdline-tools\bin;C:\Users\saksh\Desktop\InventoryManagementSystem\apache-maven-3.9.10\bin;C:\Users\saksh\Desktop\InventoryManagementSystem\apache-maven-3.9.10\bin;C:\Program Files\MySQL\MySQL Shell 8.0\bin\;C:\Program Files\platform-tools;C:\Users\saksh\AppData\Local\Microsoft\WindowsApps;C:\Users\saksh\.dotnet\tools;C:\Program Files\JetBrains\PyCharm Community Edition 2022.1.2\bin;C:\Users\saksh\AppData\Local\spicetify;C:\Users\saksh\.dotnet\tools;C:\MinGW\bin;C:\Users\saksh\AppData\Local\Microsoft\WindowsApps;C:\Users\saksh\AppData\Roaming\npm;C:\flutter\bin;C:\Program Files\JetBrains\PyCharm Community Edition 2024.1.4\bin;C:\Users\saksh\AppData\Local\GitHubDesktop\bin;C:\Users\saksh\AppData\Roaming\Python\Python312\Scripts;C:\Program Files\Java\jdk-23\bin;C:\Users\saksh\AppData\Local\Programs\Ollama;C:\Users\saksh\AppData\Local\Programs\Microsoft VS Code\bin;C:\Program Files\Git\cmd;C:\flutter\bin;C:\Users\saksh\AppData\Roaming\npm;C:\Users\saksh\Desktop\InventoryManagementSystem\apache-maven-3.9.10\bin;C:\Program Files\Eclipse Adoptium\jdk-11.0.27.6-hotspot\bin;;C:\Program Files\Git\cmd;.]
13-Jul-2025 08:44:13.076 INFO [main] org.apache.coyote.AbstractProtocol.init Initializing ProtocolHandler ["http-nio-8080"]
13-Jul-2025 08:44:13.146 INFO [main] org.apache.catalina.startup.Catalina.load Server initialization in [1288] milliseconds
13-Jul-2025 08:44:13.383 INFO [main] org.apache.catalina.core.StandardService.startInternal Starting service [Catalina]
13-Jul-2025 08:44:13.385 INFO [main] org.apache.catalina.core.StandardEngine.startInternal Starting Servlet engine: [Apache Tomcat/10.1.43]
13-Jul-2025 08:44:13.425 INFO [main] org.apache.catalina.startup.HostConfig.deployDescriptor Deploying deployment descriptor [C:\Users\saksh\Desktop\InventoryManagementSystem\apache-tomcat-10.1.43\conf\Catalina\localhost\InventoryManagementSystem#index.html.xml]
13-Jul-2025 08:44:13.602 SEVERE [main] org.apache.catalina.startup.HostConfig.deployDescriptor Error deploying deployment descriptor [C:\Users\saksh\Desktop\InventoryManagementSystem\apache-tomcat-10.1.43\conf\Catalina\localhost\InventoryManagementSystem#index.html.xml]
	java.lang.IllegalStateException: Error starting child
		at org.apache.catalina.core.ContainerBase.addChildInternal(ContainerBase.java:602)
		at org.apache.catalina.core.ContainerBase.addChild(ContainerBase.java:571)
		at org.apache.catalina.core.StandardHost.addChild(StandardHost.java:654)
		at org.apache.catalina.startup.HostConfig.deployDescriptor(HostConfig.java:632)
		at org.apache.catalina.startup.HostConfig$DeployDescriptor.run(HostConfig.java:1881)
		at java.base/java.util.concurrent.Executors$RunnableAdapter.call(Executors.java:515)
		at java.base/java.util.concurrent.FutureTask.run(FutureTask.java:264)
		at org.apache.tomcat.util.threads.InlineExecutorService.execute(InlineExecutorService.java:75)
		at java.base/java.util.concurrent.AbstractExecutorService.submit(AbstractExecutorService.java:118)
		at org.apache.catalina.startup.HostConfig.deployDescriptors(HostConfig.java:527)
		at org.apache.catalina.startup.HostConfig.deployApps(HostConfig.java:418)
		at org.apache.catalina.startup.HostConfig.start(HostConfig.java:1621)
		at org.apache.catalina.startup.HostConfig.lifecycleEvent(HostConfig.java:303)
		at org.apache.catalina.util.LifecycleBase.fireLifecycleEvent(LifecycleBase.java:109)
		at org.apache.catalina.util.LifecycleBase.setStateInternal(LifecycleBase.java:389)
		at org.apache.catalina.util.LifecycleBase.setState(LifecycleBase.java:336)
		at org.apache.catalina.core.ContainerBase.startInternal(ContainerBase.java:776)
		at org.apache.catalina.core.StandardHost.startInternal(StandardHost.java:772)
		at org.apache.catalina.util.LifecycleBase.start(LifecycleBase.java:164)
		at org.apache.catalina.core.ContainerBase$StartChild.call(ContainerBase.java:1203)
		at org.apache.catalina.core.ContainerBase$StartChild.call(ContainerBase.java:1193)
		at java.base/java.util.concurrent.FutureTask.run(FutureTask.java:264)
		at org.apache.tomcat.util.threads.InlineExecutorService.execute(InlineExecutorService.java:75)
		at java.base/java.util.concurrent.AbstractExecutorService.submit(AbstractExecutorService.java:140)
		at org.apache.catalina.core.ContainerBase.startInternal(ContainerBase.java:749)
		at org.apache.catalina.core.StandardEngine.startInternal(StandardEngine.java:203)
		at org.apache.catalina.util.LifecycleBase.start(LifecycleBase.java:164)
		at org.apache.catalina.core.StandardService.startInternal(StandardService.java:412)
		at org.apache.catalina.util.LifecycleBase.start(LifecycleBase.java:164)
		at org.apache.catalina.core.StandardServer.startInternal(StandardServer.java:870)
		at org.apache.catalina.util.LifecycleBase.start(LifecycleBase.java:164)
		at org.apache.catalina.startup.Catalina.start(Catalina.java:761)
		at java.base/jdk.internal.reflect.NativeMethodAccessorImpl.invoke0(Native Method)
		at java.base/jdk.internal.reflect.NativeMethodAccessorImpl.invoke(NativeMethodAccessorImpl.java:62)
		at java.base/jdk.internal.reflect.DelegatingMethodAccessorImpl.invoke(DelegatingMethodAccessorImpl.java:43)
		at java.base/java.lang.reflect.Method.invoke(Method.java:566)
		at org.apache.catalina.startup.Bootstrap.start(Bootstrap.java:345)
		at org.apache.catalina.startup.Bootstrap.main(Bootstrap.java:476)
	Caused by: org.apache.catalina.LifecycleException: Failed to initialize component [org.apache.catalina.webresources.DirResourceSet@1b765a2c]
		at org.apache.catalina.util.LifecycleBase.handleSubClassException(LifecycleBase.java:406)
		at org.apache.catalina.util.LifecycleBase.init(LifecycleBase.java:125)
		at org.apache.catalina.webresources.StandardRoot.initInternal(StandardRoot.java:698)
		at org.apache.catalina.util.LifecycleBase.init(LifecycleBase.java:122)
		at org.apache.catalina.util.LifecycleBase.start(LifecycleBase.java:155)
		at org.apache.catalina.core.StandardContext.resourcesStart(StandardContext.java:4159)
		at org.apache.catalina.core.StandardContext.startInternal(StandardContext.java:4281)
		at org.apache.catalina.util.LifecycleBase.start(LifecycleBase.java:164)
		at org.apache.catalina.core.ContainerBase.addChildInternal(ContainerBase.java:599)
		... 37 more
	Caused by: java.lang.IllegalArgumentException: The directory specified by base and internal path [C:/Users/saksh/Desktop/InventoryManagementSystem/target/classes]\[] does not exist.
		at org.apache.catalina.webresources.DirResourceSet.checkType(DirResourceSet.java:316)
		at org.apache.catalina.webresources.AbstractFileResourceSet.initInternal(AbstractFileResourceSet.java:239)
		at org.apache.catalina.webresources.DirResourceSet.initInternal(DirResourceSet.java:323)
		at org.apache.catalina.util.LifecycleBase.init(LifecycleBase.java:122)
		... 44 more
13-Jul-2025 08:44:13.608 INFO [main] org.apache.catalina.startup.HostConfig.deployDescriptor Deployment of deployment descriptor [C:\Users\saksh\Desktop\InventoryManagementSystem\apache-tomcat-10.1.43\conf\Catalina\localhost\InventoryManagementSystem#index.html.xml] has finished in [182] ms
13-Jul-2025 08:44:13.610 INFO [main] org.apache.catalina.startup.HostConfig.deployDirectory Deploying web application directory [C:\Users\saksh\Desktop\InventoryManagementSystem\apache-tomcat-10.1.43\webapps\docs]
13-Jul-2025 08:44:15.076 INFO [main] org.apache.jasper.servlet.TldScanner.scanJars At least one JAR was scanned for TLDs yet contained no TLDs. Enable debug logging for this logger for a complete list of JARs that were scanned but no TLDs were found in them. Skipping unneeded JARs during scanning can improve startup time and JSP compilation time.
13-Jul-2025 08:44:15.450 WARNING [main] org.apache.catalina.util.SessionIdGeneratorBase.createSecureRandom Creation of SecureRandom instance for session ID generation using [SHA1PRNG] took [291] milliseconds.
13-Jul-2025 08:44:15.525 INFO [main] org.apache.catalina.startup.HostConfig.deployDirectory Deployment of web application directory [C:\Users\saksh\Desktop\InventoryManagementSystem\apache-tomcat-10.1.43\webapps\docs] has finished in [1,914] ms
13-Jul-2025 08:44:15.526 INFO [main] org.apache.catalina.startup.HostConfig.deployDirectory Deploying web application directory [C:\Users\saksh\Desktop\InventoryManagementSystem\apache-tomcat-10.1.43\webapps\examples]
13-Jul-2025 08:44:16.881 INFO [main] org.apache.jasper.servlet.TldScanner.scanJars At least one JAR was scanned for TLDs yet contained no TLDs. Enable debug logging for this logger for a complete list of JARs that were scanned but no TLDs were found in them. Skipping unneeded JARs during scanning can improve startup time and JSP compilation time.
13-Jul-2025 08:44:17.029 INFO [main] org.apache.catalina.startup.HostConfig.deployDirectory Deployment of web application directory [C:\Users\saksh\Desktop\InventoryManagementSystem\apache-tomcat-10.1.43\webapps\examples] has finished in [1,502] ms
13-Jul-2025 08:44:17.030 INFO [main] org.apache.catalina.startup.HostConfig.deployDirectory Deploying web application directory [C:\Users\saksh\Desktop\InventoryManagementSystem\apache-tomcat-10.1.43\webapps\host-manager]
13-Jul-2025 08:44:17.559 INFO [main] org.apache.jasper.servlet.TldScanner.scanJars At least one JAR was scanned for TLDs yet contained no TLDs. Enable debug logging for this logger for a complete list of JARs that were scanned but no TLDs were found in them. Skipping unneeded JARs during scanning can improve startup time and JSP compilation time.
13-Jul-2025 08:44:17.631 INFO [main] org.apache.catalina.startup.HostConfig.deployDirectory Deployment of web application directory [C:\Users\saksh\Desktop\InventoryManagementSystem\apache-tomcat-10.1.43\webapps\host-manager] has finished in [602] ms
13-Jul-2025 08:44:17.633 INFO [main] org.apache.catalina.startup.HostConfig.deployDirectory Deploying web application directory [C:\Users\saksh\Desktop\InventoryManagementSystem\apache-tomcat-10.1.43\webapps\InventoryManagementSystem]
13-Jul-2025 08:44:17.739 SEVERE [main] org.apache.catalina.startup.HostConfig.deployDirectory Error deploying web application directory [C:\Users\saksh\Desktop\InventoryManagementSystem\apache-tomcat-10.1.43\webapps\InventoryManagementSystem]
	java.lang.IllegalStateException: Error starting child
		at org.apache.catalina.core.ContainerBase.addChildInternal(ContainerBase.java:602)
		at org.apache.catalina.core.ContainerBase.addChild(ContainerBase.java:571)
		at org.apache.catalina.core.StandardHost.addChild(StandardHost.java:654)
		at org.apache.catalina.startup.HostConfig.deployDirectory(HostConfig.java:1126)
		at org.apache.catalina.startup.HostConfig$DeployDirectory.run(HostConfig.java:1925)
		at java.base/java.util.concurrent.Executors$RunnableAdapter.call(Executors.java:515)
		at java.base/java.util.concurrent.FutureTask.run(FutureTask.java:264)
		at org.apache.tomcat.util.threads.InlineExecutorService.execute(InlineExecutorService.java:75)
		at java.base/java.util.concurrent.AbstractExecutorService.submit(AbstractExecutorService.java:118)
		at org.apache.catalina.startup.HostConfig.deployDirectories(HostConfig.java:1037)
		at org.apache.catalina.startup.HostConfig.deployApps(HostConfig.java:422)
		at org.apache.catalina.startup.HostConfig.start(HostConfig.java:1621)
		at org.apache.catalina.startup.HostConfig.lifecycleEvent(HostConfig.java:303)
		at org.apache.catalina.util.LifecycleBase.fireLifecycleEvent(LifecycleBase.java:109)
		at org.apache.catalina.util.LifecycleBase.setStateInternal(LifecycleBase.java:389)
		at org.apache.catalina.util.LifecycleBase.setState(LifecycleBase.java:336)
		at org.apache.catalina.core.ContainerBase.startInternal(ContainerBase.java:776)
		at org.apache.catalina.core.StandardHost.startInternal(StandardHost.java:772)
		at org.apache.catalina.util.LifecycleBase.start(LifecycleBase.java:164)
		at org.apache.catalina.core.ContainerBase$StartChild.call(ContainerBase.java:1203)
		at org.apache.catalina.core.ContainerBase$StartChild.call(ContainerBase.java:1193)
		at java.base/java.util.concurrent.FutureTask.run(FutureTask.java:264)
		at org.apache.tomcat.util.threads.InlineExecutorService.execute(InlineExecutorService.java:75)
		at java.base/java.util.concurrent.AbstractExecutorService.submit(AbstractExecutorService.java:140)
		at org.apache.catalina.core.ContainerBase.startInternal(ContainerBase.java:749)
		at org.apache.catalina.core.StandardEngine.startInternal(StandardEngine.java:203)
		at org.apache.catalina.util.LifecycleBase.start(LifecycleBase.java:164)
		at org.apache.catalina.core.StandardService.startInternal(StandardService.java:412)
		at org.apache.catalina.util.LifecycleBase.start(LifecycleBase.java:164)
		at org.apache.catalina.core.StandardServer.startInternal(StandardServer.java:870)
		at org.apache.catalina.util.LifecycleBase.start(LifecycleBase.java:164)
		at org.apache.catalina.startup.Catalina.start(Catalina.java:761)
		at java.base/jdk.internal.reflect.NativeMethodAccessorImpl.invoke0(Native Method)
		at java.base/jdk.internal.reflect.NativeMethodAccessorImpl.invoke(NativeMethodAccessorImpl.java:62)
		at java.base/jdk.internal.reflect.DelegatingMethodAccessorImpl.invoke(DelegatingMethodAccessorImpl.java:43)
		at java.base/java.lang.reflect.Method.invoke(Method.java:566)
		at org.apache.catalina.startup.Bootstrap.start(Bootstrap.java:345)
		at org.apache.catalina.startup.Bootstrap.main(Bootstrap.java:476)
	Caused by: org.apache.catalina.LifecycleException: Failed to start component [StandardEngine[Catalina].StandardHost[localhost].StandardContext[/InventoryManagementSystem]]
		at org.apache.catalina.util.LifecycleBase.handleSubClassException(LifecycleBase.java:406)
		at org.apache.catalina.util.LifecycleBase.start(LifecycleBase.java:179)
		at org.apache.catalina.core.ContainerBase.addChildInternal(ContainerBase.java:599)
		... 37 more
	Caused by: java.lang.IllegalArgumentException: The servlets named [LoginServlet] and [com.ims.servlet.LoginServlet] are both mapped to the url-pattern [/LoginServlet] which is not permitted
		at org.apache.tomcat.util.descriptor.web.WebXml.addServletMappingDecoded(WebXml.java:415)
		at org.apache.tomcat.util.descriptor.web.WebXml.addServletMapping(WebXml.java:406)
		at org.apache.catalina.startup.ContextConfig.processAnnotationWebServlet(ContextConfig.java:2547)
		at org.apache.catalina.startup.ContextConfig.processClass(ContextConfig.java:2253)
		at org.apache.catalina.startup.ContextConfig.processAnnotationsStream(ContextConfig.java:2242)
		at org.apache.catalina.startup.ContextConfig.processAnnotationsWebResource(ContextConfig.java:2153)
		at org.apache.catalina.startup.ContextConfig.processAnnotationsWebResource(ContextConfig.java:2148)
		at org.apache.catalina.startup.ContextConfig.processAnnotationsWebResource(ContextConfig.java:2148)
		at org.apache.catalina.startup.ContextConfig.processAnnotationsWebResource(ContextConfig.java:2148)
		at org.apache.catalina.startup.ContextConfig.processClasses(ContextConfig.java:1361)
		at org.apache.catalina.startup.ContextConfig.webConfig(ContextConfig.java:1271)
		at org.apache.catalina.startup.ContextConfig.configureStart(ContextConfig.java:972)
		at org.apache.catalina.startup.ContextConfig.lifecycleEvent(ContextConfig.java:290)
		at org.apache.catalina.util.LifecycleBase.fireLifecycleEvent(LifecycleBase.java:109)
		at org.apache.catalina.core.StandardContext.startInternal(StandardContext.java:4380)
		at org.apache.catalina.util.LifecycleBase.start(LifecycleBase.java:164)
		... 38 more
13-Jul-2025 08:44:17.743 INFO [main] org.apache.catalina.startup.HostConfig.deployDirectory Deployment of web application directory [C:\Users\saksh\Desktop\InventoryManagementSystem\apache-tomcat-10.1.43\webapps\InventoryManagementSystem] has finished in [111] ms
13-Jul-2025 08:44:17.744 INFO [main] org.apache.catalina.startup.HostConfig.deployDirectory Deploying web application directory [C:\Users\saksh\Desktop\InventoryManagementSystem\apache-tomcat-10.1.43\webapps\manager]
13-Jul-2025 08:44:18.610 INFO [main] org.apache.jasper.servlet.TldScanner.scanJars At least one JAR was scanned for TLDs yet contained no TLDs. Enable debug logging for this logger for a complete list of JARs that were scanned but no TLDs were found in them. Skipping unneeded JARs during scanning can improve startup time and JSP compilation time.
13-Jul-2025 08:44:18.614 INFO [main] org.apache.catalina.startup.HostConfig.deployDirectory Deployment of web application directory [C:\Users\saksh\Desktop\InventoryManagementSystem\apache-tomcat-10.1.43\webapps\manager] has finished in [869] ms
13-Jul-2025 08:44:18.614 INFO [main] org.apache.catalina.startup.HostConfig.deployDirectory Deploying web application directory [C:\Users\saksh\Desktop\InventoryManagementSystem\apache-tomcat-10.1.43\webapps\ROOT]
13-Jul-2025 08:44:19.099 INFO [main] org.apache.jasper.servlet.TldScanner.scanJars At least one JAR was scanned for TLDs yet contained no TLDs. Enable debug logging for this logger for a complete list of JARs that were scanned but no TLDs were found in them. Skipping unneeded JARs during scanning can improve startup time and JSP compilation time.
13-Jul-2025 08:44:19.107 INFO [main] org.apache.catalina.startup.HostConfig.deployDirectory Deployment of web application directory [C:\Users\saksh\Desktop\InventoryManagementSystem\apache-tomcat-10.1.43\webapps\ROOT] has finished in [492] ms
13-Jul-2025 08:44:19.116 INFO [main] org.apache.coyote.AbstractProtocol.start Starting ProtocolHandler ["http-nio-8080"]
13-Jul-2025 08:44:19.685 INFO [main] org.apache.catalina.startup.Catalina.start Server startup in [6537] milliseconds
13-Jul-2025 08:44:59.170 INFO [Catalina-utility-1] org.apache.catalina.startup.HostConfig.undeploy Undeploying context [/InventoryManagementSystem/index.html]
13-Jul-2025 08:44:59.222 INFO [Catalina-utility-1] org.apache.catalina.startup.HostConfig.deployDescriptor Deploying deployment descriptor [C:\Users\saksh\Desktop\InventoryManagementSystem\apache-tomcat-10.1.43\conf\Catalina\localhost\InventoryManagementSystem#index.html.xml]
13-Jul-2025 08:44:59.199 INFO [main] org.apache.catalina.startup.VersionLoggerListener.log Server version name:   Apache Tomcat/10.1.43
13-Jul-2025 08:44:59.214 INFO [main] org.apache.catalina.startup.VersionLoggerListener.log Server built:          Jul 1 2025 21:30:20 UTC
13-Jul-2025 08:44:59.215 INFO [main] org.apache.catalina.startup.VersionLoggerListener.log Server version number: 10.1.43.0
13-Jul-2025 08:44:59.215 INFO [main] org.apache.catalina.startup.VersionLoggerListener.log OS Name:               Windows 11
13-Jul-2025 08:44:59.216 INFO [main] org.apache.catalina.startup.VersionLoggerListener.log OS Version:            10.0
13-Jul-2025 08:44:59.216 INFO [main] org.apache.catalina.startup.VersionLoggerListener.log Architecture:          amd64
13-Jul-2025 08:44:59.216 INFO [main] org.apache.catalina.startup.VersionLoggerListener.log Java Home:             C:\Program Files\Java\jdk-11
13-Jul-2025 08:44:59.216 INFO [main] org.apache.catalina.startup.VersionLoggerListener.log JVM Version:           11.0.26+7-LTS-187
13-Jul-2025 08:44:59.217 INFO [main] org.apache.catalina.startup.VersionLoggerListener.log JVM Vendor:            Oracle Corporation
13-Jul-2025 08:44:59.217 INFO [main] org.apache.catalina.startup.VersionLoggerListener.log CATALINA_BASE:         C:\Users\saksh\Desktop\InventoryManagementSystem\apache-tomcat-10.1.43
13-Jul-2025 08:44:59.217 INFO [main] org.apache.catalina.startup.VersionLoggerListener.log CATALINA_HOME:         C:\Users\saksh\Desktop\InventoryManagementSystem\apache-tomcat-10.1.43
13-Jul-2025 08:44:59.245 INFO [main] org.apache.catalina.startup.VersionLoggerListener.log Command line argument: --add-opens=java.base/java.lang=ALL-UNNAMED
13-Jul-2025 08:44:59.246 INFO [main] org.apache.catalina.startup.VersionLoggerListener.log Command line argument: --add-opens=java.base/java.io=ALL-UNNAMED
13-Jul-2025 08:44:59.246 INFO [main] org.apache.catalina.startup.VersionLoggerListener.log Command line argument: --add-opens=java.base/java.util=ALL-UNNAMED
13-Jul-2025 08:44:59.246 INFO [main] org.apache.catalina.startup.VersionLoggerListener.log Command line argument: --add-opens=java.base/java.util.concurrent=ALL-UNNAMED
13-Jul-2025 08:44:59.246 INFO [main] org.apache.catalina.startup.VersionLoggerListener.log Command line argument: --add-opens=java.rmi/sun.rmi.transport=ALL-UNNAMED
13-Jul-2025 08:44:59.246 INFO [main] org.apache.catalina.startup.VersionLoggerListener.log Command line argument: -Dcatalina.home=C:\Users\saksh\Desktop\InventoryManagementSystem\apache-tomcat-10.1.43
13-Jul-2025 08:44:59.247 INFO [main] org.apache.catalina.startup.VersionLoggerListener.log Command line argument: -Dcatalina.base=C:\Users\saksh\Desktop\InventoryManagementSystem\apache-tomcat-10.1.43
13-Jul-2025 08:44:59.247 INFO [main] org.apache.catalina.startup.VersionLoggerListener.log Command line argument: -Djava.io.tmpdir=C:\Users\saksh\Desktop\InventoryManagementSystem\apache-tomcat-10.1.43\temp
13-Jul-2025 08:44:59.247 INFO [main] org.apache.catalina.startup.VersionLoggerListener.log Command line argument: -Djava.util.logging.config.file=C:\Users\saksh\Desktop\InventoryManagementSystem\apache-tomcat-10.1.43\conf\logging.properties
13-Jul-2025 08:44:59.247 INFO [main] org.apache.catalina.startup.VersionLoggerListener.log Command line argument: -Djava.util.logging.manager=org.apache.juli.ClassLoaderLogManager
13-Jul-2025 08:44:59.248 INFO [main] org.apache.catalina.startup.VersionLoggerListener.log Command line argument: -javaagent:C:\Program Files\JetBrains\IntelliJ IDEA Community Edition 2024.3.4.1\lib\idea_rt.jar=26381
13-Jul-2025 08:44:59.248 INFO [main] org.apache.catalina.startup.VersionLoggerListener.log Command line argument: -Dfile.encoding=UTF-8
13-Jul-2025 08:44:59.283 INFO [main] org.apache.catalina.core.AprLifecycleListener.lifecycleEvent The Apache Tomcat Native library which allows using OpenSSL was not found on the java.library.path: [C:\Program Files\Java\jdk-11\bin;C:\WINDOWS\Sun\Java\bin;C:\WINDOWS\system32;C:\WINDOWS;C:\Program Files\Eclipse Adoptium\jdk-11.0.27.6-hotspot\bin;C:\Program Files\Eclipse Adoptium\jre-17.0.15.6-hotspot\bin;C:\Program Files\Common Files\Oracle\Java\javapath;C:\Program Files (x86)\Common Files\Oracle\Java\java8path;C:\Program Files (x86)\Common Files\Oracle\Java\javapath;C:\Program Files\Java\jdk1.8.0_202

\bin;C:\Program Files\Java\jre1.8.0_431\bin;C:\Python312\Scripts\;C:\Python312\;C:\Python311\Scripts\;C:\Python311\;C:\WINDOWS\system32;C:\WINDOWS;C:\WINDOWS\System32\Wbem;C:\WINDOWS\System32\WindowsPowerShell\v1.0\;C:\WINDOWS\System32\OpenSSH\;C:\Program Files\dotnet\;C:\Users\saksh\Downloads;C:\Users\saksh\Downloads\ForwardNotifier-master\ForwardNotifier-master\ForwardNotifier Client Tools\Windows SSH Client tool;C:\Users\saksh\Downloads\app files\ForwardNotifier-master\ForwardNotifier-master\ForwardNotifier Client Tools\Windows SSH Client tool;C:\ProgramData\chocolatey\bin;C:\Android;C:\Windows\System32;C:\WINDOWS\system32;C:\WINDOWS;C:\WINDOWS\System32\Wbem;C:\WINDOWS\System32\WindowsPowerShell\v1.0\;C:\WINDOWS\System32\OpenSSH\;C:\Program Files\Calibre2\;C:\Program Files\nodejs\;C:\Program Files\HP\HP One Agent;C:\flutter;C:\Program Files\MySQL\MySQL Server 8.0\bin;C:\Program Files\Git\cmd;C:\Program Files\Git\cmd;C:\Windows\System32;C:\Windows;C:\Users\saksh\AppData\Local\Android\sdk\cmdline-tools\latest\bin;C:\Users\saksh\AppData\Local\Android\sdk\cmdline-tools\bin;C:\Users\saksh\Desktop\InventoryManagementSystem\apache-maven-3.9.10\bin;C:\Users\saksh\Desktop\InventoryManagementSystem\apache-maven-3.9.10\bin;C:\Program Files\MySQL\MySQL Shell 8.0\bin\;C:\Program Files\platform-tools;C:\Users\saksh\AppData\Local\Microsoft\WindowsApps;C:\Users\saksh\.dotnet\tools;C:\Program Files\JetBrains\PyCharm Community Edition 2022.1.2\bin;C:\Users\saksh\AppData\Local\spicetify;C:\Users\saksh\.dotnet\tools;C:\MinGW\bin;C:\Users\saksh\AppData\Local\Microsoft\WindowsApps;C:\Users\saksh\AppData\Roaming\npm;C:\flutter\bin;C:\Program Files\JetBrains\PyCharm Community Edition 2024.1.4\bin;C:\Users\saksh\AppData\Local\GitHubDesktop\bin;C:\Users\saksh\AppData\Roaming\Python\Python312\Scripts;C:\Program Files\Java\jdk-23\bin;C:\Users\saksh\AppData\Local\Programs\Ollama;C:\Users\saksh\AppData\Local\Programs\Microsoft VS Code\bin;C:\Program Files\Git\cmd;C:\flutter\bin;C:\Users\saksh\AppData\Roaming\npm;C:\Users\saksh\Desktop\InventoryManagementSystem\apache-maven-3.9.10\bin;C:\Program Files\Eclipse Adoptium\jdk-11.0.27.6-hotspot\bin;;.]
13-Jul-2025 08:45:00.151 INFO [main] org.apache.coyote.AbstractProtocol.init Initializing ProtocolHandler ["http-nio-8080"]
13-Jul-2025 08:45:00.181 SEVERE [main] org.apache.catalina.util.LifecycleBase.handleSubClassException Failed to initialize component [Connector["http-nio-8080"]]
	org.apache.catalina.LifecycleException: Protocol handler initialization failed
		at org.apache.catalina.connector.Connector.initInternal(Connector.java:1075)
		at org.apache.catalina.util.LifecycleBase.init(LifecycleBase.java:122)
		at org.apache.catalina.core.StandardService.initInternal(StandardService.java:522)
		at org.apache.catalina.util.LifecycleBase.init(LifecycleBase.java:122)
		at org.apache.catalina.core.StandardServer.initInternal(StandardServer.java:957)
		at org.apache.catalina.util.LifecycleBase.init(LifecycleBase.java:122)
		at org.apache.catalina.startup.Catalina.load(Catalina.java:712)
		at org.apache.catalina.startup.Catalina.load(Catalina.java:735)
		at java.base/jdk.internal.reflect.NativeMethodAccessorImpl.invoke0(Native Method)
		at java.base/jdk.internal.reflect.NativeMethodAccessorImpl.invoke(NativeMethodAccessorImpl.java:62)
		at java.base/jdk.internal.reflect.DelegatingMethodAccessorImpl.invoke(DelegatingMethodAccessorImpl.java:43)
		at java.base/java.lang.reflect.Method.invoke(Method.java:566)
		at org.apache.catalina.startup.Bootstrap.load(Bootstrap.java:302)
		at org.apache.catalina.startup.Bootstrap.main(Bootstrap.java:475)
	Caused by: java.net.BindException: Address already in use: bind
		at java.base/sun.nio.ch.Net.bind0(Native Method)
		at java.base/sun.nio.ch.Net.bind(Net.java:459)
		at java.base/sun.nio.ch.Net.bind(Net.java:448)
		at java.base/sun.nio.ch.ServerSocketChannelImpl.bind(ServerSocketChannelImpl.java:227)
		at org.apache.tomcat.util.net.NioEndpoint.initServerSocket(NioEndpoint.java:266)
		at org.apache.tomcat.util.net.NioEndpoint.bind(NioEndpoint.java:221)
		at org.apache.tomcat.util.net.AbstractEndpoint.bindWithCleanup(AbstractEndpoint.java:1399)
		at org.apache.tomcat.util.net.AbstractEndpoint.init(AbstractEndpoint.java:1412)
		at org.apache.coyote.AbstractProtocol.init(AbstractProtocol.java:633)
		at org.apache.coyote.http11.AbstractHttp11Protocol.init(AbstractHttp11Protocol.java:82)
		at org.apache.catalina.connector.Connector.initInternal(Connector.java:1073)
		... 13 more
13-Jul-2025 08:45:00.186 INFO [main] org.apache.catalina.startup.Catalina.load Server initialization in [1718] milliseconds
13-Jul-2025 08:45:00.355 INFO [main] org.apache.catalina.core.StandardService.startInternal Starting service [Catalina]
13-Jul-2025 08:45:00.356 INFO [main] org.apache.catalina.core.StandardEngine.startInternal Starting Servlet engine: [Apache Tomcat/10.1.43]
13-Jul-2025 08:45:00.397 INFO [main] org.apache.catalina.startup.HostConfig.deployDescriptor Deploying deployment descriptor [C:\Users\saksh\Desktop\InventoryManagementSystem\apache-tomcat-10.1.43\conf\Catalina\localhost\InventoryManagementSystem#index.html.xml]
13-Jul-2025 08:45:00.670 WARNING [main] org.apache.catalina.webresources.DirResourceSet.initInternal Disabled the global canonical file name cache to protect against CVE-2024-56337 when starting the WebResourceSet at [C:\Users\saksh\Desktop\InventoryManagementSystem\target\classes] which is part of the web application [/InventoryManagementSystem/index.html]
13-Jul-2025 08:45:03.733 INFO [Catalina-utility-1] org.apache.jasper.servlet.TldScanner.scanJars At least one JAR was scanned for TLDs yet contained no TLDs. Enable debug logging for this logger for a complete list of JARs that were scanned but no TLDs were found in them. Skipping unneeded JARs during scanning can improve startup time and JSP compilation time.
13-Jul-2025 08:45:04.032 INFO [Catalina-utility-1] org.apache.catalina.startup.HostConfig.deployDescriptor Deployment of deployment descriptor [C:\Users\saksh\Desktop\InventoryManagementSystem\apache-tomcat-10.1.43\conf\Catalina\localhost\InventoryManagementSystem#index.html.xml] has finished in [4,809] ms
13-Jul-2025 08:45:04.108 INFO [main] org.apache.jasper.servlet.TldScanner.scanJars At least one JAR was scanned for TLDs yet contained no TLDs. Enable debug logging for this logger for a complete list of JARs that were scanned but no TLDs were found in them. Skipping unneeded JARs during scanning can improve startup time and JSP compilation time.
13-Jul-2025 08:45:04.561 WARNING [main] org.apache.catalina.util.SessionIdGeneratorBase.createSecureRandom Creation of SecureRandom instance for session ID generation using [SHA1PRNG] took [299] milliseconds.
13-Jul-2025 08:45:04.604 INFO [main] org.apache.catalina.startup.HostConfig.deployDescriptor Deployment of deployment descriptor [C:\Users\saksh\Desktop\InventoryManagementSystem\apache-tomcat-10.1.43\conf\Catalina\localhost\InventoryManagementSystem#index.html.xml] has finished in [4,207] ms
13-Jul-2025 08:45:04.606 INFO [main] org.apache.catalina.startup.HostConfig.deployDirectory Deploying web application directory [C:\Users\saksh\Desktop\InventoryManagementSystem\apache-tomcat-10.1.43\webapps\docs]
13-Jul-2025 08:45:05.171 INFO [main] org.apache.jasper.servlet.TldScanner.scanJars At least one JAR was scanned for TLDs yet contained no TLDs. Enable debug logging for this logger for a complete list of JARs that were scanned but no TLDs were found in them. Skipping unneeded JARs during scanning can improve startup time and JSP compilation time.
13-Jul-2025 08:45:05.175 INFO [main] org.apache.catalina.startup.HostConfig.deployDirectory Deployment of web application directory [C:\Users\saksh\Desktop\InventoryManagementSystem\apache-tomcat-10.1.43\webapps\docs] has finished in [570] ms
13-Jul-2025 08:45:05.176 INFO [main] org.apache.catalina.startup.HostConfig.deployDirectory Deploying web application directory [C:\Users\saksh\Desktop\InventoryManagementSystem\apache-tomcat-10.1.43\webapps\examples]
13-Jul-2025 08:45:06.150 INFO [main] org.apache.jasper.servlet.TldScanner.scanJars At least one JAR was scanned for TLDs yet contained no TLDs. Enable debug logging for this logger for a complete list of JARs that were scanned but no TLDs were found in them. Skipping unneeded JARs during scanning can improve startup time and JSP compilation time.
13-Jul-2025 08:45:06.287 INFO [main] org.apache.catalina.startup.HostConfig.deployDirectory Deployment of web application directory [C:\Users\saksh\Desktop\InventoryManagementSystem\apache-tomcat-10.1.43\webapps\examples] has finished in [1,111] ms
13-Jul-2025 08:45:06.288 INFO [main] org.apache.catalina.startup.HostConfig.deployDirectory Deploying web application directory [C:\Users\saksh\Desktop\InventoryManagementSystem\apache-tomcat-10.1.43\webapps\host-manager]
13-Jul-2025 08:45:06.874 INFO [main] org.apache.jasper.servlet.TldScanner.scanJars At least one JAR was scanned for TLDs yet contained no TLDs. Enable debug logging for this logger for a complete list of JARs that were scanned but no TLDs were found in them. Skipping unneeded JARs during scanning can improve startup time and JSP compilation time.
13-Jul-2025 08:45:06.892 INFO [main] org.apache.catalina.startup.HostConfig.deployDirectory Deployment of web application directory [C:\Users\saksh\Desktop\InventoryManagementSystem\apache-tomcat-10.1.43\webapps\host-manager] has finished in [604] ms
13-Jul-2025 08:45:06.893 INFO [main] org.apache.catalina.startup.HostConfig.deployDirectory Deploying web application directory [C:\Users\saksh\Desktop\InventoryManagementSystem\apache-tomcat-10.1.43\webapps\InventoryManagementSystem]
13-Jul-2025 08:45:06.968 SEVERE [main] org.apache.catalina.startup.HostConfig.deployDirectory Error deploying web application directory [C:\Users\saksh\Desktop\InventoryManagementSystem\apache-tomcat-10.1.43\webapps\InventoryManagementSystem]
	java.lang.IllegalStateException: Error starting child
		at org.apache.catalina.core.ContainerBase.addChildInternal(ContainerBase.java:602)
		at org.apache.catalina.core.ContainerBase.addChild(ContainerBase.java:571)
		at org.apache.catalina.core.StandardHost.addChild(StandardHost.java:654)
		at org.apache.catalina.startup.HostConfig.deployDirectory(HostConfig.java:1126)
		at org.apache.catalina.startup.HostConfig$DeployDirectory.run(HostConfig.java:1925)
		at java.base/java.util.concurrent.Executors$RunnableAdapter.call(Executors.java:515)
		at java.base/java.util.concurrent.FutureTask.run(FutureTask.java:264)
		at org.apache.tomcat.util.threads.InlineExecutorService.execute(InlineExecutorService.java:75)
		at java.base/java.util.concurrent.AbstractExecutorService.submit(AbstractExecutorService.java:118)
		at org.apache.catalina.startup.HostConfig.deployDirectories(HostConfig.java:1037)
		at org.apache.catalina.startup.HostConfig.deployApps(HostConfig.java:422)
		at org.apache.catalina.startup.HostConfig.start(HostConfig.java:1621)
		at org.apache.catalina.startup.HostConfig.lifecycleEvent(HostConfig.java:303)
		at org.apache.catalina.util.LifecycleBase.fireLifecycleEvent(LifecycleBase.java:109)
		at org.apache.catalina.util.LifecycleBase.setStateInternal(LifecycleBase.java:389)
		at org.apache.catalina.util.LifecycleBase.setState(LifecycleBase.java:336)
		at org.apache.catalina.core.ContainerBase.startInternal(ContainerBase.java:776)
		at org.apache.catalina.core.StandardHost.startInternal(StandardHost.java:772)
		at org.apache.catalina.util.LifecycleBase.start(LifecycleBase.java:164)
		at org.apache.catalina.core.ContainerBase$StartChild.call(ContainerBase.java:1203)
		at org.apache.catalina.core.ContainerBase$StartChild.call(ContainerBase.java:1193)
		at java.base/java.util.concurrent.FutureTask.run(FutureTask.java:264)
		at org.apache.tomcat.util.threads.InlineExecutorService.execute(InlineExecutorService.java:75)
		at java.base/java.util.concurrent.AbstractExecutorService.submit(AbstractExecutorService.java:140)
		at org.apache.catalina.core.ContainerBase.startInternal(ContainerBase.java:749)
		at org.apache.catalina.core.StandardEngine.startInternal(StandardEngine.java:203)
		at org.apache.catalina.util.LifecycleBase.start(LifecycleBase.java:164)
		at org.apache.catalina.core.StandardService.startInternal(StandardService.java:412)
		at org.apache.catalina.util.LifecycleBase.start(LifecycleBase.java:164)
		at org.apache.catalina.core.StandardServer.startInternal(StandardServer.java:870)
		at org.apache.catalina.util.LifecycleBase.start(LifecycleBase.java:164)
		at org.apache.catalina.startup.Catalina.start(Catalina.java:761)
		at java.base/jdk.internal.reflect.NativeMethodAccessorImpl.invoke0(Native Method)
		at java.base/jdk.internal.reflect.NativeMethodAccessorImpl.invoke(NativeMethodAccessorImpl.java:62)
		at java.base/jdk.internal.reflect.DelegatingMethodAccessorImpl.invoke(DelegatingMethodAccessorImpl.java:43)
		at java.base/java.lang.reflect.Method.invoke(Method.java:566)
		at org.apache.catalina.startup.Bootstrap.start(Bootstrap.java:345)
		at org.apache.catalina.startup.Bootstrap.main(Bootstrap.java:476)
	Caused by: org.apache.catalina.LifecycleException: Failed to start component [StandardEngine[Catalina].StandardHost[localhost].StandardContext[/InventoryManagementSystem]]
		at org.apache.catalina.util.LifecycleBase.handleSubClassException(LifecycleBase.java:406)
		at org.apache.catalina.util.LifecycleBase.start(LifecycleBase.java:179)
		at org.apache.catalina.core.ContainerBase.addChildInternal(ContainerBase.java:599)
		... 37 more
	Caused by: java.lang.IllegalArgumentException: The servlets named [LoginServlet] and [com.ims.servlet.LoginServlet] are both mapped to the url-pattern [/LoginServlet] which is not permitted
		at org.apache.tomcat.util.descriptor.web.WebXml.addServletMappingDecoded(WebXml.java:415)
		at org.apache.tomcat.util.descriptor.web.WebXml.addServletMapping(WebXml.java:406)
		at org.apache.catalina.startup.ContextConfig.processAnnotationWebServlet(ContextConfig.java:2547)
		at org.apache.catalina.startup.ContextConfig.processClass(ContextConfig.java:2253)
		at org.apache.catalina.startup.ContextConfig.processAnnotationsStream(ContextConfig.java:2242)
		at org.apache.catalina.startup.ContextConfig.processAnnotationsWebResource(ContextConfig.java:2153)
		at org.apache.catalina.startup.ContextConfig.processAnnotationsWebResource(ContextConfig.java:2148)
		at org.apache.catalina.startup.ContextConfig.processAnnotationsWebResource(ContextConfig.java:2148)
		at org.apache.catalina.startup.ContextConfig.processAnnotationsWebResource(ContextConfig.java:2148)
		at org.apache.catalina.startup.ContextConfig.processClasses(ContextConfig.java:1361)
		at org.apache.catalina.startup.ContextConfig.webConfig(ContextConfig.java:1271)
		at org.apache.catalina.startup.ContextConfig.configureStart(ContextConfig.java:972)
		at org.apache.catalina.startup.ContextConfig.lifecycleEvent(ContextConfig.java:290)
		at org.apache.catalina.util.LifecycleBase.fireLifecycleEvent(LifecycleBase.java:109)
		at org.apache.catalina.core.StandardContext.startInternal(StandardContext.java:4380)
		at org.apache.catalina.util.LifecycleBase.start(LifecycleBase.java:164)
		... 38 more
13-Jul-2025 08:45:06.978 INFO [main] org.apache.catalina.startup.HostConfig.deployDirectory Deployment of web application directory [C:\Users\saksh\Desktop\InventoryManagementSystem\apache-tomcat-10.1.43\webapps\InventoryManagementSystem] has finished in [83] ms
13-Jul-2025 08:45:06.979 INFO [main] org.apache.catalina.startup.HostConfig.deployDirectory Deploying web application directory [C:\Users\saksh\Desktop\InventoryManagementSystem\apache-tomcat-10.1.43\webapps\manager]
13-Jul-2025 08:45:07.543 INFO [main] org.apache.jasper.servlet.TldScanner.scanJars At least one JAR was scanned for TLDs yet contained no TLDs. Enable debug logging for this logger for a complete list of JARs that were scanned but no TLDs were found in them. Skipping unneeded JARs during scanning can improve startup time and JSP compilation time.
13-Jul-2025 08:45:07.549 INFO [main] org.apache.catalina.startup.HostConfig.deployDirectory Deployment of web application directory [C:\Users\saksh\Desktop\InventoryManagementSystem\apache-tomcat-10.1.43\webapps\manager] has finished in [568] ms
13-Jul-2025 08:45:07.549 INFO [main] org.apache.catalina.startup.HostConfig.deployDirectory Deploying web application directory [C:\Users\saksh\Desktop\InventoryManagementSystem\apache-tomcat-10.1.43\webapps\ROOT]
13-Jul-2025 08:45:07.947 INFO [main] org.apache.jasper.servlet.TldScanner.scanJars At least one JAR was scanned for TLDs yet contained no TLDs. Enable debug logging for this logger for a complete list of JARs that were scanned but no TLDs were found in them. Skipping unneeded JARs during scanning can improve startup time and JSP compilation time.
13-Jul-2025 08:45:07.954 INFO [main] org.apache.catalina.startup.HostConfig.deployDirectory Deployment of web application directory [C:\Users\saksh\Desktop\InventoryManagementSystem\apache-tomcat-10.1.43\webapps\ROOT] has finished in [405] ms
13-Jul-2025 08:45:07.962 INFO [main] org.apache.catalina.startup.Catalina.start Server startup in [7776] milliseconds
13-Jul-2025 08:45:07.985 SEVERE [main] org.apache.catalina.core.StandardServer.await Failed to create server shutdown socket on address [localhost] and port [8005] (base port [8005] and offset [0])
	java.net.BindException: Address already in use: NET_Bind
		at java.base/java.net.PlainSocketImpl.bind0(Native Method)
		at java.base/java.net.PlainSocketImpl.socketBind(PlainSocketImpl.java:132)
		at java.base/java.net.AbstractPlainSocketImpl.bind(AbstractPlainSocketImpl.java:452)
		at java.base/java.net.ServerSocket.bind(ServerSocket.java:381)
		at java.base/java.net.ServerSocket.<init>(ServerSocket.java:243)
		at org.apache.catalina.core.StandardServer.await(StandardServer.java:533)
		at org.apache.catalina.startup.Catalina.await(Catalina.java:851)
		at org.apache.catalina.startup.Catalina.start(Catalina.java:799)
		at java.base/jdk.internal.reflect.NativeMethodAccessorImpl.invoke0(Native Method)
		at java.base/jdk.internal.reflect.NativeMethodAccessorImpl.invoke(NativeMethodAccessorImpl.java:62)
		at java.base/jdk.internal.reflect.DelegatingMethodAccessorImpl.invoke(DelegatingMethodAccessorImpl.java:43)
		at java.base/java.lang.reflect.Method.invoke(Method.java:566)
		at org.apache.catalina.startup.Bootstrap.start(Bootstrap.java:345)
		at org.apache.catalina.startup.Bootstrap.main(Bootstrap.java:476)
13-Jul-2025 08:45:07.985 INFO [main] org.apache.coyote.AbstractProtocol.pause Pausing ProtocolHandler ["http-nio-8080"]
13-Jul-2025 08:45:07.985 INFO [main] org.apache.catalina.core.StandardService.stopInternal Stopping service [Catalina]
13-Jul-2025 08:45:08.060 WARNING [main] org.apache.catalina.loader.WebappClassLoaderBase.clearReferencesThreads The web application [InventoryManagementSystem#index.html] appears to have started a thread named [mysql-cj-abandoned-connection-cleanup] but has failed to stop it. This is very likely to create a memory leak. Stack trace of thread:
 java.base@11.0.26/java.io.WinNTFileSystem.canonicalize0(Native Method)
 java.base@11.0.26/java.io.WinNTFileSystem.canonicalize(WinNTFileSystem.java:459)
 java.base@11.0.26/java.io.File.getCanonicalPath(File.java:626)
 org.apache.catalina.webresources.AbstractFileResourceSet.file(AbstractFileResourceSet.java:108)
 org.apache.catalina.webresources.DirResourceSet.getResource(DirResourceSet.java:114)
 org.apache.catalina.webresources.StandardRoot.getResourceInternal(StandardRoot.java:273)
 org.apache.catalina.webresources.CachedResource.validateResource(CachedResource.java:108)
 org.apache.catalina.webresources.Cache.getResource(Cache.java:96)
 org.apache.catalina.webresources.StandardRoot.getResource(StandardRoot.java:212)
 org.apache.catalina.webresources.StandardRoot.getClassLoaderResource(StandardRoot.java:221)
 org.apache.catalina.loader.WebappClassLoaderBase.findResource(WebappClassLoaderBase.java:893)
 org.apache.catalina.loader.WebappClassLoaderBase.getResource(WebappClassLoaderBase.java:1008)
 com.mysql.cj.jdbc.AbandonedConnectionCleanupThread.checkThreadContextClassLoader(AbandonedConnectionCleanupThread.java:123)
 com.mysql.cj.jdbc.AbandonedConnectionCleanupThread.run(AbandonedConnectionCleanupThread.java:90)
 java.base@11.0.26/java.util.concurrent.ThreadPoolExecutor.runWorker(ThreadPoolExecutor.java:1128)
 java.base@11.0.26/java.util.concurrent.ThreadPoolExecutor$Worker.run(ThreadPoolExecutor.java:628)
 java.base@11.0.26/java.lang.Thread.run(Thread.java:834)
13-Jul-2025 08:45:08.073 INFO [main] org.apache.coyote.AbstractProtocol.stop Stopping ProtocolHandler ["http-nio-8080"]
13-Jul-2025 08:45:08.076 INFO [main] org.apache.coyote.AbstractProtocol.destroy Destroying ProtocolHandler ["http-nio-8080"]
13-Jul-2025 08:47:10.652 INFO [main] org.apache.catalina.startup.VersionLoggerListener.log Server version name:   Apache Tomcat/10.1.43
13-Jul-2025 08:47:10.661 INFO [main] org.apache.catalina.startup.VersionLoggerListener.log Server built:          Jul 1 2025 21:30:20 UTC
13-Jul-2025 08:47:10.662 INFO [main] org.apache.catalina.startup.VersionLoggerListener.log Server version number: 10.1.43.0
13-Jul-2025 08:47:10.662 INFO [main] org.apache.catalina.startup.VersionLoggerListener.log OS Name:               Windows 11
13-Jul-2025 08:47:10.662 INFO [main] org.apache.catalina.startup.VersionLoggerListener.log OS Version:            10.0
13-Jul-2025 08:47:10.663 INFO [main] org.apache.catalina.startup.VersionLoggerListener.log Architecture:          amd64
13-Jul-2025 08:47:10.663 INFO [main] org.apache.catalina.startup.VersionLoggerListener.log Java Home:             C:\Program Files\Java\jdk-11
13-Jul-2025 08:47:10.663 INFO [main] org.apache.catalina.startup.VersionLoggerListener.log JVM Version:           11.0.26+7-LTS-187
13-Jul-2025 08:47:10.663 INFO [main] org.apache.catalina.startup.VersionLoggerListener.log JVM Vendor:            Oracle Corporation
13-Jul-2025 08:47:10.663 INFO [main] org.apache.catalina.startup.VersionLoggerListener.log CATALINA_BASE:         C:\Users\saksh\Desktop\InventoryManagementSystem\apache-tomcat-10.1.43
13-Jul-2025 08:47:10.663 INFO [main] org.apache.catalina.startup.VersionLoggerListener.log CATALINA_HOME:         C:\Users\saksh\Desktop\InventoryManagementSystem\apache-tomcat-10.1.43
13-Jul-2025 08:47:10.691 INFO [main] org.apache.catalina.startup.VersionLoggerListener.log Command line argument: --add-opens=java.base/java.lang=ALL-UNNAMED
13-Jul-2025 08:47:10.691 INFO [main] org.apache.catalina.startup.VersionLoggerListener.log Command line argument: --add-opens=java.base/java.io=ALL-UNNAMED
13-Jul-2025 08:47:10.691 INFO [main] org.apache.catalina.startup.VersionLoggerListener.log Command line argument: --add-opens=java.base/java.util=ALL-UNNAMED
13-Jul-2025 08:47:10.691 INFO [main] org.apache.catalina.startup.VersionLoggerListener.log Command line argument: --add-opens=java.base/java.util.concurrent=ALL-UNNAMED
13-Jul-2025 08:47:10.691 INFO [main] org.apache.catalina.startup.VersionLoggerListener.log Command line argument: --add-opens=java.rmi/sun.rmi.transport=ALL-UNNAMED
13-Jul-2025 08:47:10.691 INFO [main] org.apache.catalina.startup.VersionLoggerListener.log Command line argument: -Dcatalina.home=C:\Users\saksh\Desktop\InventoryManagementSystem\apache-tomcat-10.1.43
13-Jul-2025 08:47:10.691 INFO [main] org.apache.catalina.startup.VersionLoggerListener.log Command line argument: -Dcatalina.base=C:\Users\saksh\Desktop\InventoryManagementSystem\apache-tomcat-10.1.43
13-Jul-2025 08:47:10.692 INFO [main] org.apache.catalina.startup.VersionLoggerListener.log Command line argument: -Djava.io.tmpdir=C:\Users\saksh\Desktop\InventoryManagementSystem\apache-tomcat-10.1.43\temp
13-Jul-2025 08:47:10.692 INFO [main] org.apache.catalina.startup.VersionLoggerListener.log Command line argument: -Djava.util.logging.config.file=C:\Users\saksh\Desktop\InventoryManagementSystem\apache-tomcat-10.1.43\conf\logging.properties
13-Jul-2025 08:47:10.692 INFO [main] org.apache.catalina.startup.VersionLoggerListener.log Command line argument: -Djava.util.logging.manager=org.apache.juli.ClassLoaderLogManager
13-Jul-2025 08:47:10.692 INFO [main] org.apache.catalina.startup.VersionLoggerListener.log Command line argument: -javaagent:C:\Program Files\JetBrains\IntelliJ IDEA Community Edition 2024.3.4.1\lib\idea_rt.jar=26426
13-Jul-2025 08:47:10.692 INFO [main] org.apache.catalina.startup.VersionLoggerListener.log Command line argument: -Dfile.encoding=UTF-8
13-Jul-2025 08:47:10.729 INFO [main] org.apache.catalina.core.AprLifecycleListener.lifecycleEvent The Apache Tomcat Native library which allows using OpenSSL was not found on the java.library.path: [C:\Program Files\Java\jdk-11\bin;C:\WINDOWS\Sun\Java\bin;C:\WINDOWS\system32;C:\WINDOWS;C:\Program Files\Eclipse Adoptium\jdk-11.0.27.6-hotspot\bin;C:\Program Files\Eclipse Adoptium\jre-17.0.15.6-hotspot\bin;C:\Program Files\Common Files\Oracle\Java\javapath;C:\Program Files (x86)\Common Files\Oracle\Java\java8path;C:\Program Files (x86)\Common Files\Oracle\Java\javapath;C:\Program Files\Java\jdk1.8.0_202

\bin;C:\Program Files\Java\jre1.8.0_431\bin;C:\Python312\Scripts\;C:\Python312\;C:\Python311\Scripts\;C:\Python311\;C:\WINDOWS\system32;C:\WINDOWS;C:\WINDOWS\System32\Wbem;C:\WINDOWS\System32\WindowsPowerShell\v1.0\;C:\WINDOWS\System32\OpenSSH\;C:\Program Files\dotnet\;C:\Users\saksh\Downloads;C:\Users\saksh\Downloads\ForwardNotifier-master\ForwardNotifier-master\ForwardNotifier Client Tools\Windows SSH Client tool;C:\Users\saksh\Downloads\app files\ForwardNotifier-master\ForwardNotifier-master\ForwardNotifier Client Tools\Windows SSH Client tool;C:\ProgramData\chocolatey\bin;C:\Android;C:\Windows\System32;C:\WINDOWS\system32;C:\WINDOWS;C:\WINDOWS\System32\Wbem;C:\WINDOWS\System32\WindowsPowerShell\v1.0\;C:\WINDOWS\System32\OpenSSH\;C:\Program Files\Calibre2\;C:\Program Files\nodejs\;C:\Program Files\HP\HP One Agent;C:\flutter;C:\Program Files\MySQL\MySQL Server 8.0\bin;C:\Program Files\Git\cmd;C:\Program Files\Git\cmd;C:\Windows\System32;C:\Windows;C:\Users\saksh\AppData\Local\Android\sdk\cmdline-tools\latest\bin;C:\Users\saksh\AppData\Local\Android\sdk\cmdline-tools\bin;C:\Users\saksh\Desktop\InventoryManagementSystem\apache-maven-3.9.10\bin;C:\Users\saksh\Desktop\InventoryManagementSystem\apache-maven-3.9.10\bin;C:\Program Files\MySQL\MySQL Shell 8.0\bin\;C:\Program Files\platform-tools;C:\Users\saksh\AppData\Local\Microsoft\WindowsApps;C:\Users\saksh\.dotnet\tools;C:\Program Files\JetBrains\PyCharm Community Edition 2022.1.2\bin;C:\Users\saksh\AppData\Local\spicetify;C:\Users\saksh\.dotnet\tools;C:\MinGW\bin;C:\Users\saksh\AppData\Local\Microsoft\WindowsApps;C:\Users\saksh\AppData\Roaming\npm;C:\flutter\bin;C:\Program Files\JetBrains\PyCharm Community Edition 2024.1.4\bin;C:\Users\saksh\AppData\Local\GitHubDesktop\bin;C:\Users\saksh\AppData\Roaming\Python\Python312\Scripts;C:\Program Files\Java\jdk-23\bin;C:\Users\saksh\AppData\Local\Programs\Ollama;C:\Users\saksh\AppData\Local\Programs\Microsoft VS Code\bin;C:\Program Files\Git\cmd;C:\flutter\bin;C:\Users\saksh\AppData\Roaming\npm;C:\Users\saksh\Desktop\InventoryManagementSystem\apache-maven-3.9.10\bin;C:\Program Files\Eclipse Adoptium\jdk-11.0.27.6-hotspot\bin;;.]
13-Jul-2025 08:47:11.920 INFO [main] org.apache.coyote.AbstractProtocol.init Initializing ProtocolHandler ["http-nio-8080"]
13-Jul-2025 08:47:12.103 INFO [main] org.apache.catalina.startup.Catalina.load Server initialization in [1936] milliseconds
13-Jul-2025 08:47:12.702 INFO [main] org.apache.catalina.core.StandardService.startInternal Starting service [Catalina]
13-Jul-2025 08:47:12.703 INFO [main] org.apache.catalina.core.StandardEngine.startInternal Starting Servlet engine: [Apache Tomcat/10.1.43]
13-Jul-2025 08:47:12.734 INFO [main] org.apache.catalina.startup.HostConfig.deployDescriptor Deploying deployment descriptor [C:\Users\saksh\Desktop\InventoryManagementSystem\apache-tomcat-10.1.43\conf\Catalina\localhost\InventoryManagementSystem#index.html.xml]
13-Jul-2025 08:47:12.882 WARNING [main] org.apache.catalina.webresources.DirResourceSet.initInternal Disabled the global canonical file name cache to protect against CVE-2024-56337 when starting the WebResourceSet at [C:\Users\saksh\Desktop\InventoryManagementSystem\target\classes] which is part of the web application [/InventoryManagementSystem/index.html]
13-Jul-2025 08:47:15.587 INFO [main] org.apache.jasper.servlet.TldScanner.scanJars At least one JAR was scanned for TLDs yet contained no TLDs. Enable debug logging for this logger for a complete list of JARs that were scanned but no TLDs were found in them. Skipping unneeded JARs during scanning can improve startup time and JSP compilation time.
13-Jul-2025 08:47:16.102 WARNING [main] org.apache.catalina.util.SessionIdGeneratorBase.createSecureRandom Creation of SecureRandom instance for session ID generation using [SHA1PRNG] took [359] milliseconds.
13-Jul-2025 08:47:16.163 INFO [main] org.apache.catalina.startup.HostConfig.deployDescriptor Deployment of deployment descriptor [C:\Users\saksh\Desktop\InventoryManagementSystem\apache-tomcat-10.1.43\conf\Catalina\localhost\InventoryManagementSystem#index.html.xml] has finished in [3,429] ms
13-Jul-2025 08:47:16.164 INFO [main] org.apache.catalina.startup.HostConfig.deployDirectory Deploying web application directory [C:\Users\saksh\Desktop\InventoryManagementSystem\apache-tomcat-10.1.43\webapps\docs]
13-Jul-2025 08:47:16.826 INFO [main] org.apache.jasper.servlet.TldScanner.scanJars At least one JAR was scanned for TLDs yet contained no TLDs. Enable debug logging for this logger for a complete list of JARs that were scanned but no TLDs were found in them. Skipping unneeded JARs during scanning can improve startup time and JSP compilation time.
13-Jul-2025 08:47:16.834 INFO [main] org.apache.catalina.startup.HostConfig.deployDirectory Deployment of web application directory [C:\Users\saksh\Desktop\InventoryManagementSystem\apache-tomcat-10.1.43\webapps\docs] has finished in [669] ms
13-Jul-2025 08:47:16.834 INFO [main] org.apache.catalina.startup.HostConfig.deployDirectory Deploying web application directory [C:\Users\saksh\Desktop\InventoryManagementSystem\apache-tomcat-10.1.43\webapps\examples]
13-Jul-2025 08:47:18.257 INFO [main] org.apache.jasper.servlet.TldScanner.scanJars At least one JAR was scanned for TLDs yet contained no TLDs. Enable debug logging for this logger for a complete list of JARs that were scanned but no TLDs were found in them. Skipping unneeded JARs during scanning can improve startup time and JSP compilation time.
13-Jul-2025 08:47:18.406 INFO [main] org.apache.catalina.startup.HostConfig.deployDirectory Deployment of web application directory [C:\Users\saksh\Desktop\InventoryManagementSystem\apache-tomcat-10.1.43\webapps\examples] has finished in [1,572] ms
13-Jul-2025 08:47:18.407 INFO [main] org.apache.catalina.startup.HostConfig.deployDirectory Deploying web application directory [C:\Users\saksh\Desktop\InventoryManagementSystem\apache-tomcat-10.1.43\webapps\host-manager]
13-Jul-2025 08:47:19.454 INFO [main] org.apache.jasper.servlet.TldScanner.scanJars At least one JAR was scanned for TLDs yet contained no TLDs. Enable debug logging for this logger for a complete list of JARs that were scanned but no TLDs were found in them. Skipping unneeded JARs during scanning can improve startup time and JSP compilation time.
13-Jul-2025 08:47:19.497 INFO [main] org.apache.catalina.startup.HostConfig.deployDirectory Deployment of web application directory [C:\Users\saksh\Desktop\InventoryManagementSystem\apache-tomcat-10.1.43\webapps\host-manager] has finished in [1,089] ms
13-Jul-2025 08:47:19.498 INFO [main] org.apache.catalina.startup.HostConfig.deployDirectory Deploying web application directory [C:\Users\saksh\Desktop\InventoryManagementSystem\apache-tomcat-10.1.43\webapps\InventoryManagementSystem]
13-Jul-2025 08:47:19.626 SEVERE [main] org.apache.catalina.startup.HostConfig.deployDirectory Error deploying web application directory [C:\Users\saksh\Desktop\InventoryManagementSystem\apache-tomcat-10.1.43\webapps\InventoryManagementSystem]
	java.lang.IllegalStateException: Error starting child
		at org.apache.catalina.core.ContainerBase.addChildInternal(ContainerBase.java:602)
		at org.apache.catalina.core.ContainerBase.addChild(ContainerBase.java:571)
		at org.apache.catalina.core.StandardHost.addChild(StandardHost.java:654)
		at org.apache.catalina.startup.HostConfig.deployDirectory(HostConfig.java:1126)
		at org.apache.catalina.startup.HostConfig$DeployDirectory.run(HostConfig.java:1925)
		at java.base/java.util.concurrent.Executors$RunnableAdapter.call(Executors.java:515)
		at java.base/java.util.concurrent.FutureTask.run(FutureTask.java:264)
		at org.apache.tomcat.util.threads.InlineExecutorService.execute(InlineExecutorService.java:75)
		at java.base/java.util.concurrent.AbstractExecutorService.submit(AbstractExecutorService.java:118)
		at org.apache.catalina.startup.HostConfig.deployDirectories(HostConfig.java:1037)
		at org.apache.catalina.startup.HostConfig.deployApps(HostConfig.java:422)
		at org.apache.catalina.startup.HostConfig.start(HostConfig.java:1621)
		at org.apache.catalina.startup.HostConfig.lifecycleEvent(HostConfig.java:303)
		at org.apache.catalina.util.LifecycleBase.fireLifecycleEvent(LifecycleBase.java:109)
		at org.apache.catalina.util.LifecycleBase.setStateInternal(LifecycleBase.java:389)
		at org.apache.catalina.util.LifecycleBase.setState(LifecycleBase.java:336)
		at org.apache.catalina.core.ContainerBase.startInternal(ContainerBase.java:776)
		at org.apache.catalina.core.StandardHost.startInternal(StandardHost.java:772)
		at org.apache.catalina.util.LifecycleBase.start(LifecycleBase.java:164)
		at org.apache.catalina.core.ContainerBase$StartChild.call(ContainerBase.java:1203)
		at org.apache.catalina.core.ContainerBase$StartChild.call(ContainerBase.java:1193)
		at java.base/java.util.concurrent.FutureTask.run(FutureTask.java:264)
		at org.apache.tomcat.util.threads.InlineExecutorService.execute(InlineExecutorService.java:75)
		at java.base/java.util.concurrent.AbstractExecutorService.submit(AbstractExecutorService.java:140)
		at org.apache.catalina.core.ContainerBase.startInternal(ContainerBase.java:749)
		at org.apache.catalina.core.StandardEngine.startInternal(StandardEngine.java:203)
		at org.apache.catalina.util.LifecycleBase.start(LifecycleBase.java:164)
		at org.apache.catalina.core.StandardService.startInternal(StandardService.java:412)
		at org.apache.catalina.util.LifecycleBase.start(LifecycleBase.java:164)
		at org.apache.catalina.core.StandardServer.startInternal(StandardServer.java:870)
		at org.apache.catalina.util.LifecycleBase.start(LifecycleBase.java:164)
		at org.apache.catalina.startup.Catalina.start(Catalina.java:761)
		at java.base/jdk.internal.reflect.NativeMethodAccessorImpl.invoke0(Native Method)
		at java.base/jdk.internal.reflect.NativeMethodAccessorImpl.invoke(NativeMethodAccessorImpl.java:62)
		at java.base/jdk.internal.reflect.DelegatingMethodAccessorImpl.invoke(DelegatingMethodAccessorImpl.java:43)
		at java.base/java.lang.reflect.Method.invoke(Method.java:566)
		at org.apache.catalina.startup.Bootstrap.start(Bootstrap.java:345)
		at org.apache.catalina.startup.Bootstrap.main(Bootstrap.java:476)
	Caused by: org.apache.catalina.LifecycleException: Failed to start component [StandardEngine[Catalina].StandardHost[localhost].StandardContext[/InventoryManagementSystem]]
		at org.apache.catalina.util.LifecycleBase.handleSubClassException(LifecycleBase.java:406)
		at org.apache.catalina.util.LifecycleBase.start(LifecycleBase.java:179)
		at org.apache.catalina.core.ContainerBase.addChildInternal(ContainerBase.java:599)
		... 37 more
	Caused by: java.lang.IllegalArgumentException: The servlets named [LoginServlet] and [com.ims.servlet.LoginServlet] are both mapped to the url-pattern [/LoginServlet] which is not permitted
		at org.apache.tomcat.util.descriptor.web.WebXml.addServletMappingDecoded(WebXml.java:415)
		at org.apache.tomcat.util.descriptor.web.WebXml.addServletMapping(WebXml.java:406)
		at org.apache.catalina.startup.ContextConfig.processAnnotationWebServlet(ContextConfig.java:2547)
		at org.apache.catalina.startup.ContextConfig.processClass(ContextConfig.java:2253)
		at org.apache.catalina.startup.ContextConfig.processAnnotationsStream(ContextConfig.java:2242)
		at org.apache.catalina.startup.ContextConfig.processAnnotationsWebResource(ContextConfig.java:2153)
		at org.apache.catalina.startup.ContextConfig.processAnnotationsWebResource(ContextConfig.java:2148)
		at org.apache.catalina.startup.ContextConfig.processAnnotationsWebResource(ContextConfig.java:2148)
		at org.apache.catalina.startup.ContextConfig.processAnnotationsWebResource(ContextConfig.java:2148)
		at org.apache.catalina.startup.ContextConfig.processClasses(ContextConfig.java:1361)
		at org.apache.catalina.startup.ContextConfig.webConfig(ContextConfig.java:1271)
		at org.apache.catalina.startup.ContextConfig.configureStart(ContextConfig.java:972)
		at org.apache.catalina.startup.ContextConfig.lifecycleEvent(ContextConfig.java:290)
		at org.apache.catalina.util.LifecycleBase.fireLifecycleEvent(LifecycleBase.java:109)
		at org.apache.catalina.core.StandardContext.startInternal(StandardContext.java:4380)
		at org.apache.catalina.util.LifecycleBase.start(LifecycleBase.java:164)
		... 38 more
13-Jul-2025 08:47:19.635 INFO [main] org.apache.catalina.startup.HostConfig.deployDirectory Deployment of web application directory [C:\Users\saksh\Desktop\InventoryManagementSystem\apache-tomcat-10.1.43\webapps\InventoryManagementSystem] has finished in [137] ms
13-Jul-2025 08:47:19.636 INFO [main] org.apache.catalina.startup.HostConfig.deployDirectory Deploying web application directory [C:\Users\saksh\Desktop\InventoryManagementSystem\apache-tomcat-10.1.43\webapps\manager]
13-Jul-2025 08:47:20.328 INFO [main] org.apache.jasper.servlet.TldScanner.scanJars At least one JAR was scanned for TLDs yet contained no TLDs. Enable debug logging for this logger for a complete list of JARs that were scanned but no TLDs were found in them. Skipping unneeded JARs during scanning can improve startup time and JSP compilation time.
13-Jul-2025 08:47:20.334 INFO [main] org.apache.catalina.startup.HostConfig.deployDirectory Deployment of web application directory [C:\Users\saksh\Desktop\InventoryManagementSystem\apache-tomcat-10.1.43\webapps\manager] has finished in [698] ms
13-Jul-2025 08:47:20.336 INFO [main] org.apache.catalina.startup.HostConfig.deployDirectory Deploying web application directory [C:\Users\saksh\Desktop\InventoryManagementSystem\apache-tomcat-10.1.43\webapps\ROOT]
13-Jul-2025 08:47:21.173 INFO [main] org.apache.jasper.servlet.TldScanner.scanJars At least one JAR was scanned for TLDs yet contained no TLDs. Enable debug logging for this logger for a complete list of JARs that were scanned but no TLDs were found in them. Skipping unneeded JARs during scanning can improve startup time and JSP compilation time.
13-Jul-2025 08:47:21.198 INFO [main] org.apache.catalina.startup.HostConfig.deployDirectory Deployment of web application directory [C:\Users\saksh\Desktop\InventoryManagementSystem\apache-tomcat-10.1.43\webapps\ROOT] has finished in [862] ms
13-Jul-2025 08:47:21.223 INFO [main] org.apache.coyote.AbstractProtocol.start Starting ProtocolHandler ["http-nio-8080"]
13-Jul-2025 08:47:21.983 INFO [main] org.apache.catalina.startup.Catalina.start Server startup in [9879] milliseconds
13-Jul-2025 09:19:19.229 INFO [Thread-1] org.apache.coyote.AbstractProtocol.pause Pausing ProtocolHandler ["http-nio-8080"]
13-Jul-2025 09:19:20.526 INFO [Thread-1] org.apache.catalina.core.StandardService.stopInternal Stopping service [Catalina]
13-Jul-2025 09:19:21.219 WARNING [Thread-1] org.apache.catalina.loader.WebappClassLoaderBase.clearReferencesJdbc The web application [InventoryManagementSystem#index.html] registered the JDBC driver [com.mysql.cj.jdbc.Driver] but failed to unregister it when the web application was stopped. To prevent a memory leak, the JDBC Driver has been forcibly unregistered.
13-Jul-2025 09:19:21.222 WARNING [Thread-1] org.apache.catalina.loader.WebappClassLoaderBase.clearReferencesThreads The web application [InventoryManagementSystem#index.html] appears to have started a thread named [mysql-cj-abandoned-connection-cleanup] but has failed to stop it. This is very likely to create a memory leak. Stack trace of thread:
 java.base@11.0.26/java.lang.Object.wait(Native Method)
 java.base@11.0.26/java.lang.ref.ReferenceQueue.remove(ReferenceQueue.java:155)
 com.mysql.cj.jdbc.AbandonedConnectionCleanupThread.run(AbandonedConnectionCleanupThread.java:91)
 java.base@11.0.26/java.util.concurrent.ThreadPoolExecutor.runWorker(ThreadPoolExecutor.java:1128)
 java.base@11.0.26/java.util.concurrent.ThreadPoolExecutor$Worker.run(ThreadPoolExecutor.java:628)
 java.base@11.0.26/java.lang.Thread.run(Thread.java:834)
13-Jul-2025 09:19:21.297 INFO [Thread-1] org.apache.coyote.AbstractProtocol.stop Stopping ProtocolHandler ["http-nio-8080"]
13-Jul-2025 09:19:21.348 INFO [Thread-1] org.apache.coyote.AbstractProtocol.destroy Destroying ProtocolHandler ["http-nio-8080"]
13-Jul-2025 09:26:14.201 INFO [main] org.apache.catalina.startup.VersionLoggerListener.log Server version name:   Apache Tomcat/10.1.43
13-Jul-2025 09:26:14.212 INFO [main] org.apache.catalina.startup.VersionLoggerListener.log Server built:          Jul 1 2025 21:30:20 UTC
13-Jul-2025 09:26:14.212 INFO [main] org.apache.catalina.startup.VersionLoggerListener.log Server version number: 10.1.43.0
13-Jul-2025 09:26:14.212 INFO [main] org.apache.catalina.startup.VersionLoggerListener.log OS Name:               Windows 11
13-Jul-2025 09:26:14.213 INFO [main] org.apache.catalina.startup.VersionLoggerListener.log OS Version:            10.0
13-Jul-2025 09:26:14.214 INFO [main] org.apache.catalina.startup.VersionLoggerListener.log Architecture:          amd64
13-Jul-2025 09:26:14.214 INFO [main] org.apache.catalina.startup.VersionLoggerListener.log Java Home:             C:\Program Files\Java\jdk-11
13-Jul-2025 09:26:14.214 INFO [main] org.apache.catalina.startup.VersionLoggerListener.log JVM Version:           11.0.26+7-LTS-187
13-Jul-2025 09:26:14.214 INFO [main] org.apache.catalina.startup.VersionLoggerListener.log JVM Vendor:            Oracle Corporation
13-Jul-2025 09:26:14.214 INFO [main] org.apache.catalina.startup.VersionLoggerListener.log CATALINA_BASE:         C:\Users\saksh\Desktop\InventoryManagementSystem\apache-tomcat-10.1.43
13-Jul-2025 09:26:14.214 INFO [main] org.apache.catalina.startup.VersionLoggerListener.log CATALINA_HOME:         C:\Users\saksh\Desktop\InventoryManagementSystem\apache-tomcat-10.1.43
13-Jul-2025 09:26:14.246 INFO [main] org.apache.catalina.startup.VersionLoggerListener.log Command line argument: --add-opens=java.base/java.lang=ALL-UNNAMED
13-Jul-2025 09:26:14.247 INFO [main] org.apache.catalina.startup.VersionLoggerListener.log Command line argument: --add-opens=java.base/java.io=ALL-UNNAMED
13-Jul-2025 09:26:14.247 INFO [main] org.apache.catalina.startup.VersionLoggerListener.log Command line argument: --add-opens=java.base/java.util=ALL-UNNAMED
13-Jul-2025 09:26:14.247 INFO [main] org.apache.catalina.startup.VersionLoggerListener.log Command line argument: --add-opens=java.base/java.util.concurrent=ALL-UNNAMED
13-Jul-2025 09:26:14.247 INFO [main] org.apache.catalina.startup.VersionLoggerListener.log Command line argument: --add-opens=java.rmi/sun.rmi.transport=ALL-UNNAMED
13-Jul-2025 09:26:14.247 INFO [main] org.apache.catalina.startup.VersionLoggerListener.log Command line argument: -Dcatalina.home=C:\Users\saksh\Desktop\InventoryManagementSystem\apache-tomcat-10.1.43
13-Jul-2025 09:26:14.248 INFO [main] org.apache.catalina.startup.VersionLoggerListener.log Command line argument: -Dcatalina.base=C:\Users\saksh\Desktop\InventoryManagementSystem\apache-tomcat-10.1.43
13-Jul-2025 09:26:14.248 INFO [main] org.apache.catalina.startup.VersionLoggerListener.log Command line argument: -Djava.io.tmpdir=C:\Users\saksh\Desktop\InventoryManagementSystem\apache-tomcat-10.1.43\temp
13-Jul-2025 09:26:14.248 INFO [main] org.apache.catalina.startup.VersionLoggerListener.log Command line argument: -Djava.util.logging.config.file=C:\Users\saksh\Desktop\InventoryManagementSystem\apache-tomcat-10.1.43\conf\logging.properties
13-Jul-2025 09:26:14.248 INFO [main] org.apache.catalina.startup.VersionLoggerListener.log Command line argument: -Djava.util.logging.manager=org.apache.juli.ClassLoaderLogManager
13-Jul-2025 09:26:14.248 INFO [main] org.apache.catalina.startup.VersionLoggerListener.log Command line argument: -javaagent:C:\Program Files\JetBrains\IntelliJ IDEA Community Edition 2024.3.4.1\lib\idea_rt.jar=26902
13-Jul-2025 09:26:14.248 INFO [main] org.apache.catalina.startup.VersionLoggerListener.log Command line argument: -Dfile.encoding=UTF-8
13-Jul-2025 09:26:14.321 INFO [main] org.apache.catalina.core.AprLifecycleListener.lifecycleEvent The Apache Tomcat Native library which allows using OpenSSL was not found on the java.library.path: [C:\Program Files\Java\jdk-11\bin;C:\WINDOWS\Sun\Java\bin;C:\WINDOWS\system32;C:\WINDOWS;C:\Program Files\Eclipse Adoptium\jdk-11.0.27.6-hotspot\bin;C:\Program Files\Eclipse Adoptium\jre-17.0.15.6-hotspot\bin;C:\Program Files\Common Files\Oracle\Java\javapath;C:\Program Files (x86)\Common Files\Oracle\Java\java8path;C:\Program Files (x86)\Common Files\Oracle\Java\javapath;C:\Program Files\Java\jdk1.8.0_202

\bin;C:\Program Files\Java\jre1.8.0_431\bin;C:\Python312\Scripts\;C:\Python312\;C:\Python311\Scripts\;C:\Python311\;C:\WINDOWS\system32;C:\WINDOWS;C:\WINDOWS\System32\Wbem;C:\WINDOWS\System32\WindowsPowerShell\v1.0\;C:\WINDOWS\System32\OpenSSH\;C:\Program Files\dotnet\;C:\Users\saksh\Downloads;C:\Users\saksh\Downloads\ForwardNotifier-master\ForwardNotifier-master\ForwardNotifier Client Tools\Windows SSH Client tool;C:\Users\saksh\Downloads\app files\ForwardNotifier-master\ForwardNotifier-master\ForwardNotifier Client Tools\Windows SSH Client tool;C:\ProgramData\chocolatey\bin;C:\Android;C:\Windows\System32;C:\WINDOWS\system32;C:\WINDOWS;C:\WINDOWS\System32\Wbem;C:\WINDOWS\System32\WindowsPowerShell\v1.0\;C:\WINDOWS\System32\OpenSSH\;C:\Program Files\Calibre2\;C:\Program Files\nodejs\;C:\Program Files\HP\HP One Agent;C:\flutter;C:\Program Files\MySQL\MySQL Server 8.0\bin;C:\Program Files\Git\cmd;C:\Program Files\Git\cmd;C:\Windows\System32;C:\Windows;C:\Users\saksh\AppData\Local\Android\sdk\cmdline-tools\latest\bin;C:\Users\saksh\AppData\Local\Android\sdk\cmdline-tools\bin;C:\Users\saksh\Desktop\InventoryManagementSystem\apache-maven-3.9.10\bin;C:\Users\saksh\Desktop\InventoryManagementSystem\apache-maven-3.9.10\bin;C:\Program Files\MySQL\MySQL Shell 8.0\bin\;C:\Program Files\platform-tools;C:\Users\saksh\AppData\Local\Microsoft\WindowsApps;C:\Users\saksh\.dotnet\tools;C:\Program Files\JetBrains\PyCharm Community Edition 2022.1.2\bin;C:\Users\saksh\AppData\Local\spicetify;C:\Users\saksh\.dotnet\tools;C:\MinGW\bin;C:\Users\saksh\AppData\Local\Microsoft\WindowsApps;C:\Users\saksh\AppData\Roaming\npm;C:\flutter\bin;C:\Program Files\JetBrains\PyCharm Community Edition 2024.1.4\bin;C:\Users\saksh\AppData\Local\GitHubDesktop\bin;C:\Users\saksh\AppData\Roaming\Python\Python312\Scripts;C:\Program Files\Java\jdk-23\bin;C:\Users\saksh\AppData\Local\Programs\Ollama;C:\Users\saksh\AppData\Local\Programs\Microsoft VS Code\bin;C:\Program Files\Git\cmd;C:\flutter\bin;C:\Users\saksh\AppData\Roaming\npm;C:\Users\saksh\Desktop\InventoryManagementSystem\apache-maven-3.9.10\bin;C:\Program Files\Eclipse Adoptium\jdk-11.0.27.6-hotspot\bin;;.]
13-Jul-2025 09:26:15.059 INFO [main] org.apache.coyote.AbstractProtocol.init Initializing ProtocolHandler ["http-nio-8080"]
13-Jul-2025 09:26:15.108 INFO [main] org.apache.catalina.startup.Catalina.load Server initialization in [2097] milliseconds
13-Jul-2025 09:26:15.400 INFO [main] org.apache.catalina.core.StandardService.startInternal Starting service [Catalina]
13-Jul-2025 09:26:15.400 INFO [main] org.apache.catalina.core.StandardEngine.startInternal Starting Servlet engine: [Apache Tomcat/10.1.43]
13-Jul-2025 09:26:15.433 INFO [main] org.apache.catalina.startup.HostConfig.deployDescriptor Deploying deployment descriptor [C:\Users\saksh\Desktop\InventoryManagementSystem\apache-tomcat-10.1.43\conf\Catalina\localhost\InventoryManagementSystem#index.html.xml]
13-Jul-2025 09:26:15.603 WARNING [main] org.apache.catalina.webresources.DirResourceSet.initInternal Disabled the global canonical file name cache to protect against CVE-2024-56337 when starting the WebResourceSet at [C:\Users\saksh\Desktop\InventoryManagementSystem\target\classes] which is part of the web application [/InventoryManagementSystem/index.html]
13-Jul-2025 09:26:19.744 INFO [main] org.apache.jasper.servlet.TldScanner.scanJars At least one JAR was scanned for TLDs yet contained no TLDs. Enable debug logging for this logger for a complete list of JARs that were scanned but no TLDs were found in them. Skipping unneeded JARs during scanning can improve startup time and JSP compilation time.
13-Jul-2025 09:26:20.867 WARNING [main] org.apache.catalina.util.SessionIdGeneratorBase.createSecureRandom Creation of SecureRandom instance for session ID generation using [SHA1PRNG] took [610] milliseconds.
13-Jul-2025 09:26:20.950 INFO [main] org.apache.catalina.startup.HostConfig.deployDescriptor Deployment of deployment descriptor [C:\Users\saksh\Desktop\InventoryManagementSystem\apache-tomcat-10.1.43\conf\Catalina\localhost\InventoryManagementSystem#index.html.xml] has finished in [5,518] ms
13-Jul-2025 09:26:20.953 INFO [main] org.apache.catalina.startup.HostConfig.deployDirectory Deploying web application directory [C:\Users\saksh\Desktop\InventoryManagementSystem\apache-tomcat-10.1.43\webapps\docs]
13-Jul-2025 09:26:21.951 INFO [main] org.apache.jasper.servlet.TldScanner.scanJars At least one JAR was scanned for TLDs yet contained no TLDs. Enable debug logging for this logger for a complete list of JARs that were scanned but no TLDs were found in them. Skipping unneeded JARs during scanning can improve startup time and JSP compilation time.
13-Jul-2025 09:26:21.966 INFO [main] org.apache.catalina.startup.HostConfig.deployDirectory Deployment of web application directory [C:\Users\saksh\Desktop\InventoryManagementSystem\apache-tomcat-10.1.43\webapps\docs] has finished in [1,013] ms
13-Jul-2025 09:26:21.968 INFO [main] org.apache.catalina.startup.HostConfig.deployDirectory Deploying web application directory [C:\Users\saksh\Desktop\InventoryManagementSystem\apache-tomcat-10.1.43\webapps\examples]
13-Jul-2025 09:26:24.151 INFO [main] org.apache.jasper.servlet.TldScanner.scanJars At least one JAR was scanned for TLDs yet contained no TLDs. Enable debug logging for this logger for a complete list of JARs that were scanned but no TLDs were found in them. Skipping unneeded JARs during scanning can improve startup time and JSP compilation time.
13-Jul-2025 09:26:24.335 INFO [main] org.apache.catalina.startup.HostConfig.deployDirectory Deployment of web application directory [C:\Users\saksh\Desktop\InventoryManagementSystem\apache-tomcat-10.1.43\webapps\examples] has finished in [2,367] ms
13-Jul-2025 09:26:24.335 INFO [main] org.apache.catalina.startup.HostConfig.deployDirectory Deploying web application directory [C:\Users\saksh\Desktop\InventoryManagementSystem\apache-tomcat-10.1.43\webapps\host-manager]
13-Jul-2025 09:26:25.235 INFO [main] org.apache.jasper.servlet.TldScanner.scanJars At least one JAR was scanned for TLDs yet contained no TLDs. Enable debug logging for this logger for a complete list of JARs that were scanned but no TLDs were found in them. Skipping unneeded JARs during scanning can improve startup time and JSP compilation time.
13-Jul-2025 09:26:25.350 INFO [main] org.apache.catalina.startup.HostConfig.deployDirectory Deployment of web application directory [C:\Users\saksh\Desktop\InventoryManagementSystem\apache-tomcat-10.1.43\webapps\host-manager] has finished in [1,014] ms
13-Jul-2025 09:26:25.351 INFO [main] org.apache.catalina.startup.HostConfig.deployDirectory Deploying web application directory [C:\Users\saksh\Desktop\InventoryManagementSystem\apache-tomcat-10.1.43\webapps\InventoryManagementSystem]
13-Jul-2025 09:26:25.847 SEVERE [main] org.apache.catalina.startup.HostConfig.deployDirectory Error deploying web application directory [C:\Users\saksh\Desktop\InventoryManagementSystem\apache-tomcat-10.1.43\webapps\InventoryManagementSystem]
	java.lang.IllegalStateException: Error starting child
		at org.apache.catalina.core.ContainerBase.addChildInternal(ContainerBase.java:602)
		at org.apache.catalina.core.ContainerBase.addChild(ContainerBase.java:571)
		at org.apache.catalina.core.StandardHost.addChild(StandardHost.java:654)
		at org.apache.catalina.startup.HostConfig.deployDirectory(HostConfig.java:1126)
		at org.apache.catalina.startup.HostConfig$DeployDirectory.run(HostConfig.java:1925)
		at java.base/java.util.concurrent.Executors$RunnableAdapter.call(Executors.java:515)
		at java.base/java.util.concurrent.FutureTask.run(FutureTask.java:264)
		at org.apache.tomcat.util.threads.InlineExecutorService.execute(InlineExecutorService.java:75)
		at java.base/java.util.concurrent.AbstractExecutorService.submit(AbstractExecutorService.java:118)
		at org.apache.catalina.startup.HostConfig.deployDirectories(HostConfig.java:1037)
		at org.apache.catalina.startup.HostConfig.deployApps(HostConfig.java:422)
		at org.apache.catalina.startup.HostConfig.start(HostConfig.java:1621)
		at org.apache.catalina.startup.HostConfig.lifecycleEvent(HostConfig.java:303)
		at org.apache.catalina.util.LifecycleBase.fireLifecycleEvent(LifecycleBase.java:109)
		at org.apache.catalina.util.LifecycleBase.setStateInternal(LifecycleBase.java:389)
		at org.apache.catalina.util.LifecycleBase.setState(LifecycleBase.java:336)
		at org.apache.catalina.core.ContainerBase.startInternal(ContainerBase.java:776)
		at org.apache.catalina.core.StandardHost.startInternal(StandardHost.java:772)
		at org.apache.catalina.util.LifecycleBase.start(LifecycleBase.java:164)
		at org.apache.catalina.core.ContainerBase$StartChild.call(ContainerBase.java:1203)
		at org.apache.catalina.core.ContainerBase$StartChild.call(ContainerBase.java:1193)
		at java.base/java.util.concurrent.FutureTask.run(FutureTask.java:264)
		at org.apache.tomcat.util.threads.InlineExecutorService.execute(InlineExecutorService.java:75)
		at java.base/java.util.concurrent.AbstractExecutorService.submit(AbstractExecutorService.java:140)
		at org.apache.catalina.core.ContainerBase.startInternal(ContainerBase.java:749)
		at org.apache.catalina.core.StandardEngine.startInternal(StandardEngine.java:203)
		at org.apache.catalina.util.LifecycleBase.start(LifecycleBase.java:164)
		at org.apache.catalina.core.StandardService.startInternal(StandardService.java:412)
		at org.apache.catalina.util.LifecycleBase.start(LifecycleBase.java:164)
		at org.apache.catalina.core.StandardServer.startInternal(StandardServer.java:870)
		at org.apache.catalina.util.LifecycleBase.start(LifecycleBase.java:164)
		at org.apache.catalina.startup.Catalina.start(Catalina.java:761)
		at java.base/jdk.internal.reflect.NativeMethodAccessorImpl.invoke0(Native Method)
		at java.base/jdk.internal.reflect.NativeMethodAccessorImpl.invoke(NativeMethodAccessorImpl.java:62)
		at java.base/jdk.internal.reflect.DelegatingMethodAccessorImpl.invoke(DelegatingMethodAccessorImpl.java:43)
		at java.base/java.lang.reflect.Method.invoke(Method.java:566)
		at org.apache.catalina.startup.Bootstrap.start(Bootstrap.java:345)
		at org.apache.catalina.startup.Bootstrap.main(Bootstrap.java:476)
	Caused by: org.apache.catalina.LifecycleException: Failed to start component [StandardEngine[Catalina].StandardHost[localhost].StandardContext[/InventoryManagementSystem]]
		at org.apache.catalina.util.LifecycleBase.handleSubClassException(LifecycleBase.java:406)
		at org.apache.catalina.util.LifecycleBase.start(LifecycleBase.java:179)
		at org.apache.catalina.core.ContainerBase.addChildInternal(ContainerBase.java:599)
		... 37 more
	Caused by: java.lang.IllegalArgumentException: The servlets named [LoginServlet] and [com.ims.servlet.LoginServlet] are both mapped to the url-pattern [/LoginServlet] which is not permitted
		at org.apache.tomcat.util.descriptor.web.WebXml.addServletMappingDecoded(WebXml.java:415)
		at org.apache.tomcat.util.descriptor.web.WebXml.addServletMapping(WebXml.java:406)
		at org.apache.catalina.startup.ContextConfig.processAnnotationWebServlet(ContextConfig.java:2547)
		at org.apache.catalina.startup.ContextConfig.processClass(ContextConfig.java:2253)
		at org.apache.catalina.startup.ContextConfig.processAnnotationsStream(ContextConfig.java:2242)
		at org.apache.catalina.startup.ContextConfig.processAnnotationsWebResource(ContextConfig.java:2153)
		at org.apache.catalina.startup.ContextConfig.processAnnotationsWebResource(ContextConfig.java:2148)
		at org.apache.catalina.startup.ContextConfig.processAnnotationsWebResource(ContextConfig.java:2148)
		at org.apache.catalina.startup.ContextConfig.processAnnotationsWebResource(ContextConfig.java:2148)
		at org.apache.catalina.startup.ContextConfig.processClasses(ContextConfig.java:1361)
		at org.apache.catalina.startup.ContextConfig.webConfig(ContextConfig.java:1271)
		at org.apache.catalina.startup.ContextConfig.configureStart(ContextConfig.java:972)
		at org.apache.catalina.startup.ContextConfig.lifecycleEvent(ContextConfig.java:290)
		at org.apache.catalina.util.LifecycleBase.fireLifecycleEvent(LifecycleBase.java:109)
		at org.apache.catalina.core.StandardContext.startInternal(StandardContext.java:4380)
		at org.apache.catalina.util.LifecycleBase.start(LifecycleBase.java:164)
		... 38 more
13-Jul-2025 09:26:25.891 INFO [main] org.apache.catalina.startup.HostConfig.deployDirectory Deployment of web application directory [C:\Users\saksh\Desktop\InventoryManagementSystem\apache-tomcat-10.1.43\webapps\InventoryManagementSystem] has finished in [541] ms
13-Jul-2025 09:26:25.916 INFO [main] org.apache.catalina.startup.HostConfig.deployDirectory Deploying web application directory [C:\Users\saksh\Desktop\InventoryManagementSystem\apache-tomcat-10.1.43\webapps\manager]
13-Jul-2025 09:26:26.847 INFO [main] org.apache.jasper.servlet.TldScanner.scanJars At least one JAR was scanned for TLDs yet contained no TLDs. Enable debug logging for this logger for a complete list of JARs that were scanned but no TLDs were found in them. Skipping unneeded JARs during scanning can improve startup time and JSP compilation time.
13-Jul-2025 09:26:26.855 INFO [main] org.apache.catalina.startup.HostConfig.deployDirectory Deployment of web application directory [C:\Users\saksh\Desktop\InventoryManagementSystem\apache-tomcat-10.1.43\webapps\manager] has finished in [939] ms
13-Jul-2025 09:26:26.857 INFO [main] org.apache.catalina.startup.HostConfig.deployDirectory Deploying web application directory [C:\Users\saksh\Desktop\InventoryManagementSystem\apache-tomcat-10.1.43\webapps\ROOT]
13-Jul-2025 09:26:27.571 INFO [main] org.apache.jasper.servlet.TldScanner.scanJars At least one JAR was scanned for TLDs yet contained no TLDs. Enable debug logging for this logger for a complete list of JARs that were scanned but no TLDs were found in them. Skipping unneeded JARs during scanning can improve startup time and JSP compilation time.
13-Jul-2025 09:26:27.578 INFO [main] org.apache.catalina.startup.HostConfig.deployDirectory Deployment of web application directory [C:\Users\saksh\Desktop\InventoryManagementSystem\apache-tomcat-10.1.43\webapps\ROOT] has finished in [721] ms
13-Jul-2025 09:26:27.593 INFO [main] org.apache.coyote.AbstractProtocol.start Starting ProtocolHandler ["http-nio-8080"]
13-Jul-2025 09:26:28.085 INFO [main] org.apache.catalina.startup.Catalina.start Server startup in [12975] milliseconds
13-Jul-2025 09:45:19.915 INFO [Catalina-utility-1] org.apache.catalina.startup.HostConfig.reload Reloading context [/InventoryManagementSystem]
13-Jul-2025 09:45:21.524 SEVERE [Catalina-utility-1] org.apache.catalina.startup.HostConfig.reload Error during context [/InventoryManagementSystem] restart
	org.apache.catalina.LifecycleException: Failed to start component [StandardEngine[Catalina].StandardHost[localhost].StandardContext[/InventoryManagementSystem]]
		at org.apache.catalina.util.LifecycleBase.handleSubClassException(LifecycleBase.java:406)
		at org.apache.catalina.util.LifecycleBase.start(LifecycleBase.java:179)
		at org.apache.catalina.startup.HostConfig.reload(HostConfig.java:1465)
		at org.apache.catalina.startup.HostConfig.checkResources(HostConfig.java:1431)
		at org.apache.catalina.startup.HostConfig.check(HostConfig.java:1657)
		at org.apache.catalina.startup.HostConfig.lifecycleEvent(HostConfig.java:299)
		at org.apache.catalina.util.LifecycleBase.fireLifecycleEvent(LifecycleBase.java:109)
		at org.apache.catalina.core.ContainerBase.backgroundProcess(ContainerBase.java:973)
		at org.apache.catalina.core.ContainerBase$ContainerBackgroundProcessor.processChildren(ContainerBase.java:1172)
		at org.apache.catalina.core.ContainerBase$ContainerBackgroundProcessor.processChildren(ContainerBase.java:1176)
		at org.apache.catalina.core.ContainerBase$ContainerBackgroundProcessor.run(ContainerBase.java:1154)
		at java.base/java.util.concurrent.Executors$RunnableAdapter.call(Executors.java:515)
		at java.base/java.util.concurrent.FutureTask.runAndReset(FutureTask.java:305)
		at java.base/java.util.concurrent.ScheduledThreadPoolExecutor$ScheduledFutureTask.run(ScheduledThreadPoolExecutor.java:305)
		at java.base/java.util.concurrent.ThreadPoolExecutor.runWorker(ThreadPoolExecutor.java:1128)
		at java.base/java.util.concurrent.ThreadPoolExecutor$Worker.run(ThreadPoolExecutor.java:628)
		at org.apache.tomcat.util.threads.TaskThread$WrappingRunnable.run(TaskThread.java:63)
		at java.base/java.lang.Thread.run(Thread.java:834)
	Caused by: java.lang.IllegalArgumentException: The servlets named [LoginServlet] and [com.ims.servlet.LoginServlet] are both mapped to the url-pattern [/LoginServlet] which is not permitted
		at org.apache.tomcat.util.descriptor.web.WebXml.addServletMappingDecoded(WebXml.java:415)
		at org.apache.tomcat.util.descriptor.web.WebXml.addServletMapping(WebXml.java:406)
		at org.apache.catalina.startup.ContextConfig.processAnnotationWebServlet(ContextConfig.java:2547)
		at org.apache.catalina.startup.ContextConfig.processClass(ContextConfig.java:2253)
		at org.apache.catalina.startup.ContextConfig.processAnnotationsStream(ContextConfig.java:2242)
		at org.apache.catalina.startup.ContextConfig.processAnnotationsWebResource(ContextConfig.java:2153)
		at org.apache.catalina.startup.ContextConfig.processAnnotationsWebResource(ContextConfig.java:2148)
		at org.apache.catalina.startup.ContextConfig.processAnnotationsWebResource(ContextConfig.java:2148)
		at org.apache.catalina.startup.ContextConfig.processAnnotationsWebResource(ContextConfig.java:2148)
		at org.apache.catalina.startup.ContextConfig.processClasses(ContextConfig.java:1361)
		at org.apache.catalina.startup.ContextConfig.webConfig(ContextConfig.java:1271)
		at org.apache.catalina.startup.ContextConfig.configureStart(ContextConfig.java:972)
		at org.apache.catalina.startup.ContextConfig.lifecycleEvent(ContextConfig.java:290)
		at org.apache.catalina.util.LifecycleBase.fireLifecycleEvent(LifecycleBase.java:109)
		at org.apache.catalina.core.StandardContext.startInternal(StandardContext.java:4380)
		at org.apache.catalina.util.LifecycleBase.start(LifecycleBase.java:164)
		... 16 more
13-Jul-2025 09:47:26.361 INFO [Thread-1] org.apache.coyote.AbstractProtocol.pause Pausing ProtocolHandler ["http-nio-8080"]
13-Jul-2025 09:47:26.714 INFO [Thread-1] org.apache.catalina.core.StandardService.stopInternal Stopping service [Catalina]
13-Jul-2025 09:47:26.884 WARNING [Thread-1] org.apache.catalina.loader.WebappClassLoaderBase.clearReferencesJdbc The web application [InventoryManagementSystem#index.html] registered the JDBC driver [com.mysql.cj.jdbc.Driver] but failed to unregister it when the web application was stopped. To prevent a memory leak, the JDBC Driver has been forcibly unregistered.
13-Jul-2025 09:47:26.888 WARNING [Thread-1] org.apache.catalina.loader.WebappClassLoaderBase.clearReferencesThreads The web application [InventoryManagementSystem#index.html] appears to have started a thread named [mysql-cj-abandoned-connection-cleanup] but has failed to stop it. This is very likely to create a memory leak. Stack trace of thread:
 java.base@11.0.26/java.lang.Object.wait(Native Method)
 java.base@11.0.26/java.lang.ref.ReferenceQueue.remove(ReferenceQueue.java:155)
 com.mysql.cj.jdbc.AbandonedConnectionCleanupThread.run(AbandonedConnectionCleanupThread.java:91)
 java.base@11.0.26/java.util.concurrent.ThreadPoolExecutor.runWorker(ThreadPoolExecutor.java:1128)
 java.base@11.0.26/java.util.concurrent.ThreadPoolExecutor$Worker.run(ThreadPoolExecutor.java:628)
 java.base@11.0.26/java.lang.Thread.run(Thread.java:834)
13-Jul-2025 09:47:26.989 INFO [Thread-1] org.apache.coyote.AbstractProtocol.stop Stopping ProtocolHandler ["http-nio-8080"]
13-Jul-2025 09:47:27.106 INFO [Thread-1] org.apache.coyote.AbstractProtocol.destroy Destroying ProtocolHandler ["http-nio-8080"]
13-Jul-2025 17:52:45.585 INFO [main] org.apache.catalina.startup.VersionLoggerListener.log Server version name:   Apache Tomcat/10.1.43
13-Jul-2025 17:52:45.589 INFO [main] org.apache.catalina.startup.VersionLoggerListener.log Server built:          Jul 1 2025 21:30:20 UTC
13-Jul-2025 17:52:45.648 INFO [main] org.apache.catalina.startup.VersionLoggerListener.log Server version number: 10.1.43.0
13-Jul-2025 17:52:45.648 INFO [main] org.apache.catalina.startup.VersionLoggerListener.log OS Name:               Windows 11
13-Jul-2025 17:52:45.649 INFO [main] org.apache.catalina.startup.VersionLoggerListener.log OS Version:            10.0
13-Jul-2025 17:52:45.649 INFO [main] org.apache.catalina.startup.VersionLoggerListener.log Architecture:          amd64
13-Jul-2025 17:52:45.649 INFO [main] org.apache.catalina.startup.VersionLoggerListener.log Java Home:             C:\Program Files\Java\jdk-11
13-Jul-2025 17:52:45.649 INFO [main] org.apache.catalina.startup.VersionLoggerListener.log JVM Version:           11.0.26+7-LTS-187
13-Jul-2025 17:52:45.649 INFO [main] org.apache.catalina.startup.VersionLoggerListener.log JVM Vendor:            Oracle Corporation
13-Jul-2025 17:52:45.649 INFO [main] org.apache.catalina.startup.VersionLoggerListener.log CATALINA_BASE:         C:\Users\saksh\Desktop\InventoryManagementSystem\apache-tomcat-10.1.43
13-Jul-2025 17:52:45.649 INFO [main] org.apache.catalina.startup.VersionLoggerListener.log CATALINA_HOME:         C:\Users\saksh\Desktop\InventoryManagementSystem\apache-tomcat-10.1.43
13-Jul-2025 17:52:45.726 INFO [main] org.apache.catalina.startup.VersionLoggerListener.log Command line argument: --add-opens=java.base/java.lang=ALL-UNNAMED
13-Jul-2025 17:52:45.726 INFO [main] org.apache.catalina.startup.VersionLoggerListener.log Command line argument: --add-opens=java.base/java.io=ALL-UNNAMED
13-Jul-2025 17:52:45.726 INFO [main] org.apache.catalina.startup.VersionLoggerListener.log Command line argument: --add-opens=java.base/java.util=ALL-UNNAMED
13-Jul-2025 17:52:45.726 INFO [main] org.apache.catalina.startup.VersionLoggerListener.log Command line argument: --add-opens=java.base/java.util.concurrent=ALL-UNNAMED
13-Jul-2025 17:52:45.726 INFO [main] org.apache.catalina.startup.VersionLoggerListener.log Command line argument: --add-opens=java.rmi/sun.rmi.transport=ALL-UNNAMED
13-Jul-2025 17:52:45.726 INFO [main] org.apache.catalina.startup.VersionLoggerListener.log Command line argument: -Dcatalina.home=C:\Users\saksh\Desktop\InventoryManagementSystem\apache-tomcat-10.1.43
13-Jul-2025 17:52:45.726 INFO [main] org.apache.catalina.startup.VersionLoggerListener.log Command line argument: -Dcatalina.base=C:\Users\saksh\Desktop\InventoryManagementSystem\apache-tomcat-10.1.43
13-Jul-2025 17:52:45.726 INFO [main] org.apache.catalina.startup.VersionLoggerListener.log Command line argument: -Djava.io.tmpdir=C:\Users\saksh\Desktop\InventoryManagementSystem\apache-tomcat-10.1.43\temp
13-Jul-2025 17:52:45.726 INFO [main] org.apache.catalina.startup.VersionLoggerListener.log Command line argument: -Djava.util.logging.config.file=C:\Users\saksh\Desktop\InventoryManagementSystem\apache-tomcat-10.1.43\conf\logging.properties
13-Jul-2025 17:52:45.726 INFO [main] org.apache.catalina.startup.VersionLoggerListener.log Command line argument: -Djava.util.logging.manager=org.apache.juli.ClassLoaderLogManager
13-Jul-2025 17:52:45.728 INFO [main] org.apache.catalina.startup.VersionLoggerListener.log Command line argument: -javaagent:C:\Program Files\JetBrains\IntelliJ IDEA Community Edition 2024.3.4.1\lib\idea_rt.jar=50071
13-Jul-2025 17:52:45.728 INFO [main] org.apache.catalina.startup.VersionLoggerListener.log Command line argument: -Dfile.encoding=UTF-8
13-Jul-2025 17:52:45.815 INFO [main] org.apache.catalina.core.AprLifecycleListener.lifecycleEvent The Apache Tomcat Native library which allows using OpenSSL was not found on the java.library.path: [C:\Program Files\Java\jdk-11\bin;C:\WINDOWS\Sun\Java\bin;C:\WINDOWS\system32;C:\WINDOWS;C:\Program Files\Eclipse Adoptium\jdk-11.0.27.6-hotspot\bin;C:\Program Files\Eclipse Adoptium\jre-17.0.15.6-hotspot\bin;C:\Program Files\Common Files\Oracle\Java\javapath;C:\Program Files (x86)\Common Files\Oracle\Java\java8path;C:\Program Files (x86)\Common Files\Oracle\Java\javapath;C:\Program Files\Java\jdk1.8.0_202

\bin;C:\Program Files\Java\jre1.8.0_431\bin;C:\Python312\Scripts\;C:\Python312\;C:\Python311\Scripts\;C:\Python311\;C:\WINDOWS\system32;C:\WINDOWS;C:\WINDOWS\System32\Wbem;C:\WINDOWS\System32\WindowsPowerShell\v1.0\;C:\WINDOWS\System32\OpenSSH\;C:\Program Files\dotnet\;C:\Users\saksh\Downloads;C:\Users\saksh\Downloads\ForwardNotifier-master\ForwardNotifier-master\ForwardNotifier Client Tools\Windows SSH Client tool;C:\Users\saksh\Downloads\app files\ForwardNotifier-master\ForwardNotifier-master\ForwardNotifier Client Tools\Windows SSH Client tool;C:\ProgramData\chocolatey\bin;C:\Android;C:\Windows\System32;C:\WINDOWS\system32;C:\WINDOWS;C:\WINDOWS\System32\Wbem;C:\WINDOWS\System32\WindowsPowerShell\v1.0\;C:\WINDOWS\System32\OpenSSH\;C:\Program Files\Calibre2\;C:\Program Files\nodejs\;C:\Program Files\HP\HP One Agent;C:\flutter;C:\Program Files\MySQL\MySQL Server 8.0\bin;C:\Program Files\Git\cmd;C:\Program Files\Git\cmd;C:\Windows\System32;C:\Windows;C:\Users\saksh\AppData\Local\Android\sdk\cmdline-tools\latest\bin;C:\Users\saksh\AppData\Local\Android\sdk\cmdline-tools\bin;C:\Users\saksh\Desktop\InventoryManagementSystem\apache-maven-3.9.10\bin;C:\Users\saksh\Desktop\InventoryManagementSystem\apache-maven-3.9.10\bin;C:\Program Files\MySQL\MySQL Shell 8.0\bin\;C:\Program Files\platform-tools;C:\Users\saksh\AppData\Local\Microsoft\WindowsApps;C:\Users\saksh\.dotnet\tools;C:\Program Files\JetBrains\PyCharm Community Edition 2022.1.2\bin;C:\Users\saksh\AppData\Local\spicetify;C:\Users\saksh\.dotnet\tools;C:\MinGW\bin;C:\Users\saksh\AppData\Local\Microsoft\WindowsApps;C:\Users\saksh\AppData\Roaming\npm;C:\flutter\bin;C:\Program Files\JetBrains\PyCharm Community Edition 2024.1.4\bin;C:\Users\saksh\AppData\Local\GitHubDesktop\bin;C:\Users\saksh\AppData\Roaming\Python\Python312\Scripts;C:\Program Files\Java\jdk-23\bin;C:\Users\saksh\AppData\Local\Programs\Ollama;C:\Users\saksh\AppData\Local\Programs\Microsoft VS Code\bin;C:\Program Files\Git\cmd;C:\flutter\bin;C:\Users\saksh\AppData\Roaming\npm;C:\Users\saksh\Desktop\InventoryManagementSystem\apache-maven-3.9.10\bin;C:\Program Files\Eclipse Adoptium\jdk-11.0.27.6-hotspot\bin;;.]
13-Jul-2025 17:52:48.137 INFO [main] org.apache.coyote.AbstractProtocol.init Initializing ProtocolHandler ["http-nio-8080"]
13-Jul-2025 17:52:48.470 INFO [main] org.apache.catalina.startup.Catalina.load Server initialization in [4014] milliseconds
13-Jul-2025 17:52:49.144 INFO [main] org.apache.catalina.core.StandardService.startInternal Starting service [Catalina]
13-Jul-2025 17:52:49.145 INFO [main] org.apache.catalina.core.StandardEngine.startInternal Starting Servlet engine: [Apache Tomcat/10.1.43]
13-Jul-2025 17:52:49.251 INFO [main] org.apache.catalina.startup.HostConfig.deployDescriptor Deploying deployment descriptor [C:\Users\saksh\Desktop\InventoryManagementSystem\apache-tomcat-10.1.43\conf\Catalina\localhost\InventoryManagementSystem#index.html.xml]
13-Jul-2025 17:52:50.319 WARNING [main] org.apache.catalina.webresources.DirResourceSet.initInternal Disabled the global canonical file name cache to protect against CVE-2024-56337 when starting the WebResourceSet at [C:\Users\saksh\Desktop\InventoryManagementSystem\target\classes] which is part of the web application [/InventoryManagementSystem/index.html]
13-Jul-2025 17:52:59.837 INFO [main] org.apache.jasper.servlet.TldScanner.scanJars At least one JAR was scanned for TLDs yet contained no TLDs. Enable debug logging for this logger for a complete list of JARs that were scanned but no TLDs were found in them. Skipping unneeded JARs during scanning can improve startup time and JSP compilation time.
13-Jul-2025 17:53:01.363 WARNING [main] org.apache.catalina.util.SessionIdGeneratorBase.createSecureRandom Creation of SecureRandom instance for session ID generation using [SHA1PRNG] took [950] milliseconds.
13-Jul-2025 17:53:01.790 INFO [main] org.apache.catalina.startup.HostConfig.deployDescriptor Deployment of deployment descriptor [C:\Users\saksh\Desktop\InventoryManagementSystem\apache-tomcat-10.1.43\conf\Catalina\localhost\InventoryManagementSystem#index.html.xml] has finished in [12,540] ms
13-Jul-2025 17:53:01.792 INFO [main] org.apache.catalina.startup.HostConfig.deployDirectory Deploying web application directory [C:\Users\saksh\Desktop\InventoryManagementSystem\apache-tomcat-10.1.43\webapps\docs]
13-Jul-2025 17:53:03.081 INFO [main] org.apache.jasper.servlet.TldScanner.scanJars At least one JAR was scanned for TLDs yet contained no TLDs. Enable debug logging for this logger for a complete list of JARs that were scanned but no TLDs were found in them. Skipping unneeded JARs during scanning can improve startup time and JSP compilation time.
13-Jul-2025 17:53:03.094 INFO [main] org.apache.catalina.startup.HostConfig.deployDirectory Deployment of web application directory [C:\Users\saksh\Desktop\InventoryManagementSystem\apache-tomcat-10.1.43\webapps\docs] has finished in [1,302] ms
13-Jul-2025 17:53:03.096 INFO [main] org.apache.catalina.startup.HostConfig.deployDirectory Deploying web application directory [C:\Users\saksh\Desktop\InventoryManagementSystem\apache-tomcat-10.1.43\webapps\examples]
13-Jul-2025 17:53:05.233 INFO [main] org.apache.jasper.servlet.TldScanner.scanJars At least one JAR was scanned for TLDs yet contained no TLDs. Enable debug logging for this logger for a complete list of JARs that were scanned but no TLDs were found in them. Skipping unneeded JARs during scanning can improve startup time and JSP compilation time.
13-Jul-2025 17:53:05.455 INFO [main] org.apache.catalina.startup.HostConfig.deployDirectory Deployment of web application directory [C:\Users\saksh\Desktop\InventoryManagementSystem\apache-tomcat-10.1.43\webapps\examples] has finished in [2,359] ms
13-Jul-2025 17:53:05.457 INFO [main] org.apache.catalina.startup.HostConfig.deployDirectory Deploying web application directory [C:\Users\saksh\Desktop\InventoryManagementSystem\apache-tomcat-10.1.43\webapps\host-manager]
13-Jul-2025 17:53:07.418 INFO [main] org.apache.jasper.servlet.TldScanner.scanJars At least one JAR was scanned for TLDs yet contained no TLDs. Enable debug logging for this logger for a complete list of JARs that were scanned but no TLDs were found in them. Skipping unneeded JARs during scanning can improve startup time and JSP compilation time.
13-Jul-2025 17:53:07.454 INFO [main] org.apache.catalina.startup.HostConfig.deployDirectory Deployment of web application directory [C:\Users\saksh\Desktop\InventoryManagementSystem\apache-tomcat-10.1.43\webapps\host-manager] has finished in [1,997] ms
13-Jul-2025 17:53:07.455 INFO [main] org.apache.catalina.startup.HostConfig.deployDirectory Deploying web application directory [C:\Users\saksh\Desktop\InventoryManagementSystem\apache-tomcat-10.1.43\webapps\InventoryManagementSystem]
13-Jul-2025 17:53:07.723 SEVERE [main] org.apache.catalina.startup.HostConfig.deployDirectory Error deploying web application directory [C:\Users\saksh\Desktop\InventoryManagementSystem\apache-tomcat-10.1.43\webapps\InventoryManagementSystem]
	java.lang.IllegalStateException: Error starting child
		at org.apache.catalina.core.ContainerBase.addChildInternal(ContainerBase.java:602)
		at org.apache.catalina.core.ContainerBase.addChild(ContainerBase.java:571)
		at org.apache.catalina.core.StandardHost.addChild(StandardHost.java:654)
		at org.apache.catalina.startup.HostConfig.deployDirectory(HostConfig.java:1126)
		at org.apache.catalina.startup.HostConfig$DeployDirectory.run(HostConfig.java:1925)
		at java.base/java.util.concurrent.Executors$RunnableAdapter.call(Executors.java:515)
		at java.base/java.util.concurrent.FutureTask.run(FutureTask.java:264)
		at org.apache.tomcat.util.threads.InlineExecutorService.execute(InlineExecutorService.java:75)
		at java.base/java.util.concurrent.AbstractExecutorService.submit(AbstractExecutorService.java:118)
		at org.apache.catalina.startup.HostConfig.deployDirectories(HostConfig.java:1037)
		at org.apache.catalina.startup.HostConfig.deployApps(HostConfig.java:422)
		at org.apache.catalina.startup.HostConfig.start(HostConfig.java:1621)
		at org.apache.catalina.startup.HostConfig.lifecycleEvent(HostConfig.java:303)
		at org.apache.catalina.util.LifecycleBase.fireLifecycleEvent(LifecycleBase.java:109)
		at org.apache.catalina.util.LifecycleBase.setStateInternal(LifecycleBase.java:389)
		at org.apache.catalina.util.LifecycleBase.setState(LifecycleBase.java:336)
		at org.apache.catalina.core.ContainerBase.startInternal(ContainerBase.java:776)
		at org.apache.catalina.core.StandardHost.startInternal(StandardHost.java:772)
		at org.apache.catalina.util.LifecycleBase.start(LifecycleBase.java:164)
		at org.apache.catalina.core.ContainerBase$StartChild.call(ContainerBase.java:1203)
		at org.apache.catalina.core.ContainerBase$StartChild.call(ContainerBase.java:1193)
		at java.base/java.util.concurrent.FutureTask.run(FutureTask.java:264)
		at org.apache.tomcat.util.threads.InlineExecutorService.execute(InlineExecutorService.java:75)
		at java.base/java.util.concurrent.AbstractExecutorService.submit(AbstractExecutorService.java:140)
		at org.apache.catalina.core.ContainerBase.startInternal(ContainerBase.java:749)
		at org.apache.catalina.core.StandardEngine.startInternal(StandardEngine.java:203)
		at org.apache.catalina.util.LifecycleBase.start(LifecycleBase.java:164)
		at org.apache.catalina.core.StandardService.startInternal(StandardService.java:412)
		at org.apache.catalina.util.LifecycleBase.start(LifecycleBase.java:164)
		at org.apache.catalina.core.StandardServer.startInternal(StandardServer.java:870)
		at org.apache.catalina.util.LifecycleBase.start(LifecycleBase.java:164)
		at org.apache.catalina.startup.Catalina.start(Catalina.java:761)
		at java.base/jdk.internal.reflect.NativeMethodAccessorImpl.invoke0(Native Method)
		at java.base/jdk.internal.reflect.NativeMethodAccessorImpl.invoke(NativeMethodAccessorImpl.java:62)
		at java.base/jdk.internal.reflect.DelegatingMethodAccessorImpl.invoke(DelegatingMethodAccessorImpl.java:43)
		at java.base/java.lang.reflect.Method.invoke(Method.java:566)
		at org.apache.catalina.startup.Bootstrap.start(Bootstrap.java:345)
		at org.apache.catalina.startup.Bootstrap.main(Bootstrap.java:476)
	Caused by: org.apache.catalina.LifecycleException: Failed to start component [StandardEngine[Catalina].StandardHost[localhost].StandardContext[/InventoryManagementSystem]]
		at org.apache.catalina.util.LifecycleBase.handleSubClassException(LifecycleBase.java:406)
		at org.apache.catalina.util.LifecycleBase.start(LifecycleBase.java:179)
		at org.apache.catalina.core.ContainerBase.addChildInternal(ContainerBase.java:599)
		... 37 more
	Caused by: java.lang.IllegalArgumentException: The servlets named [LoginServlet] and [com.ims.servlet.LoginServlet] are both mapped to the url-pattern [/LoginServlet] which is not permitted
		at org.apache.tomcat.util.descriptor.web.WebXml.addServletMappingDecoded(WebXml.java:415)
		at org.apache.tomcat.util.descriptor.web.WebXml.addServletMapping(WebXml.java:406)
		at org.apache.catalina.startup.ContextConfig.processAnnotationWebServlet(ContextConfig.java:2547)
		at org.apache.catalina.startup.ContextConfig.processClass(ContextConfig.java:2253)
		at org.apache.catalina.startup.ContextConfig.processAnnotationsStream(ContextConfig.java:2242)
		at org.apache.catalina.startup.ContextConfig.processAnnotationsWebResource(ContextConfig.java:2153)
		at org.apache.catalina.startup.ContextConfig.processAnnotationsWebResource(ContextConfig.java:2148)
		at org.apache.catalina.startup.ContextConfig.processAnnotationsWebResource(ContextConfig.java:2148)
		at org.apache.catalina.startup.ContextConfig.processAnnotationsWebResource(ContextConfig.java:2148)
		at org.apache.catalina.startup.ContextConfig.processClasses(ContextConfig.java:1361)
		at org.apache.catalina.startup.ContextConfig.webConfig(ContextConfig.java:1271)
		at org.apache.catalina.startup.ContextConfig.configureStart(ContextConfig.java:972)
		at org.apache.catalina.startup.ContextConfig.lifecycleEvent(ContextConfig.java:290)
		at org.apache.catalina.util.LifecycleBase.fireLifecycleEvent(LifecycleBase.java:109)
		at org.apache.catalina.core.StandardContext.startInternal(StandardContext.java:4380)
		at org.apache.catalina.util.LifecycleBase.start(LifecycleBase.java:164)
		... 38 more
13-Jul-2025 17:53:07.823 INFO [main] org.apache.catalina.startup.HostConfig.deployDirectory Deployment of web application directory [C:\Users\saksh\Desktop\InventoryManagementSystem\apache-tomcat-10.1.43\webapps\InventoryManagementSystem] has finished in [368] ms
13-Jul-2025 17:53:07.842 INFO [main] org.apache.catalina.startup.HostConfig.deployDirectory Deploying web application directory [C:\Users\saksh\Desktop\InventoryManagementSystem\apache-tomcat-10.1.43\webapps\manager]
13-Jul-2025 17:53:09.011 INFO [main] org.apache.jasper.servlet.TldScanner.scanJars At least one JAR was scanned for TLDs yet contained no TLDs. Enable debug logging for this logger for a complete list of JARs that were scanned but no TLDs were found in them. Skipping unneeded JARs during scanning can improve startup time and JSP compilation time.
13-Jul-2025 17:53:09.020 INFO [main] org.apache.catalina.startup.HostConfig.deployDirectory Deployment of web application directory [C:\Users\saksh\Desktop\InventoryManagementSystem\apache-tomcat-10.1.43\webapps\manager] has finished in [1,177] ms
13-Jul-2025 17:53:09.022 INFO [main] org.apache.catalina.startup.HostConfig.deployDirectory Deploying web application directory [C:\Users\saksh\Desktop\InventoryManagementSystem\apache-tomcat-10.1.43\webapps\ROOT]
13-Jul-2025 17:53:10.178 INFO [main] org.apache.jasper.servlet.TldScanner.scanJars At least one JAR was scanned for TLDs yet contained no TLDs. Enable debug logging for this logger for a complete list of JARs that were scanned but no TLDs were found in them. Skipping unneeded JARs during scanning can improve startup time and JSP compilation time.
13-Jul-2025 17:53:10.186 INFO [main] org.apache.catalina.startup.HostConfig.deployDirectory Deployment of web application directory [C:\Users\saksh\Desktop\InventoryManagementSystem\apache-tomcat-10.1.43\webapps\ROOT] has finished in [1,164] ms
13-Jul-2025 17:53:10.200 INFO [main] org.apache.coyote.AbstractProtocol.start Starting ProtocolHandler ["http-nio-8080"]
13-Jul-2025 17:53:11.647 INFO [main] org.apache.catalina.startup.Catalina.start Server startup in [23175] milliseconds
13-Jul-2025 18:19:39.296 INFO [Thread-1] org.apache.coyote.AbstractProtocol.pause Pausing ProtocolHandler ["http-nio-8080"]
13-Jul-2025 18:19:39.864 INFO [Thread-1] org.apache.catalina.core.StandardService.stopInternal Stopping service [Catalina]
13-Jul-2025 18:19:40.273 WARNING [Thread-1] org.apache.catalina.loader.WebappClassLoaderBase.clearReferencesThreads The web application [InventoryManagementSystem#index.html] appears to have started a thread named [mysql-cj-abandoned-connection-cleanup] but has failed to stop it. This is very likely to create a memory leak. Stack trace of thread:
 java.base@11.0.26/java.net.URLStreamHandler.<init>(URLStreamHandler.java:52)
 org.apache.catalina.webresources.CachedResource$CachedResourceURLStreamHandler.<init>(CachedResource.java:467)
 org.apache.catalina.webresources.CachedResource.getURL(CachedResource.java:373)
 org.apache.catalina.loader.WebappClassLoaderBase.findResource(WebappClassLoaderBase.java:895)
 org.apache.catalina.loader.WebappClassLoaderBase.getResource(WebappClassLoaderBase.java:1008)
 com.mysql.cj.jdbc.AbandonedConnectionCleanupThread.checkThreadContextClassLoader(AbandonedConnectionCleanupThread.java:123)
 com.mysql.cj.jdbc.AbandonedConnectionCleanupThread.run(AbandonedConnectionCleanupThread.java:90)
 java.base@11.0.26/java.util.concurrent.ThreadPoolExecutor.runWorker(ThreadPoolExecutor.java:1128)
 java.base@11.0.26/java.util.concurrent.ThreadPoolExecutor$Worker.run(ThreadPoolExecutor.java:628)
 java.base@11.0.26/java.lang.Thread.run(Thread.java:834)
13-Jul-2025 18:19:40.299 INFO [Thread-1] org.apache.coyote.AbstractProtocol.stop Stopping ProtocolHandler ["http-nio-8080"]
13-Jul-2025 18:19:40.354 INFO [Thread-1] org.apache.coyote.AbstractProtocol.destroy Destroying ProtocolHandler ["http-nio-8080"]
13-Jul-2025 18:32:51.565 INFO [main] org.apache.catalina.startup.VersionLoggerListener.log Server version name:   Apache Tomcat/10.1.43
13-Jul-2025 18:32:51.577 INFO [main] org.apache.catalina.startup.VersionLoggerListener.log Server built:          Jul 1 2025 21:30:20 UTC
13-Jul-2025 18:32:51.578 INFO [main] org.apache.catalina.startup.VersionLoggerListener.log Server version number: 10.1.43.0
13-Jul-2025 18:32:51.579 INFO [main] org.apache.catalina.startup.VersionLoggerListener.log OS Name:               Windows 11
13-Jul-2025 18:32:51.579 INFO [main] org.apache.catalina.startup.VersionLoggerListener.log OS Version:            10.0
13-Jul-2025 18:32:51.579 INFO [main] org.apache.catalina.startup.VersionLoggerListener.log Architecture:          amd64
13-Jul-2025 18:32:51.581 INFO [main] org.apache.catalina.startup.VersionLoggerListener.log Java Home:             C:\Program Files\Java\jdk-11
13-Jul-2025 18:32:51.582 INFO [main] org.apache.catalina.startup.VersionLoggerListener.log JVM Version:           11.0.26+7-LTS-187
13-Jul-2025 18:32:51.582 INFO [main] org.apache.catalina.startup.VersionLoggerListener.log JVM Vendor:            Oracle Corporation
13-Jul-2025 18:32:51.582 INFO [main] org.apache.catalina.startup.VersionLoggerListener.log CATALINA_BASE:         C:\Users\saksh\Desktop\InventoryManagementSystem\apache-tomcat-10.1.43
13-Jul-2025 18:32:51.582 INFO [main] org.apache.catalina.startup.VersionLoggerListener.log CATALINA_HOME:         C:\Users\saksh\Desktop\InventoryManagementSystem\apache-tomcat-10.1.43
13-Jul-2025 18:32:51.611 INFO [main] org.apache.catalina.startup.VersionLoggerListener.log Command line argument: --add-opens=java.base/java.lang=ALL-UNNAMED
13-Jul-2025 18:32:51.611 INFO [main] org.apache.catalina.startup.VersionLoggerListener.log Command line argument: --add-opens=java.base/java.io=ALL-UNNAMED
13-Jul-2025 18:32:51.611 INFO [main] org.apache.catalina.startup.VersionLoggerListener.log Command line argument: --add-opens=java.base/java.util=ALL-UNNAMED
13-Jul-2025 18:32:51.611 INFO [main] org.apache.catalina.startup.VersionLoggerListener.log Command line argument: --add-opens=java.base/java.util.concurrent=ALL-UNNAMED
13-Jul-2025 18:32:51.612 INFO [main] org.apache.catalina.startup.VersionLoggerListener.log Command line argument: --add-opens=java.rmi/sun.rmi.transport=ALL-UNNAMED
13-Jul-2025 18:32:51.612 INFO [main] org.apache.catalina.startup.VersionLoggerListener.log Command line argument: -Dcatalina.home=C:\Users\saksh\Desktop\InventoryManagementSystem\apache-tomcat-10.1.43
13-Jul-2025 18:32:51.612 INFO [main] org.apache.catalina.startup.VersionLoggerListener.log Command line argument: -Dcatalina.base=C:\Users\saksh\Desktop\InventoryManagementSystem\apache-tomcat-10.1.43
13-Jul-2025 18:32:51.614 INFO [main] org.apache.catalina.startup.VersionLoggerListener.log Command line argument: -Djava.io.tmpdir=C:\Users\saksh\Desktop\InventoryManagementSystem\apache-tomcat-10.1.43\temp
13-Jul-2025 18:32:51.614 INFO [main] org.apache.catalina.startup.VersionLoggerListener.log Command line argument: -Djava.util.logging.config.file=C:\Users\saksh\Desktop\InventoryManagementSystem\apache-tomcat-10.1.43\conf\logging.properties
13-Jul-2025 18:32:51.614 INFO [main] org.apache.catalina.startup.VersionLoggerListener.log Command line argument: -Djava.util.logging.manager=org.apache.juli.ClassLoaderLogManager
13-Jul-2025 18:32:51.614 INFO [main] org.apache.catalina.startup.VersionLoggerListener.log Command line argument: -javaagent:C:\Program Files\JetBrains\IntelliJ IDEA Community Edition 2024.3.4.1\lib\idea_rt.jar=50692
13-Jul-2025 18:32:51.614 INFO [main] org.apache.catalina.startup.VersionLoggerListener.log Command line argument: -Dfile.encoding=UTF-8
13-Jul-2025 18:32:51.676 INFO [main] org.apache.catalina.core.AprLifecycleListener.lifecycleEvent The Apache Tomcat Native library which allows using OpenSSL was not found on the java.library.path: [C:\Program Files\Java\jdk-11\bin;C:\WINDOWS\Sun\Java\bin;C:\WINDOWS\system32;C:\WINDOWS;C:\Program Files\Eclipse Adoptium\jdk-11.0.27.6-hotspot\bin;C:\Program Files\Eclipse Adoptium\jre-17.0.15.6-hotspot\bin;C:\Program Files\Common Files\Oracle\Java\javapath;C:\Program Files (x86)\Common Files\Oracle\Java\java8path;C:\Program Files (x86)\Common Files\Oracle\Java\javapath;C:\Program Files\Java\jdk1.8.0_202

\bin;C:\Program Files\Java\jre1.8.0_431\bin;C:\Python312\Scripts\;C:\Python312\;C:\Python311\Scripts\;C:\Python311\;C:\WINDOWS\system32;C:\WINDOWS;C:\WINDOWS\System32\Wbem;C:\WINDOWS\System32\WindowsPowerShell\v1.0\;C:\WINDOWS\System32\OpenSSH\;C:\Program Files\dotnet\;C:\Users\saksh\Downloads;C:\Users\saksh\Downloads\ForwardNotifier-master\ForwardNotifier-master\ForwardNotifier Client Tools\Windows SSH Client tool;C:\Users\saksh\Downloads\app files\ForwardNotifier-master\ForwardNotifier-master\ForwardNotifier Client Tools\Windows SSH Client tool;C:\ProgramData\chocolatey\bin;C:\Android;C:\Windows\System32;C:\WINDOWS\system32;C:\WINDOWS;C:\WINDOWS\System32\Wbem;C:\WINDOWS\System32\WindowsPowerShell\v1.0\;C:\WINDOWS\System32\OpenSSH\;C:\Program Files\Calibre2\;C:\Program Files\nodejs\;C:\Program Files\HP\HP One Agent;C:\flutter;C:\Program Files\MySQL\MySQL Server 8.0\bin;C:\Program Files\Git\cmd;C:\Program Files\Git\cmd;C:\Windows\System32;C:\Windows;C:\Users\saksh\AppData\Local\Android\sdk\cmdline-tools\latest\bin;C:\Users\saksh\AppData\Local\Android\sdk\cmdline-tools\bin;C:\Users\saksh\Desktop\InventoryManagementSystem\apache-maven-3.9.10\bin;C:\Users\saksh\Desktop\InventoryManagementSystem\apache-maven-3.9.10\bin;C:\Program Files\MySQL\MySQL Shell 8.0\bin\;C:\Program Files\platform-tools;C:\Users\saksh\AppData\Local\Microsoft\WindowsApps;C:\Users\saksh\.dotnet\tools;C:\Program Files\JetBrains\PyCharm Community Edition 2022.1.2\bin;C:\Users\saksh\AppData\Local\spicetify;C:\Users\saksh\.dotnet\tools;C:\MinGW\bin;C:\Users\saksh\AppData\Local\Microsoft\WindowsApps;C:\Users\saksh\AppData\Roaming\npm;C:\flutter\bin;C:\Program Files\JetBrains\PyCharm Community Edition 2024.1.4\bin;C:\Users\saksh\AppData\Local\GitHubDesktop\bin;C:\Users\saksh\AppData\Roaming\Python\Python312\Scripts;C:\Program Files\Java\jdk-23\bin;C:\Users\saksh\AppData\Local\Programs\Ollama;C:\Users\saksh\AppData\Local\Programs\Microsoft VS Code\bin;C:\Program Files\Git\cmd;C:\flutter\bin;C:\Users\saksh\AppData\Roaming\npm;C:\Users\saksh\Desktop\InventoryManagementSystem\apache-maven-3.9.10\bin;C:\Program Files\Eclipse Adoptium\jdk-11.0.27.6-hotspot\bin;;.]
13-Jul-2025 18:32:52.395 INFO [main] org.apache.coyote.AbstractProtocol.init Initializing ProtocolHandler ["http-nio-8080"]
13-Jul-2025 18:32:52.431 INFO [main] org.apache.catalina.startup.Catalina.load Server initialization in [1590] milliseconds
13-Jul-2025 18:32:52.537 INFO [main] org.apache.catalina.core.StandardService.startInternal Starting service [Catalina]
13-Jul-2025 18:32:52.537 INFO [main] org.apache.catalina.core.StandardEngine.startInternal Starting Servlet engine: [Apache Tomcat/10.1.43]
13-Jul-2025 18:32:52.573 INFO [main] org.apache.catalina.startup.HostConfig.deployDescriptor Deploying deployment descriptor [C:\Users\saksh\Desktop\InventoryManagementSystem\apache-tomcat-10.1.43\conf\Catalina\localhost\InventoryManagementSystem#index.html.xml]
13-Jul-2025 18:32:52.769 WARNING [main] org.apache.catalina.webresources.DirResourceSet.initInternal Disabled the global canonical file name cache to protect against CVE-2024-56337 when starting the WebResourceSet at [C:\Users\saksh\Desktop\InventoryManagementSystem\target\classes] which is part of the web application [/InventoryManagementSystem/index.html]
13-Jul-2025 18:32:55.275 INFO [main] org.apache.jasper.servlet.TldScanner.scanJars At least one JAR was scanned for TLDs yet contained no TLDs. Enable debug logging for this logger for a complete list of JARs that were scanned but no TLDs were found in them. Skipping unneeded JARs during scanning can improve startup time and JSP compilation time.
13-Jul-2025 18:32:55.706 WARNING [main] org.apache.catalina.util.SessionIdGeneratorBase.createSecureRandom Creation of SecureRandom instance for session ID generation using [SHA1PRNG] took [289] milliseconds.
13-Jul-2025 18:32:55.736 INFO [main] org.apache.catalina.startup.HostConfig.deployDescriptor Deployment of deployment descriptor [C:\Users\saksh\Desktop\InventoryManagementSystem\apache-tomcat-10.1.43\conf\Catalina\localhost\InventoryManagementSystem#index.html.xml] has finished in [3,163] ms
13-Jul-2025 18:32:55.737 INFO [main] org.apache.catalina.startup.HostConfig.deployDirectory Deploying web application directory [C:\Users\saksh\Desktop\InventoryManagementSystem\apache-tomcat-10.1.43\webapps\docs]
13-Jul-2025 18:32:56.130 INFO [main] org.apache.jasper.servlet.TldScanner.scanJars At least one JAR was scanned for TLDs yet contained no TLDs. Enable debug logging for this logger for a complete list of JARs that were scanned but no TLDs were found in them. Skipping unneeded JARs during scanning can improve startup time and JSP compilation time.
13-Jul-2025 18:32:56.135 INFO [main] org.apache.catalina.startup.HostConfig.deployDirectory Deployment of web application directory [C:\Users\saksh\Desktop\InventoryManagementSystem\apache-tomcat-10.1.43\webapps\docs] has finished in [398] ms
13-Jul-2025 18:32:56.136 INFO [main] org.apache.catalina.startup.HostConfig.deployDirectory Deploying web application directory [C:\Users\saksh\Desktop\InventoryManagementSystem\apache-tomcat-10.1.43\webapps\examples]
13-Jul-2025 18:32:57.308 INFO [main] org.apache.jasper.servlet.TldScanner.scanJars At least one JAR was scanned for TLDs yet contained no TLDs. Enable debug logging for this logger for a complete list of JARs that were scanned but no TLDs were found in them. Skipping unneeded JARs during scanning can improve startup time and JSP compilation time.
13-Jul-2025 18:32:57.401 INFO [main] org.apache.catalina.startup.HostConfig.deployDirectory Deployment of web application directory [C:\Users\saksh\Desktop\InventoryManagementSystem\apache-tomcat-10.1.43\webapps\examples] has finished in [1,265] ms
13-Jul-2025 18:32:57.402 INFO [main] org.apache.catalina.startup.HostConfig.deployDirectory Deploying web application directory [C:\Users\saksh\Desktop\InventoryManagementSystem\apache-tomcat-10.1.43\webapps\host-manager]
13-Jul-2025 18:32:57.820 INFO [main] org.apache.jasper.servlet.TldScanner.scanJars At least one JAR was scanned for TLDs yet contained no TLDs. Enable debug logging for this logger for a complete list of JARs that were scanned but no TLDs were found in them. Skipping unneeded JARs during scanning can improve startup time and JSP compilation time.
13-Jul-2025 18:32:57.831 INFO [main] org.apache.catalina.startup.HostConfig.deployDirectory Deployment of web application directory [C:\Users\saksh\Desktop\InventoryManagementSystem\apache-tomcat-10.1.43\webapps\host-manager] has finished in [429] ms
13-Jul-2025 18:32:57.832 INFO [main] org.apache.catalina.startup.HostConfig.deployDirectory Deploying web application directory [C:\Users\saksh\Desktop\InventoryManagementSystem\apache-tomcat-10.1.43\webapps\InventoryManagementSystem]
13-Jul-2025 18:32:57.984 SEVERE [main] org.apache.catalina.startup.HostConfig.deployDirectory Error deploying web application directory [C:\Users\saksh\Desktop\InventoryManagementSystem\apache-tomcat-10.1.43\webapps\InventoryManagementSystem]
	java.lang.IllegalStateException: Error starting child
		at org.apache.catalina.core.ContainerBase.addChildInternal(ContainerBase.java:602)
		at org.apache.catalina.core.ContainerBase.addChild(ContainerBase.java:571)
		at org.apache.catalina.core.StandardHost.addChild(StandardHost.java:654)
		at org.apache.catalina.startup.HostConfig.deployDirectory(HostConfig.java:1126)
		at org.apache.catalina.startup.HostConfig$DeployDirectory.run(HostConfig.java:1925)
		at java.base/java.util.concurrent.Executors$RunnableAdapter.call(Executors.java:515)
		at java.base/java.util.concurrent.FutureTask.run(FutureTask.java:264)
		at org.apache.tomcat.util.threads.InlineExecutorService.execute(InlineExecutorService.java:75)
		at java.base/java.util.concurrent.AbstractExecutorService.submit(AbstractExecutorService.java:118)
		at org.apache.catalina.startup.HostConfig.deployDirectories(HostConfig.java:1037)
		at org.apache.catalina.startup.HostConfig.deployApps(HostConfig.java:422)
		at org.apache.catalina.startup.HostConfig.start(HostConfig.java:1621)
		at org.apache.catalina.startup.HostConfig.lifecycleEvent(HostConfig.java:303)
		at org.apache.catalina.util.LifecycleBase.fireLifecycleEvent(LifecycleBase.java:109)
		at org.apache.catalina.util.LifecycleBase.setStateInternal(LifecycleBase.java:389)
		at org.apache.catalina.util.LifecycleBase.setState(LifecycleBase.java:336)
		at org.apache.catalina.core.ContainerBase.startInternal(ContainerBase.java:776)
		at org.apache.catalina.core.StandardHost.startInternal(StandardHost.java:772)
		at org.apache.catalina.util.LifecycleBase.start(LifecycleBase.java:164)
		at org.apache.catalina.core.ContainerBase$StartChild.call(ContainerBase.java:1203)
		at org.apache.catalina.core.ContainerBase$StartChild.call(ContainerBase.java:1193)
		at java.base/java.util.concurrent.FutureTask.run(FutureTask.java:264)
		at org.apache.tomcat.util.threads.InlineExecutorService.execute(InlineExecutorService.java:75)
		at java.base/java.util.concurrent.AbstractExecutorService.submit(AbstractExecutorService.java:140)
		at org.apache.catalina.core.ContainerBase.startInternal(ContainerBase.java:749)
		at org.apache.catalina.core.StandardEngine.startInternal(StandardEngine.java:203)
		at org.apache.catalina.util.LifecycleBase.start(LifecycleBase.java:164)
		at org.apache.catalina.core.StandardService.startInternal(StandardService.java:412)
		at org.apache.catalina.util.LifecycleBase.start(LifecycleBase.java:164)
		at org.apache.catalina.core.StandardServer.startInternal(StandardServer.java:870)
		at org.apache.catalina.util.LifecycleBase.start(LifecycleBase.java:164)
		at org.apache.catalina.startup.Catalina.start(Catalina.java:761)
		at java.base/jdk.internal.reflect.NativeMethodAccessorImpl.invoke0(Native Method)
		at java.base/jdk.internal.reflect.NativeMethodAccessorImpl.invoke(NativeMethodAccessorImpl.java:62)
		at java.base/jdk.internal.reflect.DelegatingMethodAccessorImpl.invoke(DelegatingMethodAccessorImpl.java:43)
		at java.base/java.lang.reflect.Method.invoke(Method.java:566)
		at org.apache.catalina.startup.Bootstrap.start(Bootstrap.java:345)
		at org.apache.catalina.startup.Bootstrap.main(Bootstrap.java:476)
	Caused by: org.apache.catalina.LifecycleException: Failed to start component [StandardEngine[Catalina].StandardHost[localhost].StandardContext[/InventoryManagementSystem]]
		at org.apache.catalina.util.LifecycleBase.handleSubClassException(LifecycleBase.java:406)
		at org.apache.catalina.util.LifecycleBase.start(LifecycleBase.java:179)
		at org.apache.catalina.core.ContainerBase.addChildInternal(ContainerBase.java:599)
		... 37 more
	Caused by: java.lang.IllegalArgumentException: The servlets named [LoginServlet] and [com.ims.servlet.LoginServlet] are both mapped to the url-pattern [/LoginServlet] which is not permitted
		at org.apache.tomcat.util.descriptor.web.WebXml.addServletMappingDecoded(WebXml.java:415)
		at org.apache.tomcat.util.descriptor.web.WebXml.addServletMapping(WebXml.java:406)
		at org.apache.catalina.startup.ContextConfig.processAnnotationWebServlet(ContextConfig.java:2547)
		at org.apache.catalina.startup.ContextConfig.processClass(ContextConfig.java:2253)
		at org.apache.catalina.startup.ContextConfig.processAnnotationsStream(ContextConfig.java:2242)
		at org.apache.catalina.startup.ContextConfig.processAnnotationsWebResource(ContextConfig.java:2153)
		at org.apache.catalina.startup.ContextConfig.processAnnotationsWebResource(ContextConfig.java:2148)
		at org.apache.catalina.startup.ContextConfig.processAnnotationsWebResource(ContextConfig.java:2148)
		at org.apache.catalina.startup.ContextConfig.processAnnotationsWebResource(ContextConfig.java:2148)
		at org.apache.catalina.startup.ContextConfig.processClasses(ContextConfig.java:1361)
		at org.apache.catalina.startup.ContextConfig.webConfig(ContextConfig.java:1271)
		at org.apache.catalina.startup.ContextConfig.configureStart(ContextConfig.java:972)
		at org.apache.catalina.startup.ContextConfig.lifecycleEvent(ContextConfig.java:290)
		at org.apache.catalina.util.LifecycleBase.fireLifecycleEvent(LifecycleBase.java:109)
		at org.apache.catalina.core.StandardContext.startInternal(StandardContext.java:4380)
		at org.apache.catalina.util.LifecycleBase.start(LifecycleBase.java:164)
		... 38 more
13-Jul-2025 18:32:57.988 INFO [main] org.apache.catalina.startup.HostConfig.deployDirectory Deployment of web application directory [C:\Users\saksh\Desktop\InventoryManagementSystem\apache-tomcat-10.1.43\webapps\InventoryManagementSystem] has finished in [156] ms
13-Jul-2025 18:32:57.989 INFO [main] org.apache.catalina.startup.HostConfig.deployDirectory Deploying web application directory [C:\Users\saksh\Desktop\InventoryManagementSystem\apache-tomcat-10.1.43\webapps\manager]
13-Jul-2025 18:32:58.552 INFO [main] org.apache.jasper.servlet.TldScanner.scanJars At least one JAR was scanned for TLDs yet contained no TLDs. Enable debug logging for this logger for a complete list of JARs that were scanned but no TLDs were found in them. Skipping unneeded JARs during scanning can improve startup time and JSP compilation time.
13-Jul-2025 18:32:58.557 INFO [main] org.apache.catalina.startup.HostConfig.deployDirectory Deployment of web application directory [C:\Users\saksh\Desktop\InventoryManagementSystem\apache-tomcat-10.1.43\webapps\manager] has finished in [568] ms
13-Jul-2025 18:32:58.558 INFO [main] org.apache.catalina.startup.HostConfig.deployDirectory Deploying web application directory [C:\Users\saksh\Desktop\InventoryManagementSystem\apache-tomcat-10.1.43\webapps\ROOT]
13-Jul-2025 18:32:58.919 INFO [main] org.apache.jasper.servlet.TldScanner.scanJars At least one JAR was scanned for TLDs yet contained no TLDs. Enable debug logging for this logger for a complete list of JARs that were scanned but no TLDs were found in them. Skipping unneeded JARs during scanning can improve startup time and JSP compilation time.
13-Jul-2025 18:32:58.923 INFO [main] org.apache.catalina.startup.HostConfig.deployDirectory Deployment of web application directory [C:\Users\saksh\Desktop\InventoryManagementSystem\apache-tomcat-10.1.43\webapps\ROOT] has finished in [365] ms
13-Jul-2025 18:32:58.931 INFO [main] org.apache.coyote.AbstractProtocol.start Starting ProtocolHandler ["http-nio-8080"]
13-Jul-2025 18:32:59.147 INFO [main] org.apache.catalina.startup.Catalina.start Server startup in [6714] milliseconds
13-Jul-2025 18:43:05.796 INFO [Thread-1] org.apache.coyote.AbstractProtocol.pause Pausing ProtocolHandler ["http-nio-8080"]
13-Jul-2025 18:43:06.382 INFO [Thread-1] org.apache.catalina.core.StandardService.stopInternal Stopping service [Catalina]
13-Jul-2025 18:43:07.035 WARNING [Thread-1] org.apache.catalina.loader.WebappClassLoaderBase.clearReferencesJdbc The web application [InventoryManagementSystem#index.html] registered the JDBC driver [com.mysql.cj.jdbc.Driver] but failed to unregister it when the web application was stopped. To prevent a memory leak, the JDBC Driver has been forcibly unregistered.
13-Jul-2025 18:43:07.044 WARNING [Thread-1] org.apache.catalina.loader.WebappClassLoaderBase.clearReferencesThreads The web application [InventoryManagementSystem#index.html] appears to have started a thread named [mysql-cj-abandoned-connection-cleanup] but has failed to stop it. This is very likely to create a memory leak. Stack trace of thread:
 java.base@11.0.26/java.lang.Object.wait(Native Method)
 java.base@11.0.26/java.lang.ref.ReferenceQueue.remove(ReferenceQueue.java:155)
 com.mysql.cj.jdbc.AbandonedConnectionCleanupThread.run(AbandonedConnectionCleanupThread.java:91)
 java.base@11.0.26/java.util.concurrent.ThreadPoolExecutor.runWorker(ThreadPoolExecutor.java:1128)
 java.base@11.0.26/java.util.concurrent.ThreadPoolExecutor$Worker.run(ThreadPoolExecutor.java:628)
 java.base@11.0.26/java.lang.Thread.run(Thread.java:834)
13-Jul-2025 18:43:07.219 INFO [Thread-1] org.apache.coyote.AbstractProtocol.stop Stopping ProtocolHandler ["http-nio-8080"]
13-Jul-2025 18:43:07.313 INFO [Thread-1] org.apache.coyote.AbstractProtocol.destroy Destroying ProtocolHandler ["http-nio-8080"]
13-Jul-2025 18:43:33.120 INFO [main] org.apache.catalina.startup.VersionLoggerListener.log Server version name:   Apache Tomcat/10.1.43
13-Jul-2025 18:43:33.131 INFO [main] org.apache.catalina.startup.VersionLoggerListener.log Server built:          Jul 1 2025 21:30:20 UTC
13-Jul-2025 18:43:33.132 INFO [main] org.apache.catalina.startup.VersionLoggerListener.log Server version number: 10.1.43.0
13-Jul-2025 18:43:33.132 INFO [main] org.apache.catalina.startup.VersionLoggerListener.log OS Name:               Windows 11
13-Jul-2025 18:43:33.132 INFO [main] org.apache.catalina.startup.VersionLoggerListener.log OS Version:            10.0
13-Jul-2025 18:43:33.132 INFO [main] org.apache.catalina.startup.VersionLoggerListener.log Architecture:          amd64
13-Jul-2025 18:43:33.132 INFO [main] org.apache.catalina.startup.VersionLoggerListener.log Java Home:             C:\Program Files\Java\jdk-11
13-Jul-2025 18:43:33.134 INFO [main] org.apache.catalina.startup.VersionLoggerListener.log JVM Version:           11.0.26+7-LTS-187
13-Jul-2025 18:43:33.134 INFO [main] org.apache.catalina.startup.VersionLoggerListener.log JVM Vendor:            Oracle Corporation
13-Jul-2025 18:43:33.134 INFO [main] org.apache.catalina.startup.VersionLoggerListener.log CATALINA_BASE:         C:\Users\saksh\Desktop\InventoryManagementSystem\apache-tomcat-10.1.43
13-Jul-2025 18:43:33.134 INFO [main] org.apache.catalina.startup.VersionLoggerListener.log CATALINA_HOME:         C:\Users\saksh\Desktop\InventoryManagementSystem\apache-tomcat-10.1.43
13-Jul-2025 18:43:33.182 INFO [main] org.apache.catalina.startup.VersionLoggerListener.log Command line argument: --add-opens=java.base/java.lang=ALL-UNNAMED
13-Jul-2025 18:43:33.182 INFO [main] org.apache.catalina.startup.VersionLoggerListener.log Command line argument: --add-opens=java.base/java.io=ALL-UNNAMED
13-Jul-2025 18:43:33.182 INFO [main] org.apache.catalina.startup.VersionLoggerListener.log Command line argument: --add-opens=java.base/java.util=ALL-UNNAMED
13-Jul-2025 18:43:33.182 INFO [main] org.apache.catalina.startup.VersionLoggerListener.log Command line argument: --add-opens=java.base/java.util.concurrent=ALL-UNNAMED
13-Jul-2025 18:43:33.183 INFO [main] org.apache.catalina.startup.VersionLoggerListener.log Command line argument: --add-opens=java.rmi/sun.rmi.transport=ALL-UNNAMED
13-Jul-2025 18:43:33.183 INFO [main] org.apache.catalina.startup.VersionLoggerListener.log Command line argument: -Dcatalina.home=C:\Users\saksh\Desktop\InventoryManagementSystem\apache-tomcat-10.1.43
13-Jul-2025 18:43:33.183 INFO [main] org.apache.catalina.startup.VersionLoggerListener.log Command line argument: -Dcatalina.base=C:\Users\saksh\Desktop\InventoryManagementSystem\apache-tomcat-10.1.43
13-Jul-2025 18:43:33.184 INFO [main] org.apache.catalina.startup.VersionLoggerListener.log Command line argument: -Djava.io.tmpdir=C:\Users\saksh\Desktop\InventoryManagementSystem\apache-tomcat-10.1.43\temp
13-Jul-2025 18:43:33.184 INFO [main] org.apache.catalina.startup.VersionLoggerListener.log Command line argument: -Djava.util.logging.config.file=C:\Users\saksh\Desktop\InventoryManagementSystem\apache-tomcat-10.1.43\conf\logging.properties
13-Jul-2025 18:43:33.184 INFO [main] org.apache.catalina.startup.VersionLoggerListener.log Command line argument: -Djava.util.logging.manager=org.apache.juli.ClassLoaderLogManager
13-Jul-2025 18:43:33.184 INFO [main] org.apache.catalina.startup.VersionLoggerListener.log Command line argument: -javaagent:C:\Program Files\JetBrains\IntelliJ IDEA Community Edition 2024.3.4.1\lib\idea_rt.jar=50903
13-Jul-2025 18:43:33.185 INFO [main] org.apache.catalina.startup.VersionLoggerListener.log Command line argument: -Dfile.encoding=UTF-8
13-Jul-2025 18:43:33.274 INFO [main] org.apache.catalina.core.AprLifecycleListener.lifecycleEvent The Apache Tomcat Native library which allows using OpenSSL was not found on the java.library.path: [C:\Program Files\Java\jdk-11\bin;C:\WINDOWS\Sun\Java\bin;C:\WINDOWS\system32;C:\WINDOWS;C:\Program Files\Eclipse Adoptium\jdk-11.0.27.6-hotspot\bin;C:\Program Files\Eclipse Adoptium\jre-17.0.15.6-hotspot\bin;C:\Program Files\Common Files\Oracle\Java\javapath;C:\Program Files (x86)\Common Files\Oracle\Java\java8path;C:\Program Files (x86)\Common Files\Oracle\Java\javapath;C:\Program Files\Java\jdk1.8.0_202

\bin;C:\Program Files\Java\jre1.8.0_431\bin;C:\Python312\Scripts\;C:\Python312\;C:\Python311\Scripts\;C:\Python311\;C:\WINDOWS\system32;C:\WINDOWS;C:\WINDOWS\System32\Wbem;C:\WINDOWS\System32\WindowsPowerShell\v1.0\;C:\WINDOWS\System32\OpenSSH\;C:\Program Files\dotnet\;C:\Users\saksh\Downloads;C:\Users\saksh\Downloads\ForwardNotifier-master\ForwardNotifier-master\ForwardNotifier Client Tools\Windows SSH Client tool;C:\Users\saksh\Downloads\app files\ForwardNotifier-master\ForwardNotifier-master\ForwardNotifier Client Tools\Windows SSH Client tool;C:\ProgramData\chocolatey\bin;C:\Android;C:\Windows\System32;C:\WINDOWS\system32;C:\WINDOWS;C:\WINDOWS\System32\Wbem;C:\WINDOWS\System32\WindowsPowerShell\v1.0\;C:\WINDOWS\System32\OpenSSH\;C:\Program Files\Calibre2\;C:\Program Files\nodejs\;C:\Program Files\HP\HP One Agent;C:\flutter;C:\Program Files\MySQL\MySQL Server 8.0\bin;C:\Program Files\Git\cmd;C:\Program Files\Git\cmd;C:\Windows\System32;C:\Windows;C:\Users\saksh\AppData\Local\Android\sdk\cmdline-tools\latest\bin;C:\Users\saksh\AppData\Local\Android\sdk\cmdline-tools\bin;C:\Users\saksh\Desktop\InventoryManagementSystem\apache-maven-3.9.10\bin;C:\Users\saksh\Desktop\InventoryManagementSystem\apache-maven-3.9.10\bin;C:\Program Files\MySQL\MySQL Shell 8.0\bin\;C:\Program Files\platform-tools;C:\Users\saksh\AppData\Local\Microsoft\WindowsApps;C:\Users\saksh\.dotnet\tools;C:\Program Files\JetBrains\PyCharm Community Edition 2022.1.2\bin;C:\Users\saksh\AppData\Local\spicetify;C:\Users\saksh\.dotnet\tools;C:\MinGW\bin;C:\Users\saksh\AppData\Local\Microsoft\WindowsApps;C:\Users\saksh\AppData\Roaming\npm;C:\flutter\bin;C:\Program Files\JetBrains\PyCharm Community Edition 2024.1.4\bin;C:\Users\saksh\AppData\Local\GitHubDesktop\bin;C:\Users\saksh\AppData\Roaming\Python\Python312\Scripts;C:\Program Files\Java\jdk-23\bin;C:\Users\saksh\AppData\Local\Programs\Ollama;C:\Users\saksh\AppData\Local\Programs\Microsoft VS Code\bin;C:\Program Files\Git\cmd;C:\flutter\bin;C:\Users\saksh\AppData\Roaming\npm;C:\Users\saksh\Desktop\InventoryManagementSystem\apache-maven-3.9.10\bin;C:\Program Files\Eclipse Adoptium\jdk-11.0.27.6-hotspot\bin;;.]
13-Jul-2025 18:43:34.023 INFO [main] org.apache.coyote.AbstractProtocol.init Initializing ProtocolHandler ["http-nio-8080"]
13-Jul-2025 18:43:34.086 INFO [main] org.apache.catalina.startup.Catalina.load Server initialization in [1726] milliseconds
13-Jul-2025 18:43:34.221 INFO [main] org.apache.catalina.core.StandardService.startInternal Starting service [Catalina]
13-Jul-2025 18:43:34.221 INFO [main] org.apache.catalina.core.StandardEngine.startInternal Starting Servlet engine: [Apache Tomcat/10.1.43]
13-Jul-2025 18:43:34.343 INFO [main] org.apache.catalina.startup.HostConfig.deployDescriptor Deploying deployment descriptor [C:\Users\saksh\Desktop\InventoryManagementSystem\apache-tomcat-10.1.43\conf\Catalina\localhost\InventoryManagementSystem#index.html.xml]
13-Jul-2025 18:43:34.869 WARNING [main] org.apache.catalina.webresources.DirResourceSet.initInternal Disabled the global canonical file name cache to protect against CVE-2024-56337 when starting the WebResourceSet at [C:\Users\saksh\Desktop\InventoryManagementSystem\target\classes] which is part of the web application [/InventoryManagementSystem/index.html]
13-Jul-2025 18:43:38.376 INFO [main] org.apache.jasper.servlet.TldScanner.scanJars At least one JAR was scanned for TLDs yet contained no TLDs. Enable debug logging for this logger for a complete list of JARs that were scanned but no TLDs were found in them. Skipping unneeded JARs during scanning can improve startup time and JSP compilation time.
13-Jul-2025 18:43:39.010 WARNING [main] org.apache.catalina.util.SessionIdGeneratorBase.createSecureRandom Creation of SecureRandom instance for session ID generation using [SHA1PRNG] took [442] milliseconds.
13-Jul-2025 18:43:39.070 INFO [main] org.apache.catalina.startup.HostConfig.deployDescriptor Deployment of deployment descriptor [C:\Users\saksh\Desktop\InventoryManagementSystem\apache-tomcat-10.1.43\conf\Catalina\localhost\InventoryManagementSystem#index.html.xml] has finished in [4,727] ms
13-Jul-2025 18:43:39.071 INFO [main] org.apache.catalina.startup.HostConfig.deployDirectory Deploying web application directory [C:\Users\saksh\Desktop\InventoryManagementSystem\apache-tomcat-10.1.43\webapps\docs]
13-Jul-2025 18:43:39.807 INFO [main] org.apache.jasper.servlet.TldScanner.scanJars At least one JAR was scanned for TLDs yet contained no TLDs. Enable debug logging for this logger for a complete list of JARs that were scanned but no TLDs were found in them. Skipping unneeded JARs during scanning can improve startup time and JSP compilation time.
13-Jul-2025 18:43:39.814 INFO [main] org.apache.catalina.startup.HostConfig.deployDirectory Deployment of web application directory [C:\Users\saksh\Desktop\InventoryManagementSystem\apache-tomcat-10.1.43\webapps\docs] has finished in [743] ms
13-Jul-2025 18:43:39.815 INFO [main] org.apache.catalina.startup.HostConfig.deployDirectory Deploying web application directory [C:\Users\saksh\Desktop\InventoryManagementSystem\apache-tomcat-10.1.43\webapps\examples]
13-Jul-2025 18:43:41.324 INFO [main] org.apache.jasper.servlet.TldScanner.scanJars At least one JAR was scanned for TLDs yet contained no TLDs. Enable debug logging for this logger for a complete list of JARs that were scanned but no TLDs were found in them. Skipping unneeded JARs during scanning can improve startup time and JSP compilation time.
13-Jul-2025 18:43:41.476 INFO [main] org.apache.catalina.startup.HostConfig.deployDirectory Deployment of web application directory [C:\Users\saksh\Desktop\InventoryManagementSystem\apache-tomcat-10.1.43\webapps\examples] has finished in [1,661] ms
13-Jul-2025 18:43:41.477 INFO [main] org.apache.catalina.startup.HostConfig.deployDirectory Deploying web application directory [C:\Users\saksh\Desktop\InventoryManagementSystem\apache-tomcat-10.1.43\webapps\host-manager]
13-Jul-2025 18:43:42.206 INFO [main] org.apache.jasper.servlet.TldScanner.scanJars At least one JAR was scanned for TLDs yet contained no TLDs. Enable debug logging for this logger for a complete list of JARs that were scanned but no TLDs were found in them. Skipping unneeded JARs during scanning can improve startup time and JSP compilation time.
13-Jul-2025 18:43:42.222 INFO [main] org.apache.catalina.startup.HostConfig.deployDirectory Deployment of web application directory [C:\Users\saksh\Desktop\InventoryManagementSystem\apache-tomcat-10.1.43\webapps\host-manager] has finished in [745] ms
13-Jul-2025 18:43:42.223 INFO [main] org.apache.catalina.startup.HostConfig.deployDirectory Deploying web application directory [C:\Users\saksh\Desktop\InventoryManagementSystem\apache-tomcat-10.1.43\webapps\InventoryManagementSystem]
13-Jul-2025 18:43:42.353 SEVERE [main] org.apache.catalina.startup.HostConfig.deployDirectory Error deploying web application directory [C:\Users\saksh\Desktop\InventoryManagementSystem\apache-tomcat-10.1.43\webapps\InventoryManagementSystem]
	java.lang.IllegalStateException: Error starting child
		at org.apache.catalina.core.ContainerBase.addChildInternal(ContainerBase.java:602)
		at org.apache.catalina.core.ContainerBase.addChild(ContainerBase.java:571)
		at org.apache.catalina.core.StandardHost.addChild(StandardHost.java:654)
		at org.apache.catalina.startup.HostConfig.deployDirectory(HostConfig.java:1126)
		at org.apache.catalina.startup.HostConfig$DeployDirectory.run(HostConfig.java:1925)
		at java.base/java.util.concurrent.Executors$RunnableAdapter.call(Executors.java:515)
		at java.base/java.util.concurrent.FutureTask.run(FutureTask.java:264)
		at org.apache.tomcat.util.threads.InlineExecutorService.execute(InlineExecutorService.java:75)
		at java.base/java.util.concurrent.AbstractExecutorService.submit(AbstractExecutorService.java:118)
		at org.apache.catalina.startup.HostConfig.deployDirectories(HostConfig.java:1037)
		at org.apache.catalina.startup.HostConfig.deployApps(HostConfig.java:422)
		at org.apache.catalina.startup.HostConfig.start(HostConfig.java:1621)
		at org.apache.catalina.startup.HostConfig.lifecycleEvent(HostConfig.java:303)
		at org.apache.catalina.util.LifecycleBase.fireLifecycleEvent(LifecycleBase.java:109)
		at org.apache.catalina.util.LifecycleBase.setStateInternal(LifecycleBase.java:389)
		at org.apache.catalina.util.LifecycleBase.setState(LifecycleBase.java:336)
		at org.apache.catalina.core.ContainerBase.startInternal(ContainerBase.java:776)
		at org.apache.catalina.core.StandardHost.startInternal(StandardHost.java:772)
		at org.apache.catalina.util.LifecycleBase.start(LifecycleBase.java:164)
		at org.apache.catalina.core.ContainerBase$StartChild.call(ContainerBase.java:1203)
		at org.apache.catalina.core.ContainerBase$StartChild.call(ContainerBase.java:1193)
		at java.base/java.util.concurrent.FutureTask.run(FutureTask.java:264)
		at org.apache.tomcat.util.threads.InlineExecutorService.execute(InlineExecutorService.java:75)
		at java.base/java.util.concurrent.AbstractExecutorService.submit(AbstractExecutorService.java:140)
		at org.apache.catalina.core.ContainerBase.startInternal(ContainerBase.java:749)
		at org.apache.catalina.core.StandardEngine.startInternal(StandardEngine.java:203)
		at org.apache.catalina.util.LifecycleBase.start(LifecycleBase.java:164)
		at org.apache.catalina.core.StandardService.startInternal(StandardService.java:412)
		at org.apache.catalina.util.LifecycleBase.start(LifecycleBase.java:164)
		at org.apache.catalina.core.StandardServer.startInternal(StandardServer.java:870)
		at org.apache.catalina.util.LifecycleBase.start(LifecycleBase.java:164)
		at org.apache.catalina.startup.Catalina.start(Catalina.java:761)
		at java.base/jdk.internal.reflect.NativeMethodAccessorImpl.invoke0(Native Method)
		at java.base/jdk.internal.reflect.NativeMethodAccessorImpl.invoke(NativeMethodAccessorImpl.java:62)
		at java.base/jdk.internal.reflect.DelegatingMethodAccessorImpl.invoke(DelegatingMethodAccessorImpl.java:43)
		at java.base/java.lang.reflect.Method.invoke(Method.java:566)
		at org.apache.catalina.startup.Bootstrap.start(Bootstrap.java:345)
		at org.apache.catalina.startup.Bootstrap.main(Bootstrap.java:476)
	Caused by: org.apache.catalina.LifecycleException: Failed to start component [StandardEngine[Catalina].StandardHost[localhost].StandardContext[/InventoryManagementSystem]]
		at org.apache.catalina.util.LifecycleBase.handleSubClassException(LifecycleBase.java:406)
		at org.apache.catalina.util.LifecycleBase.start(LifecycleBase.java:179)
		at org.apache.catalina.core.ContainerBase.addChildInternal(ContainerBase.java:599)
		... 37 more
	Caused by: java.lang.IllegalArgumentException: The servlets named [LoginServlet] and [com.ims.servlet.LoginServlet] are both mapped to the url-pattern [/LoginServlet] which is not permitted
		at org.apache.tomcat.util.descriptor.web.WebXml.addServletMappingDecoded(WebXml.java:415)
		at org.apache.tomcat.util.descriptor.web.WebXml.addServletMapping(WebXml.java:406)
		at org.apache.catalina.startup.ContextConfig.processAnnotationWebServlet(ContextConfig.java:2547)
		at org.apache.catalina.startup.ContextConfig.processClass(ContextConfig.java:2253)
		at org.apache.catalina.startup.ContextConfig.processAnnotationsStream(ContextConfig.java:2242)
		at org.apache.catalina.startup.ContextConfig.processAnnotationsWebResource(ContextConfig.java:2153)
		at org.apache.catalina.startup.ContextConfig.processAnnotationsWebResource(ContextConfig.java:2148)
		at org.apache.catalina.startup.ContextConfig.processAnnotationsWebResource(ContextConfig.java:2148)
		at org.apache.catalina.startup.ContextConfig.processAnnotationsWebResource(ContextConfig.java:2148)
		at org.apache.catalina.startup.ContextConfig.processClasses(ContextConfig.java:1361)
		at org.apache.catalina.startup.ContextConfig.webConfig(ContextConfig.java:1271)
		at org.apache.catalina.startup.ContextConfig.configureStart(ContextConfig.java:972)
		at org.apache.catalina.startup.ContextConfig.lifecycleEvent(ContextConfig.java:290)
		at org.apache.catalina.util.LifecycleBase.fireLifecycleEvent(LifecycleBase.java:109)
		at org.apache.catalina.core.StandardContext.startInternal(StandardContext.java:4380)
		at org.apache.catalina.util.LifecycleBase.start(LifecycleBase.java:164)
		... 38 more
13-Jul-2025 18:43:42.360 INFO [main] org.apache.catalina.startup.HostConfig.deployDirectory Deployment of web application directory [C:\Users\saksh\Desktop\InventoryManagementSystem\apache-tomcat-10.1.43\webapps\InventoryManagementSystem] has finished in [137] ms
13-Jul-2025 18:43:42.361 INFO [main] org.apache.catalina.startup.HostConfig.deployDirectory Deploying web application directory [C:\Users\saksh\Desktop\InventoryManagementSystem\apache-tomcat-10.1.43\webapps\manager]
13-Jul-2025 18:43:43.270 INFO [main] org.apache.jasper.servlet.TldScanner.scanJars At least one JAR was scanned for TLDs yet contained no TLDs. Enable debug logging for this logger for a complete list of JARs that were scanned but no TLDs were found in them. Skipping unneeded JARs during scanning can improve startup time and JSP compilation time.
13-Jul-2025 18:43:43.280 INFO [main] org.apache.catalina.startup.HostConfig.deployDirectory Deployment of web application directory [C:\Users\saksh\Desktop\InventoryManagementSystem\apache-tomcat-10.1.43\webapps\manager] has finished in [917] ms
13-Jul-2025 18:43:43.280 INFO [main] org.apache.catalina.startup.HostConfig.deployDirectory Deploying web application directory [C:\Users\saksh\Desktop\InventoryManagementSystem\apache-tomcat-10.1.43\webapps\ROOT]
13-Jul-2025 18:43:44.004 INFO [main] org.apache.jasper.servlet.TldScanner.scanJars At least one JAR was scanned for TLDs yet contained no TLDs. Enable debug logging for this logger for a complete list of JARs that were scanned but no TLDs were found in them. Skipping unneeded JARs during scanning can improve startup time and JSP compilation time.
13-Jul-2025 18:43:44.011 INFO [main] org.apache.catalina.startup.HostConfig.deployDirectory Deployment of web application directory [C:\Users\saksh\Desktop\InventoryManagementSystem\apache-tomcat-10.1.43\webapps\ROOT] has finished in [730] ms
13-Jul-2025 18:43:44.018 INFO [main] org.apache.coyote.AbstractProtocol.start Starting ProtocolHandler ["http-nio-8080"]
13-Jul-2025 18:43:44.377 INFO [main] org.apache.catalina.startup.Catalina.start Server startup in [10290] milliseconds
13-Jul-2025 18:45:35.014 INFO [Thread-1] org.apache.coyote.AbstractProtocol.pause Pausing ProtocolHandler ["http-nio-8080"]
13-Jul-2025 18:45:35.735 INFO [Thread-1] org.apache.catalina.core.StandardService.stopInternal Stopping service [Catalina]
13-Jul-2025 18:45:35.833 WARNING [Thread-1] org.apache.catalina.loader.WebappClassLoaderBase.clearReferencesJdbc The web application [InventoryManagementSystem#index.html] registered the JDBC driver [com.mysql.cj.jdbc.Driver] but failed to unregister it when the web application was stopped. To prevent a memory leak, the JDBC Driver has been forcibly unregistered.
13-Jul-2025 18:45:35.835 WARNING [Thread-1] org.apache.catalina.loader.WebappClassLoaderBase.clearReferencesThreads The web application [InventoryManagementSystem#index.html] appears to have started a thread named [mysql-cj-abandoned-connection-cleanup] but has failed to stop it. This is very likely to create a memory leak. Stack trace of thread:
 java.base@11.0.26/java.lang.Object.wait(Native Method)
 java.base@11.0.26/java.lang.ref.ReferenceQueue.remove(ReferenceQueue.java:155)
 com.mysql.cj.jdbc.AbandonedConnectionCleanupThread.run(AbandonedConnectionCleanupThread.java:91)
 java.base@11.0.26/java.util.concurrent.ThreadPoolExecutor.runWorker(ThreadPoolExecutor.java:1128)
 java.base@11.0.26/java.util.concurrent.ThreadPoolExecutor$Worker.run(ThreadPoolExecutor.java:628)
 java.base@11.0.26/java.lang.Thread.run(Thread.java:834)
13-Jul-2025 18:45:35.858 INFO [Thread-1] org.apache.coyote.AbstractProtocol.stop Stopping ProtocolHandler ["http-nio-8080"]
13-Jul-2025 18:45:35.879 INFO [Thread-1] org.apache.coyote.AbstractProtocol.destroy Destroying ProtocolHandler ["http-nio-8080"]
13-Jul-2025 18:45:39.936 INFO [main] org.apache.catalina.startup.VersionLoggerListener.log Server version name:   Apache Tomcat/10.1.43
13-Jul-2025 18:45:39.946 INFO [main] org.apache.catalina.startup.VersionLoggerListener.log Server built:          Jul 1 2025 21:30:20 UTC
13-Jul-2025 18:45:39.947 INFO [main] org.apache.catalina.startup.VersionLoggerListener.log Server version number: 10.1.43.0
13-Jul-2025 18:45:39.947 INFO [main] org.apache.catalina.startup.VersionLoggerListener.log OS Name:               Windows 11
13-Jul-2025 18:45:39.947 INFO [main] org.apache.catalina.startup.VersionLoggerListener.log OS Version:            10.0
13-Jul-2025 18:45:39.948 INFO [main] org.apache.catalina.startup.VersionLoggerListener.log Architecture:          amd64
13-Jul-2025 18:45:39.948 INFO [main] org.apache.catalina.startup.VersionLoggerListener.log Java Home:             C:\Program Files\Java\jdk-11
13-Jul-2025 18:45:39.948 INFO [main] org.apache.catalina.startup.VersionLoggerListener.log JVM Version:           11.0.26+7-LTS-187
13-Jul-2025 18:45:39.948 INFO [main] org.apache.catalina.startup.VersionLoggerListener.log JVM Vendor:            Oracle Corporation
13-Jul-2025 18:45:39.948 INFO [main] org.apache.catalina.startup.VersionLoggerListener.log CATALINA_BASE:         C:\Users\saksh\Desktop\InventoryManagementSystem\apache-tomcat-10.1.43
13-Jul-2025 18:45:39.948 INFO [main] org.apache.catalina.startup.VersionLoggerListener.log CATALINA_HOME:         C:\Users\saksh\Desktop\InventoryManagementSystem\apache-tomcat-10.1.43
13-Jul-2025 18:45:39.984 INFO [main] org.apache.catalina.startup.VersionLoggerListener.log Command line argument: --add-opens=java.base/java.lang=ALL-UNNAMED
13-Jul-2025 18:45:39.984 INFO [main] org.apache.catalina.startup.VersionLoggerListener.log Command line argument: --add-opens=java.base/java.io=ALL-UNNAMED
13-Jul-2025 18:45:39.984 INFO [main] org.apache.catalina.startup.VersionLoggerListener.log Command line argument: --add-opens=java.base/java.util=ALL-UNNAMED
13-Jul-2025 18:45:39.984 INFO [main] org.apache.catalina.startup.VersionLoggerListener.log Command line argument: --add-opens=java.base/java.util.concurrent=ALL-UNNAMED
13-Jul-2025 18:45:39.985 INFO [main] org.apache.catalina.startup.VersionLoggerListener.log Command line argument: --add-opens=java.rmi/sun.rmi.transport=ALL-UNNAMED
13-Jul-2025 18:45:39.986 INFO [main] org.apache.catalina.startup.VersionLoggerListener.log Command line argument: -Dcatalina.home=C:\Users\saksh\Desktop\InventoryManagementSystem\apache-tomcat-10.1.43
13-Jul-2025 18:45:39.986 INFO [main] org.apache.catalina.startup.VersionLoggerListener.log Command line argument: -Dcatalina.base=C:\Users\saksh\Desktop\InventoryManagementSystem\apache-tomcat-10.1.43
13-Jul-2025 18:45:39.986 INFO [main] org.apache.catalina.startup.VersionLoggerListener.log Command line argument: -Djava.io.tmpdir=C:\Users\saksh\Desktop\InventoryManagementSystem\apache-tomcat-10.1.43\temp
13-Jul-2025 18:45:39.987 INFO [main] org.apache.catalina.startup.VersionLoggerListener.log Command line argument: -Djava.util.logging.config.file=C:\Users\saksh\Desktop\InventoryManagementSystem\apache-tomcat-10.1.43\conf\logging.properties
13-Jul-2025 18:45:39.987 INFO [main] org.apache.catalina.startup.VersionLoggerListener.log Command line argument: -Djava.util.logging.manager=org.apache.juli.ClassLoaderLogManager
13-Jul-2025 18:45:39.987 INFO [main] org.apache.catalina.startup.VersionLoggerListener.log Command line argument: -javaagent:C:\Program Files\JetBrains\IntelliJ IDEA Community Edition 2024.3.4.1\lib\idea_rt.jar=50948
13-Jul-2025 18:45:39.987 INFO [main] org.apache.catalina.startup.VersionLoggerListener.log Command line argument: -Dfile.encoding=UTF-8
13-Jul-2025 18:45:40.067 INFO [main] org.apache.catalina.core.AprLifecycleListener.lifecycleEvent The Apache Tomcat Native library which allows using OpenSSL was not found on the java.library.path: [C:\Program Files\Java\jdk-11\bin;C:\WINDOWS\Sun\Java\bin;C:\WINDOWS\system32;C:\WINDOWS;C:\Program Files\Eclipse Adoptium\jdk-11.0.27.6-hotspot\bin;C:\Program Files\Eclipse Adoptium\jre-17.0.15.6-hotspot\bin;C:\Program Files\Common Files\Oracle\Java\javapath;C:\Program Files (x86)\Common Files\Oracle\Java\java8path;C:\Program Files (x86)\Common Files\Oracle\Java\javapath;C:\Program Files\Java\jdk1.8.0_202

\bin;C:\Program Files\Java\jre1.8.0_431\bin;C:\Python312\Scripts\;C:\Python312\;C:\Python311\Scripts\;C:\Python311\;C:\WINDOWS\system32;C:\WINDOWS;C:\WINDOWS\System32\Wbem;C:\WINDOWS\System32\WindowsPowerShell\v1.0\;C:\WINDOWS\System32\OpenSSH\;C:\Program Files\dotnet\;C:\Users\saksh\Downloads;C:\Users\saksh\Downloads\ForwardNotifier-master\ForwardNotifier-master\ForwardNotifier Client Tools\Windows SSH Client tool;C:\Users\saksh\Downloads\app files\ForwardNotifier-master\ForwardNotifier-master\ForwardNotifier Client Tools\Windows SSH Client tool;C:\ProgramData\chocolatey\bin;C:\Android;C:\Windows\System32;C:\WINDOWS\system32;C:\WINDOWS;C:\WINDOWS\System32\Wbem;C:\WINDOWS\System32\WindowsPowerShell\v1.0\;C:\WINDOWS\System32\OpenSSH\;C:\Program Files\Calibre2\;C:\Program Files\nodejs\;C:\Program Files\HP\HP One Agent;C:\flutter;C:\Program Files\MySQL\MySQL Server 8.0\bin;C:\Program Files\Git\cmd;C:\Program Files\Git\cmd;C:\Windows\System32;C:\Windows;C:\Users\saksh\AppData\Local\Android\sdk\cmdline-tools\latest\bin;C:\Users\saksh\AppData\Local\Android\sdk\cmdline-tools\bin;C:\Users\saksh\Desktop\InventoryManagementSystem\apache-maven-3.9.10\bin;C:\Users\saksh\Desktop\InventoryManagementSystem\apache-maven-3.9.10\bin;C:\Program Files\MySQL\MySQL Shell 8.0\bin\;C:\Program Files\platform-tools;C:\Users\saksh\AppData\Local\Microsoft\WindowsApps;C:\Users\saksh\.dotnet\tools;C:\Program Files\JetBrains\PyCharm Community Edition 2022.1.2\bin;C:\Users\saksh\AppData\Local\spicetify;C:\Users\saksh\.dotnet\tools;C:\MinGW\bin;C:\Users\saksh\AppData\Local\Microsoft\WindowsApps;C:\Users\saksh\AppData\Roaming\npm;C:\flutter\bin;C:\Program Files\JetBrains\PyCharm Community Edition 2024.1.4\bin;C:\Users\saksh\AppData\Local\GitHubDesktop\bin;C:\Users\saksh\AppData\Roaming\Python\Python312\Scripts;C:\Program Files\Java\jdk-23\bin;C:\Users\saksh\AppData\Local\Programs\Ollama;C:\Users\saksh\AppData\Local\Programs\Microsoft VS Code\bin;C:\Program Files\Git\cmd;C:\flutter\bin;C:\Users\saksh\AppData\Roaming\npm;C:\Users\saksh\Desktop\InventoryManagementSystem\apache-maven-3.9.10\bin;C:\Program Files\Eclipse Adoptium\jdk-11.0.27.6-hotspot\bin;;.]
13-Jul-2025 18:45:40.765 INFO [main] org.apache.coyote.AbstractProtocol.init Initializing ProtocolHandler ["http-nio-8080"]
13-Jul-2025 18:45:40.829 INFO [main] org.apache.catalina.startup.Catalina.load Server initialization in [1395] milliseconds
13-Jul-2025 18:45:40.938 INFO [main] org.apache.catalina.core.StandardService.startInternal Starting service [Catalina]
13-Jul-2025 18:45:40.938 INFO [main] org.apache.catalina.core.StandardEngine.startInternal Starting Servlet engine: [Apache Tomcat/10.1.43]
13-Jul-2025 18:45:40.967 INFO [main] org.apache.catalina.startup.HostConfig.deployDescriptor Deploying deployment descriptor [C:\Users\saksh\Desktop\InventoryManagementSystem\apache-tomcat-10.1.43\conf\Catalina\localhost\InventoryManagementSystem#index.html.xml]
13-Jul-2025 18:45:41.106 WARNING [main] org.apache.catalina.webresources.DirResourceSet.initInternal Disabled the global canonical file name cache to protect against CVE-2024-56337 when starting the WebResourceSet at [C:\Users\saksh\Desktop\InventoryManagementSystem\target\classes] which is part of the web application [/InventoryManagementSystem/index.html]
13-Jul-2025 18:45:46.947 INFO [main] org.apache.jasper.servlet.TldScanner.scanJars At least one JAR was scanned for TLDs yet contained no TLDs. Enable debug logging for this logger for a complete list of JARs that were scanned but no TLDs were found in them. Skipping unneeded JARs during scanning can improve startup time and JSP compilation time.
13-Jul-2025 18:45:47.440 WARNING [main] org.apache.catalina.util.SessionIdGeneratorBase.createSecureRandom Creation of SecureRandom instance for session ID generation using [SHA1PRNG] took [300] milliseconds.
13-Jul-2025 18:45:47.469 INFO [main] org.apache.catalina.startup.HostConfig.deployDescriptor Deployment of deployment descriptor [C:\Users\saksh\Desktop\InventoryManagementSystem\apache-tomcat-10.1.43\conf\Catalina\localhost\InventoryManagementSystem#index.html.xml] has finished in [6,504] ms
13-Jul-2025 18:45:47.469 INFO [main] org.apache.catalina.startup.HostConfig.deployDirectory Deploying web application directory [C:\Users\saksh\Desktop\InventoryManagementSystem\apache-tomcat-10.1.43\webapps\docs]
13-Jul-2025 18:45:48.638 INFO [main] org.apache.jasper.servlet.TldScanner.scanJars At least one JAR was scanned for TLDs yet contained no TLDs. Enable debug logging for this logger for a complete list of JARs that were scanned but no TLDs were found in them. Skipping unneeded JARs during scanning can improve startup time and JSP compilation time.
13-Jul-2025 18:45:48.648 INFO [main] org.apache.catalina.startup.HostConfig.deployDirectory Deployment of web application directory [C:\Users\saksh\Desktop\InventoryManagementSystem\apache-tomcat-10.1.43\webapps\docs] has finished in [1,177] ms
13-Jul-2025 18:45:48.648 INFO [main] org.apache.catalina.startup.HostConfig.deployDirectory Deploying web application directory [C:\Users\saksh\Desktop\InventoryManagementSystem\apache-tomcat-10.1.43\webapps\examples]
13-Jul-2025 18:45:50.846 INFO [main] org.apache.jasper.servlet.TldScanner.scanJars At least one JAR was scanned for TLDs yet contained no TLDs. Enable debug logging for this logger for a complete list of JARs that were scanned but no TLDs were found in them. Skipping unneeded JARs during scanning can improve startup time and JSP compilation time.
13-Jul-2025 18:45:51.189 INFO [main] org.apache.catalina.startup.HostConfig.deployDirectory Deployment of web application directory [C:\Users\saksh\Desktop\InventoryManagementSystem\apache-tomcat-10.1.43\webapps\examples] has finished in [2,541] ms
13-Jul-2025 18:45:51.189 INFO [main] org.apache.catalina.startup.HostConfig.deployDirectory Deploying web application directory [C:\Users\saksh\Desktop\InventoryManagementSystem\apache-tomcat-10.1.43\webapps\host-manager]
13-Jul-2025 18:45:52.353 INFO [main] org.apache.jasper.servlet.TldScanner.scanJars At least one JAR was scanned for TLDs yet contained no TLDs. Enable debug logging for this logger for a complete list of JARs that were scanned but no TLDs were found in them. Skipping unneeded JARs during scanning can improve startup time and JSP compilation time.
13-Jul-2025 18:45:52.370 INFO [main] org.apache.catalina.startup.HostConfig.deployDirectory Deployment of web application directory [C:\Users\saksh\Desktop\InventoryManagementSystem\apache-tomcat-10.1.43\webapps\host-manager] has finished in [1,181] ms
13-Jul-2025 18:45:52.370 INFO [main] org.apache.catalina.startup.HostConfig.deployDirectory Deploying web application directory [C:\Users\saksh\Desktop\InventoryManagementSystem\apache-tomcat-10.1.43\webapps\InventoryManagementSystem]
13-Jul-2025 18:45:52.447 SEVERE [main] org.apache.catalina.startup.HostConfig.deployDirectory Error deploying web application directory [C:\Users\saksh\Desktop\InventoryManagementSystem\apache-tomcat-10.1.43\webapps\InventoryManagementSystem]
	java.lang.IllegalStateException: Error starting child
		at org.apache.catalina.core.ContainerBase.addChildInternal(ContainerBase.java:602)
		at org.apache.catalina.core.ContainerBase.addChild(ContainerBase.java:571)
		at org.apache.catalina.core.StandardHost.addChild(StandardHost.java:654)
		at org.apache.catalina.startup.HostConfig.deployDirectory(HostConfig.java:1126)
		at org.apache.catalina.startup.HostConfig$DeployDirectory.run(HostConfig.java:1925)
		at java.base/java.util.concurrent.Executors$RunnableAdapter.call(Executors.java:515)
		at java.base/java.util.concurrent.FutureTask.run(FutureTask.java:264)
		at org.apache.tomcat.util.threads.InlineExecutorService.execute(InlineExecutorService.java:75)
		at java.base/java.util.concurrent.AbstractExecutorService.submit(AbstractExecutorService.java:118)
		at org.apache.catalina.startup.HostConfig.deployDirectories(HostConfig.java:1037)
		at org.apache.catalina.startup.HostConfig.deployApps(HostConfig.java:422)
		at org.apache.catalina.startup.HostConfig.start(HostConfig.java:1621)
		at org.apache.catalina.startup.HostConfig.lifecycleEvent(HostConfig.java:303)
		at org.apache.catalina.util.LifecycleBase.fireLifecycleEvent(LifecycleBase.java:109)
		at org.apache.catalina.util.LifecycleBase.setStateInternal(LifecycleBase.java:389)
		at org.apache.catalina.util.LifecycleBase.setState(LifecycleBase.java:336)
		at org.apache.catalina.core.ContainerBase.startInternal(ContainerBase.java:776)
		at org.apache.catalina.core.StandardHost.startInternal(StandardHost.java:772)
		at org.apache.catalina.util.LifecycleBase.start(LifecycleBase.java:164)
		at org.apache.catalina.core.ContainerBase$StartChild.call(ContainerBase.java:1203)
		at org.apache.catalina.core.ContainerBase$StartChild.call(ContainerBase.java:1193)
		at java.base/java.util.concurrent.FutureTask.run(FutureTask.java:264)
		at org.apache.tomcat.util.threads.InlineExecutorService.execute(InlineExecutorService.java:75)
		at java.base/java.util.concurrent.AbstractExecutorService.submit(AbstractExecutorService.java:140)
		at org.apache.catalina.core.ContainerBase.startInternal(ContainerBase.java:749)
		at org.apache.catalina.core.StandardEngine.startInternal(StandardEngine.java:203)
		at org.apache.catalina.util.LifecycleBase.start(LifecycleBase.java:164)
		at org.apache.catalina.core.StandardService.startInternal(StandardService.java:412)
		at org.apache.catalina.util.LifecycleBase.start(LifecycleBase.java:164)
		at org.apache.catalina.core.StandardServer.startInternal(StandardServer.java:870)
		at org.apache.catalina.util.LifecycleBase.start(LifecycleBase.java:164)
		at org.apache.catalina.startup.Catalina.start(Catalina.java:761)
		at java.base/jdk.internal.reflect.NativeMethodAccessorImpl.invoke0(Native Method)
		at java.base/jdk.internal.reflect.NativeMethodAccessorImpl.invoke(NativeMethodAccessorImpl.java:62)
		at java.base/jdk.internal.reflect.DelegatingMethodAccessorImpl.invoke(DelegatingMethodAccessorImpl.java:43)
		at java.base/java.lang.reflect.Method.invoke(Method.java:566)
		at org.apache.catalina.startup.Bootstrap.start(Bootstrap.java:345)
		at org.apache.catalina.startup.Bootstrap.main(Bootstrap.java:476)
	Caused by: org.apache.catalina.LifecycleException: Failed to start component [StandardEngine[Catalina].StandardHost[localhost].StandardContext[/InventoryManagementSystem]]
		at org.apache.catalina.util.LifecycleBase.handleSubClassException(LifecycleBase.java:406)
		at org.apache.catalina.util.LifecycleBase.start(LifecycleBase.java:179)
		at org.apache.catalina.core.ContainerBase.addChildInternal(ContainerBase.java:599)
		... 37 more
	Caused by: java.lang.IllegalArgumentException: The servlets named [LoginServlet] and [com.ims.servlet.LoginServlet] are both mapped to the url-pattern [/LoginServlet] which is not permitted
		at org.apache.tomcat.util.descriptor.web.WebXml.addServletMappingDecoded(WebXml.java:415)
		at org.apache.tomcat.util.descriptor.web.WebXml.addServletMapping(WebXml.java:406)
		at org.apache.catalina.startup.ContextConfig.processAnnotationWebServlet(ContextConfig.java:2547)
		at org.apache.catalina.startup.ContextConfig.processClass(ContextConfig.java:2253)
		at org.apache.catalina.startup.ContextConfig.processAnnotationsStream(ContextConfig.java:2242)
		at org.apache.catalina.startup.ContextConfig.processAnnotationsWebResource(ContextConfig.java:2153)
		at org.apache.catalina.startup.ContextConfig.processAnnotationsWebResource(ContextConfig.java:2148)
		at org.apache.catalina.startup.ContextConfig.processAnnotationsWebResource(ContextConfig.java:2148)
		at org.apache.catalina.startup.ContextConfig.processAnnotationsWebResource(ContextConfig.java:2148)
		at org.apache.catalina.startup.ContextConfig.processClasses(ContextConfig.java:1361)
		at org.apache.catalina.startup.ContextConfig.webConfig(ContextConfig.java:1271)
		at org.apache.catalina.startup.ContextConfig.configureStart(ContextConfig.java:972)
		at org.apache.catalina.startup.ContextConfig.lifecycleEvent(ContextConfig.java:290)
		at org.apache.catalina.util.LifecycleBase.fireLifecycleEvent(LifecycleBase.java:109)
		at org.apache.catalina.core.StandardContext.startInternal(StandardContext.java:4380)
		at org.apache.catalina.util.LifecycleBase.start(LifecycleBase.java:164)
		... 38 more
13-Jul-2025 18:45:52.464 INFO [main] org.apache.catalina.startup.HostConfig.deployDirectory Deployment of web application directory [C:\Users\saksh\Desktop\InventoryManagementSystem\apache-tomcat-10.1.43\webapps\InventoryManagementSystem] has finished in [94] ms
13-Jul-2025 18:45:52.464 INFO [main] org.apache.catalina.startup.HostConfig.deployDirectory Deploying web application directory [C:\Users\saksh\Desktop\InventoryManagementSystem\apache-tomcat-10.1.43\webapps\manager]
13-Jul-2025 18:45:53.376 INFO [main] org.apache.jasper.servlet.TldScanner.scanJars At least one JAR was scanned for TLDs yet contained no TLDs. Enable debug logging for this logger for a complete list of JARs that were scanned but no TLDs were found in them. Skipping unneeded JARs during scanning can improve startup time and JSP compilation time.
13-Jul-2025 18:45:53.385 INFO [main] org.apache.catalina.startup.HostConfig.deployDirectory Deployment of web application directory [C:\Users\saksh\Desktop\InventoryManagementSystem\apache-tomcat-10.1.43\webapps\manager] has finished in [921] ms
13-Jul-2025 18:45:53.385 INFO [main] org.apache.catalina.startup.HostConfig.deployDirectory Deploying web application directory [C:\Users\saksh\Desktop\InventoryManagementSystem\apache-tomcat-10.1.43\webapps\ROOT]
13-Jul-2025 18:45:54.030 INFO [main] org.apache.jasper.servlet.TldScanner.scanJars At least one JAR was scanned for TLDs yet contained no TLDs. Enable debug logging for this logger for a complete list of JARs that were scanned but no TLDs were found in them. Skipping unneeded JARs during scanning can improve startup time and JSP compilation time.
13-Jul-2025 18:45:54.040 INFO [main] org.apache.catalina.startup.HostConfig.deployDirectory Deployment of web application directory [C:\Users\saksh\Desktop\InventoryManagementSystem\apache-tomcat-10.1.43\webapps\ROOT] has finished in [655] ms
13-Jul-2025 18:45:54.076 INFO [main] org.apache.coyote.AbstractProtocol.start Starting ProtocolHandler ["http-nio-8080"]
13-Jul-2025 18:45:55.049 INFO [main] org.apache.catalina.startup.Catalina.start Server startup in [14219] milliseconds
13-Jul-2025 18:49:53.643 INFO [Thread-1] org.apache.coyote.AbstractProtocol.pause Pausing ProtocolHandler ["http-nio-8080"]
13-Jul-2025 18:49:54.247 INFO [Thread-1] org.apache.catalina.core.StandardService.stopInternal Stopping service [Catalina]
13-Jul-2025 18:49:54.678 WARNING [Thread-1] org.apache.catalina.loader.WebappClassLoaderBase.clearReferencesJdbc The web application [InventoryManagementSystem#index.html] registered the JDBC driver [com.mysql.cj.jdbc.Driver] but failed to unregister it when the web application was stopped. To prevent a memory leak, the JDBC Driver has been forcibly unregistered.
13-Jul-2025 18:49:54.683 WARNING [Thread-1] org.apache.catalina.loader.WebappClassLoaderBase.clearReferencesThreads The web application [InventoryManagementSystem#index.html] appears to have started a thread named [mysql-cj-abandoned-connection-cleanup] but has failed to stop it. This is very likely to create a memory leak. Stack trace of thread:
 java.base@11.0.26/java.lang.Object.wait(Native Method)
 java.base@11.0.26/java.lang.ref.ReferenceQueue.remove(ReferenceQueue.java:155)
 com.mysql.cj.jdbc.AbandonedConnectionCleanupThread.run(AbandonedConnectionCleanupThread.java:91)
 java.base@11.0.26/java.util.concurrent.ThreadPoolExecutor.runWorker(ThreadPoolExecutor.java:1128)
 java.base@11.0.26/java.util.concurrent.ThreadPoolExecutor$Worker.run(ThreadPoolExecutor.java:628)
 java.base@11.0.26/java.lang.Thread.run(Thread.java:834)
13-Jul-2025 18:49:54.729 INFO [Thread-1] org.apache.coyote.AbstractProtocol.stop Stopping ProtocolHandler ["http-nio-8080"]
13-Jul-2025 18:49:54.820 INFO [Thread-1] org.apache.coyote.AbstractProtocol.destroy Destroying ProtocolHandler ["http-nio-8080"]
13-Jul-2025 18:50:33.910 INFO [main] org.apache.catalina.startup.VersionLoggerListener.log Server version name:   Apache Tomcat/10.1.43
13-Jul-2025 18:50:33.926 INFO [main] org.apache.catalina.startup.VersionLoggerListener.log Server built:          Jul 1 2025 21:30:20 UTC
13-Jul-2025 18:50:33.927 INFO [main] org.apache.catalina.startup.VersionLoggerListener.log Server version number: 10.1.43.0
13-Jul-2025 18:50:33.928 INFO [main] org.apache.catalina.startup.VersionLoggerListener.log OS Name:               Windows 11
13-Jul-2025 18:50:33.928 INFO [main] org.apache.catalina.startup.VersionLoggerListener.log OS Version:            10.0
13-Jul-2025 18:50:33.928 INFO [main] org.apache.catalina.startup.VersionLoggerListener.log Architecture:          amd64
13-Jul-2025 18:50:33.929 INFO [main] org.apache.catalina.startup.VersionLoggerListener.log Java Home:             C:\Program Files\Java\jdk-11
13-Jul-2025 18:50:33.930 INFO [main] org.apache.catalina.startup.VersionLoggerListener.log JVM Version:           11.0.26+7-LTS-187
13-Jul-2025 18:50:33.930 INFO [main] org.apache.catalina.startup.VersionLoggerListener.log JVM Vendor:            Oracle Corporation
13-Jul-2025 18:50:33.931 INFO [main] org.apache.catalina.startup.VersionLoggerListener.log CATALINA_BASE:         C:\Users\saksh\Desktop\InventoryManagementSystem\apache-tomcat-10.1.43
13-Jul-2025 18:50:33.931 INFO [main] org.apache.catalina.startup.VersionLoggerListener.log CATALINA_HOME:         C:\Users\saksh\Desktop\InventoryManagementSystem\apache-tomcat-10.1.43
13-Jul-2025 18:50:33.966 INFO [main] org.apache.catalina.startup.VersionLoggerListener.log Command line argument: --add-opens=java.base/java.lang=ALL-UNNAMED
13-Jul-2025 18:50:33.966 INFO [main] org.apache.catalina.startup.VersionLoggerListener.log Command line argument: --add-opens=java.base/java.io=ALL-UNNAMED
13-Jul-2025 18:50:33.966 INFO [main] org.apache.catalina.startup.VersionLoggerListener.log Command line argument: --add-opens=java.base/java.util=ALL-UNNAMED
13-Jul-2025 18:50:33.966 INFO [main] org.apache.catalina.startup.VersionLoggerListener.log Command line argument: --add-opens=java.base/java.util.concurrent=ALL-UNNAMED
13-Jul-2025 18:50:33.968 INFO [main] org.apache.catalina.startup.VersionLoggerListener.log Command line argument: --add-opens=java.rmi/sun.rmi.transport=ALL-UNNAMED
13-Jul-2025 18:50:33.968 INFO [main] org.apache.catalina.startup.VersionLoggerListener.log Command line argument: -Dcatalina.home=C:\Users\saksh\Desktop\InventoryManagementSystem\apache-tomcat-10.1.43
13-Jul-2025 18:50:33.968 INFO [main] org.apache.catalina.startup.VersionLoggerListener.log Command line argument: -Dcatalina.base=C:\Users\saksh\Desktop\InventoryManagementSystem\apache-tomcat-10.1.43
13-Jul-2025 18:50:33.968 INFO [main] org.apache.catalina.startup.VersionLoggerListener.log Command line argument: -Djava.io.tmpdir=C:\Users\saksh\Desktop\InventoryManagementSystem\apache-tomcat-10.1.43\temp
13-Jul-2025 18:50:33.969 INFO [main] org.apache.catalina.startup.VersionLoggerListener.log Command line argument: -Djava.util.logging.config.file=C:\Users\saksh\Desktop\InventoryManagementSystem\apache-tomcat-10.1.43\conf\logging.properties
13-Jul-2025 18:50:33.969 INFO [main] org.apache.catalina.startup.VersionLoggerListener.log Command line argument: -Djava.util.logging.manager=org.apache.juli.ClassLoaderLogManager
13-Jul-2025 18:50:33.969 INFO [main] org.apache.catalina.startup.VersionLoggerListener.log Command line argument: -javaagent:C:\Program Files\JetBrains\IntelliJ IDEA Community Edition 2024.3.4.1\lib\idea_rt.jar=51034
13-Jul-2025 18:50:33.969 INFO [main] org.apache.catalina.startup.VersionLoggerListener.log Command line argument: -Dfile.encoding=UTF-8
13-Jul-2025 18:50:34.052 INFO [main] org.apache.catalina.core.AprLifecycleListener.lifecycleEvent The Apache Tomcat Native library which allows using OpenSSL was not found on the java.library.path: [C:\Program Files\Java\jdk-11\bin;C:\WINDOWS\Sun\Java\bin;C:\WINDOWS\system32;C:\WINDOWS;C:\Program Files\Eclipse Adoptium\jdk-11.0.27.6-hotspot\bin;C:\Program Files\Eclipse Adoptium\jre-17.0.15.6-hotspot\bin;C:\Program Files\Common Files\Oracle\Java\javapath;C:\Program Files (x86)\Common Files\Oracle\Java\java8path;C:\Program Files (x86)\Common Files\Oracle\Java\javapath;C:\Program Files\Java\jdk1.8.0_202

\bin;C:\Program Files\Java\jre1.8.0_431\bin;C:\Python312\Scripts\;C:\Python312\;C:\Python311\Scripts\;C:\Python311\;C:\WINDOWS\system32;C:\WINDOWS;C:\WINDOWS\System32\Wbem;C:\WINDOWS\System32\WindowsPowerShell\v1.0\;C:\WINDOWS\System32\OpenSSH\;C:\Program Files\dotnet\;C:\Users\saksh\Downloads;C:\Users\saksh\Downloads\ForwardNotifier-master\ForwardNotifier-master\ForwardNotifier Client Tools\Windows SSH Client tool;C:\Users\saksh\Downloads\app files\ForwardNotifier-master\ForwardNotifier-master\ForwardNotifier Client Tools\Windows SSH Client tool;C:\ProgramData\chocolatey\bin;C:\Android;C:\Windows\System32;C:\WINDOWS\system32;C:\WINDOWS;C:\WINDOWS\System32\Wbem;C:\WINDOWS\System32\WindowsPowerShell\v1.0\;C:\WINDOWS\System32\OpenSSH\;C:\Program Files\Calibre2\;C:\Program Files\nodejs\;C:\Program Files\HP\HP One Agent;C:\flutter;C:\Program Files\MySQL\MySQL Server 8.0\bin;C:\Program Files\Git\cmd;C:\Program Files\Git\cmd;C:\Windows\System32;C:\Windows;C:\Users\saksh\AppData\Local\Android\sdk\cmdline-tools\latest\bin;C:\Users\saksh\AppData\Local\Android\sdk\cmdline-tools\bin;C:\Users\saksh\Desktop\InventoryManagementSystem\apache-maven-3.9.10\bin;C:\Users\saksh\Desktop\InventoryManagementSystem\apache-maven-3.9.10\bin;C:\Program Files\MySQL\MySQL Shell 8.0\bin\;C:\Program Files\platform-tools;C:\Users\saksh\AppData\Local\Microsoft\WindowsApps;C:\Users\saksh\.dotnet\tools;C:\Program Files\JetBrains\PyCharm Community Edition 2022.1.2\bin;C:\Users\saksh\AppData\Local\spicetify;C:\Users\saksh\.dotnet\tools;C:\MinGW\bin;C:\Users\saksh\AppData\Local\Microsoft\WindowsApps;C:\Users\saksh\AppData\Roaming\npm;C:\flutter\bin;C:\Program Files\JetBrains\PyCharm Community Edition 2024.1.4\bin;C:\Users\saksh\AppData\Local\GitHubDesktop\bin;C:\Users\saksh\AppData\Roaming\Python\Python312\Scripts;C:\Program Files\Java\jdk-23\bin;C:\Users\saksh\AppData\Local\Programs\Ollama;C:\Users\saksh\AppData\Local\Programs\Microsoft VS Code\bin;C:\Program Files\Git\cmd;C:\flutter\bin;C:\Users\saksh\AppData\Roaming\npm;C:\Users\saksh\Desktop\InventoryManagementSystem\apache-maven-3.9.10\bin;C:\Program Files\Eclipse Adoptium\jdk-11.0.27.6-hotspot\bin;;.]
13-Jul-2025 18:50:35.140 INFO [main] org.apache.coyote.AbstractProtocol.init Initializing ProtocolHandler ["http-nio-8080"]
13-Jul-2025 18:50:35.217 INFO [main] org.apache.catalina.startup.Catalina.load Server initialization in [2017] milliseconds
13-Jul-2025 18:50:35.412 INFO [main] org.apache.catalina.core.StandardService.startInternal Starting service [Catalina]
13-Jul-2025 18:50:35.412 INFO [main] org.apache.catalina.core.StandardEngine.startInternal Starting Servlet engine: [Apache Tomcat/10.1.43]
13-Jul-2025 18:50:35.452 INFO [main] org.apache.catalina.startup.HostConfig.deployDescriptor Deploying deployment descriptor [C:\Users\saksh\Desktop\InventoryManagementSystem\apache-tomcat-10.1.43\conf\Catalina\localhost\InventoryManagementSystem#index.html.xml]
13-Jul-2025 18:50:35.709 WARNING [main] org.apache.catalina.webresources.DirResourceSet.initInternal Disabled the global canonical file name cache to protect against CVE-2024-56337 when starting the WebResourceSet at [C:\Users\saksh\Desktop\InventoryManagementSystem\target\classes] which is part of the web application [/InventoryManagementSystem/index.html]
13-Jul-2025 18:50:45.574 INFO [main] org.apache.jasper.servlet.TldScanner.scanJars At least one JAR was scanned for TLDs yet contained no TLDs. Enable debug logging for this logger for a complete list of JARs that were scanned but no TLDs were found in them. Skipping unneeded JARs during scanning can improve startup time and JSP compilation time.
13-Jul-2025 18:50:48.830 WARNING [main] org.apache.catalina.util.SessionIdGeneratorBase.createSecureRandom Creation of SecureRandom instance for session ID generation using [SHA1PRNG] took [2,496] milliseconds.
13-Jul-2025 18:50:48.994 INFO [main] org.apache.catalina.startup.HostConfig.deployDescriptor Deployment of deployment descriptor [C:\Users\saksh\Desktop\InventoryManagementSystem\apache-tomcat-10.1.43\conf\Catalina\localhost\InventoryManagementSystem#index.html.xml] has finished in [13,541] ms
13-Jul-2025 18:50:48.997 INFO [main] org.apache.catalina.startup.HostConfig.deployDirectory Deploying web application directory [C:\Users\saksh\Desktop\InventoryManagementSystem\apache-tomcat-10.1.43\webapps\docs]
13-Jul-2025 18:50:53.857 INFO [main] org.apache.jasper.servlet.TldScanner.scanJars At least one JAR was scanned for TLDs yet contained no TLDs. Enable debug logging for this logger for a complete list of JARs that were scanned but no TLDs were found in them. Skipping unneeded JARs during scanning can improve startup time and JSP compilation time.
13-Jul-2025 18:50:53.867 INFO [main] org.apache.catalina.startup.HostConfig.deployDirectory Deployment of web application directory [C:\Users\saksh\Desktop\InventoryManagementSystem\apache-tomcat-10.1.43\webapps\docs] has finished in [4,870] ms
13-Jul-2025 18:50:53.870 INFO [main] org.apache.catalina.startup.HostConfig.deployDirectory Deploying web application directory [C:\Users\saksh\Desktop\InventoryManagementSystem\apache-tomcat-10.1.43\webapps\examples]
13-Jul-2025 18:50:58.570 INFO [main] org.apache.jasper.servlet.TldScanner.scanJars At least one JAR was scanned for TLDs yet contained no TLDs. Enable debug logging for this logger for a complete list of JARs that were scanned but no TLDs were found in them. Skipping unneeded JARs during scanning can improve startup time and JSP compilation time.
13-Jul-2025 18:50:58.862 INFO [main] org.apache.catalina.startup.HostConfig.deployDirectory Deployment of web application directory [C:\Users\saksh\Desktop\InventoryManagementSystem\apache-tomcat-10.1.43\webapps\examples] has finished in [4,992] ms
13-Jul-2025 18:50:58.864 INFO [main] org.apache.catalina.startup.HostConfig.deployDirectory Deploying web application directory [C:\Users\saksh\Desktop\InventoryManagementSystem\apache-tomcat-10.1.43\webapps\host-manager]
13-Jul-2025 18:51:00.605 INFO [main] org.apache.jasper.servlet.TldScanner.scanJars At least one JAR was scanned for TLDs yet contained no TLDs. Enable debug logging for this logger for a complete list of JARs that were scanned but no TLDs were found in them. Skipping unneeded JARs during scanning can improve startup time and JSP compilation time.
13-Jul-2025 18:51:00.650 INFO [main] org.apache.catalina.startup.HostConfig.deployDirectory Deployment of web application directory [C:\Users\saksh\Desktop\InventoryManagementSystem\apache-tomcat-10.1.43\webapps\host-manager] has finished in [1,785] ms
13-Jul-2025 18:51:00.651 INFO [main] org.apache.catalina.startup.HostConfig.deployDirectory Deploying web application directory [C:\Users\saksh\Desktop\InventoryManagementSystem\apache-tomcat-10.1.43\webapps\InventoryManagementSystem]
13-Jul-2025 18:51:00.957 SEVERE [main] org.apache.catalina.startup.HostConfig.deployDirectory Error deploying web application directory [C:\Users\saksh\Desktop\InventoryManagementSystem\apache-tomcat-10.1.43\webapps\InventoryManagementSystem]
	java.lang.IllegalStateException: Error starting child
		at org.apache.catalina.core.ContainerBase.addChildInternal(ContainerBase.java:602)
		at org.apache.catalina.core.ContainerBase.addChild(ContainerBase.java:571)
		at org.apache.catalina.core.StandardHost.addChild(StandardHost.java:654)
		at org.apache.catalina.startup.HostConfig.deployDirectory(HostConfig.java:1126)
		at org.apache.catalina.startup.HostConfig$DeployDirectory.run(HostConfig.java:1925)
		at java.base/java.util.concurrent.Executors$RunnableAdapter.call(Executors.java:515)
		at java.base/java.util.concurrent.FutureTask.run(FutureTask.java:264)
		at org.apache.tomcat.util.threads.InlineExecutorService.execute(InlineExecutorService.java:75)
		at java.base/java.util.concurrent.AbstractExecutorService.submit(AbstractExecutorService.java:118)
		at org.apache.catalina.startup.HostConfig.deployDirectories(HostConfig.java:1037)
		at org.apache.catalina.startup.HostConfig.deployApps(HostConfig.java:422)
		at org.apache.catalina.startup.HostConfig.start(HostConfig.java:1621)
		at org.apache.catalina.startup.HostConfig.lifecycleEvent(HostConfig.java:303)
		at org.apache.catalina.util.LifecycleBase.fireLifecycleEvent(LifecycleBase.java:109)
		at org.apache.catalina.util.LifecycleBase.setStateInternal(LifecycleBase.java:389)
		at org.apache.catalina.util.LifecycleBase.setState(LifecycleBase.java:336)
		at org.apache.catalina.core.ContainerBase.startInternal(ContainerBase.java:776)
		at org.apache.catalina.core.StandardHost.startInternal(StandardHost.java:772)
		at org.apache.catalina.util.LifecycleBase.start(LifecycleBase.java:164)
		at org.apache.catalina.core.ContainerBase$StartChild.call(ContainerBase.java:1203)
		at org.apache.catalina.core.ContainerBase$StartChild.call(ContainerBase.java:1193)
		at java.base/java.util.concurrent.FutureTask.run(FutureTask.java:264)
		at org.apache.tomcat.util.threads.InlineExecutorService.execute(InlineExecutorService.java:75)
		at java.base/java.util.concurrent.AbstractExecutorService.submit(AbstractExecutorService.java:140)
		at org.apache.catalina.core.ContainerBase.startInternal(ContainerBase.java:749)
		at org.apache.catalina.core.StandardEngine.startInternal(StandardEngine.java:203)
		at org.apache.catalina.util.LifecycleBase.start(LifecycleBase.java:164)
		at org.apache.catalina.core.StandardService.startInternal(StandardService.java:412)
		at org.apache.catalina.util.LifecycleBase.start(LifecycleBase.java:164)
		at org.apache.catalina.core.StandardServer.startInternal(StandardServer.java:870)
		at org.apache.catalina.util.LifecycleBase.start(LifecycleBase.java:164)
		at org.apache.catalina.startup.Catalina.start(Catalina.java:761)
		at java.base/jdk.internal.reflect.NativeMethodAccessorImpl.invoke0(Native Method)
		at java.base/jdk.internal.reflect.NativeMethodAccessorImpl.invoke(NativeMethodAccessorImpl.java:62)
		at java.base/jdk.internal.reflect.DelegatingMethodAccessorImpl.invoke(DelegatingMethodAccessorImpl.java:43)
		at java.base/java.lang.reflect.Method.invoke(Method.java:566)
		at org.apache.catalina.startup.Bootstrap.start(Bootstrap.java:345)
		at org.apache.catalina.startup.Bootstrap.main(Bootstrap.java:476)
	Caused by: org.apache.catalina.LifecycleException: Failed to start component [StandardEngine[Catalina].StandardHost[localhost].StandardContext[/InventoryManagementSystem]]
		at org.apache.catalina.util.LifecycleBase.handleSubClassException(LifecycleBase.java:406)
		at org.apache.catalina.util.LifecycleBase.start(LifecycleBase.java:179)
		at org.apache.catalina.core.ContainerBase.addChildInternal(ContainerBase.java:599)
		... 37 more
	Caused by: java.lang.IllegalArgumentException: The servlets named [LoginServlet] and [com.ims.servlet.LoginServlet] are both mapped to the url-pattern [/LoginServlet] which is not permitted
		at org.apache.tomcat.util.descriptor.web.WebXml.addServletMappingDecoded(WebXml.java:415)
		at org.apache.tomcat.util.descriptor.web.WebXml.addServletMapping(WebXml.java:406)
		at org.apache.catalina.startup.ContextConfig.processAnnotationWebServlet(ContextConfig.java:2547)
		at org.apache.catalina.startup.ContextConfig.processClass(ContextConfig.java:2253)
		at org.apache.catalina.startup.ContextConfig.processAnnotationsStream(ContextConfig.java:2242)
		at org.apache.catalina.startup.ContextConfig.processAnnotationsWebResource(ContextConfig.java:2153)
		at org.apache.catalina.startup.ContextConfig.processAnnotationsWebResource(ContextConfig.java:2148)
		at org.apache.catalina.startup.ContextConfig.processAnnotationsWebResource(ContextConfig.java:2148)
		at org.apache.catalina.startup.ContextConfig.processAnnotationsWebResource(ContextConfig.java:2148)
		at org.apache.catalina.startup.ContextConfig.processClasses(ContextConfig.java:1361)
		at org.apache.catalina.startup.ContextConfig.webConfig(ContextConfig.java:1271)
		at org.apache.catalina.startup.ContextConfig.configureStart(ContextConfig.java:972)
		at org.apache.catalina.startup.ContextConfig.lifecycleEvent(ContextConfig.java:290)
		at org.apache.catalina.util.LifecycleBase.fireLifecycleEvent(LifecycleBase.java:109)
		at org.apache.catalina.core.StandardContext.startInternal(StandardContext.java:4380)
		at org.apache.catalina.util.LifecycleBase.start(LifecycleBase.java:164)
		... 38 more
13-Jul-2025 18:51:00.973 INFO [main] org.apache.catalina.startup.HostConfig.deployDirectory Deployment of web application directory [C:\Users\saksh\Desktop\InventoryManagementSystem\apache-tomcat-10.1.43\webapps\InventoryManagementSystem] has finished in [322] ms
13-Jul-2025 18:51:00.973 INFO [main] org.apache.catalina.startup.HostConfig.deployDirectory Deploying web application directory [C:\Users\saksh\Desktop\InventoryManagementSystem\apache-tomcat-10.1.43\webapps\manager]
13-Jul-2025 18:51:04.217 INFO [main] org.apache.jasper.servlet.TldScanner.scanJars At least one JAR was scanned for TLDs yet contained no TLDs. Enable debug logging for this logger for a complete list of JARs that were scanned but no TLDs were found in them. Skipping unneeded JARs during scanning can improve startup time and JSP compilation time.
13-Jul-2025 18:51:04.226 INFO [main] org.apache.catalina.startup.HostConfig.deployDirectory Deployment of web application directory [C:\Users\saksh\Desktop\InventoryManagementSystem\apache-tomcat-10.1.43\webapps\manager] has finished in [3,252] ms
13-Jul-2025 18:51:04.227 INFO [main] org.apache.catalina.startup.HostConfig.deployDirectory Deploying web application directory [C:\Users\saksh\Desktop\InventoryManagementSystem\apache-tomcat-10.1.43\webapps\ROOT]
13-Jul-2025 18:51:05.424 INFO [main] org.apache.jasper.servlet.TldScanner.scanJars At least one JAR was scanned for TLDs yet contained no TLDs. Enable debug logging for this logger for a complete list of JARs that were scanned but no TLDs were found in them. Skipping unneeded JARs during scanning can improve startup time and JSP compilation time.
13-Jul-2025 18:51:05.436 INFO [main] org.apache.catalina.startup.HostConfig.deployDirectory Deployment of web application directory [C:\Users\saksh\Desktop\InventoryManagementSystem\apache-tomcat-10.1.43\webapps\ROOT] has finished in [1,210] ms
13-Jul-2025 18:51:05.455 INFO [main] org.apache.coyote.AbstractProtocol.start Starting ProtocolHandler ["http-nio-8080"]
13-Jul-2025 18:51:06.107 INFO [main] org.apache.catalina.startup.Catalina.start Server startup in [30889] milliseconds
13-Jul-2025 18:54:24.498 INFO [main] org.apache.catalina.core.StandardServer.await A valid shutdown command was received via the shutdown port. Stopping the Server instance.
13-Jul-2025 18:54:24.507 INFO [main] org.apache.coyote.AbstractProtocol.pause Pausing ProtocolHandler ["http-nio-8080"]
13-Jul-2025 18:54:25.012 INFO [main] org.apache.catalina.core.StandardService.stopInternal Stopping service [Catalina]
13-Jul-2025 18:54:25.196 WARNING [main] org.apache.catalina.loader.WebappClassLoaderBase.clearReferencesJdbc The web application [InventoryManagementSystem#index.html] registered the JDBC driver [com.mysql.cj.jdbc.Driver] but failed to unregister it when the web application was stopped. To prevent a memory leak, the JDBC Driver has been forcibly unregistered.
13-Jul-2025 18:54:25.199 WARNING [main] org.apache.catalina.loader.WebappClassLoaderBase.clearReferencesThreads The web application [InventoryManagementSystem#index.html] appears to have started a thread named [mysql-cj-abandoned-connection-cleanup] but has failed to stop it. This is very likely to create a memory leak. Stack trace of thread:
 java.base@11.0.26/java.lang.Object.wait(Native Method)
 java.base@11.0.26/java.lang.ref.ReferenceQueue.remove(ReferenceQueue.java:155)
 com.mysql.cj.jdbc.AbandonedConnectionCleanupThread.run(AbandonedConnectionCleanupThread.java:91)
 java.base@11.0.26/java.util.concurrent.ThreadPoolExecutor.runWorker(ThreadPoolExecutor.java:1128)
 java.base@11.0.26/java.util.concurrent.ThreadPoolExecutor$Worker.run(ThreadPoolExecutor.java:628)
 java.base@11.0.26/java.lang.Thread.run(Thread.java:834)
13-Jul-2025 18:54:25.273 INFO [main] org.apache.coyote.AbstractProtocol.stop Stopping ProtocolHandler ["http-nio-8080"]
13-Jul-2025 18:54:25.329 INFO [main] org.apache.coyote.AbstractProtocol.destroy Destroying ProtocolHandler ["http-nio-8080"]
13-Jul-2025 18:57:21.643 INFO [main] org.apache.catalina.startup.VersionLoggerListener.log Server version name:   Apache Tomcat/10.1.43
13-Jul-2025 18:57:21.688 INFO [main] org.apache.catalina.startup.VersionLoggerListener.log Server built:          Jul 1 2025 21:30:20 UTC
13-Jul-2025 18:57:21.689 INFO [main] org.apache.catalina.startup.VersionLoggerListener.log Server version number: 10.1.43.0
13-Jul-2025 18:57:21.690 INFO [main] org.apache.catalina.startup.VersionLoggerListener.log OS Name:               Windows 11
13-Jul-2025 18:57:21.690 INFO [main] org.apache.catalina.startup.VersionLoggerListener.log OS Version:            10.0
13-Jul-2025 18:57:21.691 INFO [main] org.apache.catalina.startup.VersionLoggerListener.log Architecture:          amd64
13-Jul-2025 18:57:21.691 INFO [main] org.apache.catalina.startup.VersionLoggerListener.log Java Home:             C:\Program Files\Java\jdk-11
13-Jul-2025 18:57:21.691 INFO [main] org.apache.catalina.startup.VersionLoggerListener.log JVM Version:           11.0.26+7-LTS-187
13-Jul-2025 18:57:21.691 INFO [main] org.apache.catalina.startup.VersionLoggerListener.log JVM Vendor:            Oracle Corporation
13-Jul-2025 18:57:21.691 INFO [main] org.apache.catalina.startup.VersionLoggerListener.log CATALINA_BASE:         C:\Users\saksh\Desktop\InventoryManagementSystem\apache-tomcat-10.1.43
13-Jul-2025 18:57:21.691 INFO [main] org.apache.catalina.startup.VersionLoggerListener.log CATALINA_HOME:         C:\Users\saksh\Desktop\InventoryManagementSystem\apache-tomcat-10.1.43
13-Jul-2025 18:57:21.740 INFO [main] org.apache.catalina.startup.VersionLoggerListener.log Command line argument: --add-opens=java.base/java.lang=ALL-UNNAMED
13-Jul-2025 18:57:21.741 INFO [main] org.apache.catalina.startup.VersionLoggerListener.log Command line argument: --add-opens=java.base/java.io=ALL-UNNAMED
13-Jul-2025 18:57:21.742 INFO [main] org.apache.catalina.startup.VersionLoggerListener.log Command line argument: --add-opens=java.base/java.util=ALL-UNNAMED
13-Jul-2025 18:57:21.743 INFO [main] org.apache.catalina.startup.VersionLoggerListener.log Command line argument: --add-opens=java.base/java.util.concurrent=ALL-UNNAMED
13-Jul-2025 18:57:21.743 INFO [main] org.apache.catalina.startup.VersionLoggerListener.log Command line argument: --add-opens=java.rmi/sun.rmi.transport=ALL-UNNAMED
13-Jul-2025 18:57:21.744 INFO [main] org.apache.catalina.startup.VersionLoggerListener.log Command line argument: -Dcatalina.home=C:\Users\saksh\Desktop\InventoryManagementSystem\apache-tomcat-10.1.43
13-Jul-2025 18:57:21.744 INFO [main] org.apache.catalina.startup.VersionLoggerListener.log Command line argument: -Dcatalina.base=C:\Users\saksh\Desktop\InventoryManagementSystem\apache-tomcat-10.1.43
13-Jul-2025 18:57:21.744 INFO [main] org.apache.catalina.startup.VersionLoggerListener.log Command line argument: -Djava.io.tmpdir=C:\Users\saksh\Desktop\InventoryManagementSystem\apache-tomcat-10.1.43\temp
13-Jul-2025 18:57:21.744 INFO [main] org.apache.catalina.startup.VersionLoggerListener.log Command line argument: -Djava.util.logging.config.file=C:\Users\saksh\Desktop\InventoryManagementSystem\apache-tomcat-10.1.43\conf\logging.properties
13-Jul-2025 18:57:21.745 INFO [main] org.apache.catalina.startup.VersionLoggerListener.log Command line argument: -Djava.util.logging.manager=org.apache.juli.ClassLoaderLogManager
13-Jul-2025 18:57:21.745 INFO [main] org.apache.catalina.startup.VersionLoggerListener.log Command line argument: -javaagent:C:\Program Files\JetBrains\IntelliJ IDEA Community Edition 2024.3.4.1\lib\idea_rt.jar=51445
13-Jul-2025 18:57:21.745 INFO [main] org.apache.catalina.startup.VersionLoggerListener.log Command line argument: -Dfile.encoding=UTF-8
13-Jul-2025 18:57:21.833 INFO [main] org.apache.catalina.core.AprLifecycleListener.lifecycleEvent The Apache Tomcat Native library which allows using OpenSSL was not found on the java.library.path: [C:\Program Files\Java\jdk-11\bin;C:\WINDOWS\Sun\Java\bin;C:\WINDOWS\system32;C:\WINDOWS;C:\Program Files\Eclipse Adoptium\jdk-11.0.27.6-hotspot\bin;C:\Program Files\Eclipse Adoptium\jre-17.0.15.6-hotspot\bin;C:\Program Files\Common Files\Oracle\Java\javapath;C:\Program Files (x86)\Common Files\Oracle\Java\java8path;C:\Program Files (x86)\Common Files\Oracle\Java\javapath;C:\Program Files\Java\jdk1.8.0_202

\bin;C:\Program Files\Java\jre1.8.0_431\bin;C:\Python312\Scripts\;C:\Python312\;C:\Python311\Scripts\;C:\Python311\;C:\WINDOWS\system32;C:\WINDOWS;C:\WINDOWS\System32\Wbem;C:\WINDOWS\System32\WindowsPowerShell\v1.0\;C:\WINDOWS\System32\OpenSSH\;C:\Program Files\dotnet\;C:\Users\saksh\Downloads;C:\Users\saksh\Downloads\ForwardNotifier-master\ForwardNotifier-master\ForwardNotifier Client Tools\Windows SSH Client tool;C:\Users\saksh\Downloads\app files\ForwardNotifier-master\ForwardNotifier-master\ForwardNotifier Client Tools\Windows SSH Client tool;C:\ProgramData\chocolatey\bin;C:\Android;C:\Windows\System32;C:\WINDOWS\system32;C:\WINDOWS;C:\WINDOWS\System32\Wbem;C:\WINDOWS\System32\WindowsPowerShell\v1.0\;C:\WINDOWS\System32\OpenSSH\;C:\Program Files\Calibre2\;C:\Program Files\nodejs\;C:\Program Files\HP\HP One Agent;C:\flutter;C:\Program Files\MySQL\MySQL Server 8.0\bin;C:\Program Files\Git\cmd;C:\Program Files\Git\cmd;C:\Windows\System32;C:\Windows;C:\Users\saksh\AppData\Local\Android\sdk\cmdline-tools\latest\bin;C:\Users\saksh\AppData\Local\Android\sdk\cmdline-tools\bin;C:\Users\saksh\Desktop\InventoryManagementSystem\apache-maven-3.9.10\bin;C:\Users\saksh\Desktop\InventoryManagementSystem\apache-maven-3.9.10\bin;C:\Program Files\MySQL\MySQL Shell 8.0\bin\;C:\Program Files\platform-tools;C:\Users\saksh\AppData\Local\Microsoft\WindowsApps;C:\Users\saksh\.dotnet\tools;C:\Program Files\JetBrains\PyCharm Community Edition 2022.1.2\bin;C:\Users\saksh\AppData\Local\spicetify;C:\Users\saksh\.dotnet\tools;C:\MinGW\bin;C:\Users\saksh\AppData\Local\Microsoft\WindowsApps;C:\Users\saksh\AppData\Roaming\npm;C:\flutter\bin;C:\Program Files\JetBrains\PyCharm Community Edition 2024.1.4\bin;C:\Users\saksh\AppData\Local\GitHubDesktop\bin;C:\Users\saksh\AppData\Roaming\Python\Python312\Scripts;C:\Program Files\Java\jdk-23\bin;C:\Users\saksh\AppData\Local\Programs\Ollama;C:\Users\saksh\AppData\Local\Programs\Microsoft VS Code\bin;C:\Program Files\Git\cmd;C:\flutter\bin;C:\Users\saksh\AppData\Roaming\npm;C:\Users\saksh\Desktop\InventoryManagementSystem\apache-maven-3.9.10\bin;C:\Program Files\Eclipse Adoptium\jdk-11.0.27.6-hotspot\bin;;.]
13-Jul-2025 18:57:22.646 INFO [main] org.apache.coyote.AbstractProtocol.init Initializing ProtocolHandler ["http-nio-8080"]
13-Jul-2025 18:57:22.701 INFO [main] org.apache.catalina.startup.Catalina.load Server initialization in [1818] milliseconds
13-Jul-2025 18:57:22.836 INFO [main] org.apache.catalina.core.StandardService.startInternal Starting service [Catalina]
13-Jul-2025 18:57:22.837 INFO [main] org.apache.catalina.core.StandardEngine.startInternal Starting Servlet engine: [Apache Tomcat/10.1.43]
13-Jul-2025 18:57:22.880 INFO [main] org.apache.catalina.startup.HostConfig.deployDescriptor Deploying deployment descriptor [C:\Users\saksh\Desktop\InventoryManagementSystem\apache-tomcat-10.1.43\conf\Catalina\localhost\InventoryManagementSystem#index.html.xml]
13-Jul-2025 18:57:23.111 WARNING [main] org.apache.catalina.webresources.DirResourceSet.initInternal Disabled the global canonical file name cache to protect against CVE-2024-56337 when starting the WebResourceSet at [C:\Users\saksh\Desktop\InventoryManagementSystem\target\classes] which is part of the web application [/InventoryManagementSystem/index.html]
13-Jul-2025 18:57:27.322 INFO [main] org.apache.jasper.servlet.TldScanner.scanJars At least one JAR was scanned for TLDs yet contained no TLDs. Enable debug logging for this logger for a complete list of JARs that were scanned but no TLDs were found in them. Skipping unneeded JARs during scanning can improve startup time and JSP compilation time.
13-Jul-2025 18:57:28.039 WARNING [main] org.apache.catalina.util.SessionIdGeneratorBase.createSecureRandom Creation of SecureRandom instance for session ID generation using [SHA1PRNG] took [536] milliseconds.
13-Jul-2025 18:57:28.161 INFO [main] org.apache.catalina.startup.HostConfig.deployDescriptor Deployment of deployment descriptor [C:\Users\saksh\Desktop\InventoryManagementSystem\apache-tomcat-10.1.43\conf\Catalina\localhost\InventoryManagementSystem#index.html.xml] has finished in [5,281] ms
13-Jul-2025 18:57:28.162 INFO [main] org.apache.catalina.startup.HostConfig.deployDirectory Deploying web application directory [C:\Users\saksh\Desktop\InventoryManagementSystem\apache-tomcat-10.1.43\webapps\docs]
13-Jul-2025 18:57:29.016 INFO [main] org.apache.jasper.servlet.TldScanner.scanJars At least one JAR was scanned for TLDs yet contained no TLDs. Enable debug logging for this logger for a complete list of JARs that were scanned but no TLDs were found in them. Skipping unneeded JARs during scanning can improve startup time and JSP compilation time.
13-Jul-2025 18:57:29.024 INFO [main] org.apache.catalina.startup.HostConfig.deployDirectory Deployment of web application directory [C:\Users\saksh\Desktop\InventoryManagementSystem\apache-tomcat-10.1.43\webapps\docs] has finished in [861] ms
13-Jul-2025 18:57:29.025 INFO [main] org.apache.catalina.startup.HostConfig.deployDirectory Deploying web application directory [C:\Users\saksh\Desktop\InventoryManagementSystem\apache-tomcat-10.1.43\webapps\examples]
13-Jul-2025 18:57:30.581 INFO [main] org.apache.jasper.servlet.TldScanner.scanJars At least one JAR was scanned for TLDs yet contained no TLDs. Enable debug logging for this logger for a complete list of JARs that were scanned but no TLDs were found in them. Skipping unneeded JARs during scanning can improve startup time and JSP compilation time.
13-Jul-2025 18:57:30.690 INFO [main] org.apache.catalina.startup.HostConfig.deployDirectory Deployment of web application directory [C:\Users\saksh\Desktop\InventoryManagementSystem\apache-tomcat-10.1.43\webapps\examples] has finished in [1,665] ms
13-Jul-2025 18:57:30.690 INFO [main] org.apache.catalina.startup.HostConfig.deployDirectory Deploying web application directory [C:\Users\saksh\Desktop\InventoryManagementSystem\apache-tomcat-10.1.43\webapps\host-manager]
13-Jul-2025 18:57:31.386 INFO [main] org.apache.jasper.servlet.TldScanner.scanJars At least one JAR was scanned for TLDs yet contained no TLDs. Enable debug logging for this logger for a complete list of JARs that were scanned but no TLDs were found in them. Skipping unneeded JARs during scanning can improve startup time and JSP compilation time.
13-Jul-2025 18:57:31.446 INFO [main] org.apache.catalina.startup.HostConfig.deployDirectory Deployment of web application directory [C:\Users\saksh\Desktop\InventoryManagementSystem\apache-tomcat-10.1.43\webapps\host-manager] has finished in [756] ms
13-Jul-2025 18:57:31.446 INFO [main] org.apache.catalina.startup.HostConfig.deployDirectory Deploying web application directory [C:\Users\saksh\Desktop\InventoryManagementSystem\apache-tomcat-10.1.43\webapps\InventoryManagementSystem]
13-Jul-2025 18:57:31.624 SEVERE [main] org.apache.catalina.startup.HostConfig.deployDirectory Error deploying web application directory [C:\Users\saksh\Desktop\InventoryManagementSystem\apache-tomcat-10.1.43\webapps\InventoryManagementSystem]
	java.lang.IllegalStateException: Error starting child
		at org.apache.catalina.core.ContainerBase.addChildInternal(ContainerBase.java:602)
		at org.apache.catalina.core.ContainerBase.addChild(ContainerBase.java:571)
		at org.apache.catalina.core.StandardHost.addChild(StandardHost.java:654)
		at org.apache.catalina.startup.HostConfig.deployDirectory(HostConfig.java:1126)
		at org.apache.catalina.startup.HostConfig$DeployDirectory.run(HostConfig.java:1925)
		at java.base/java.util.concurrent.Executors$RunnableAdapter.call(Executors.java:515)
		at java.base/java.util.concurrent.FutureTask.run(FutureTask.java:264)
		at org.apache.tomcat.util.threads.InlineExecutorService.execute(InlineExecutorService.java:75)
		at java.base/java.util.concurrent.AbstractExecutorService.submit(AbstractExecutorService.java:118)
		at org.apache.catalina.startup.HostConfig.deployDirectories(HostConfig.java:1037)
		at org.apache.catalina.startup.HostConfig.deployApps(HostConfig.java:422)
		at org.apache.catalina.startup.HostConfig.start(HostConfig.java:1621)
		at org.apache.catalina.startup.HostConfig.lifecycleEvent(HostConfig.java:303)
		at org.apache.catalina.util.LifecycleBase.fireLifecycleEvent(LifecycleBase.java:109)
		at org.apache.catalina.util.LifecycleBase.setStateInternal(LifecycleBase.java:389)
		at org.apache.catalina.util.LifecycleBase.setState(LifecycleBase.java:336)
		at org.apache.catalina.core.ContainerBase.startInternal(ContainerBase.java:776)
		at org.apache.catalina.core.StandardHost.startInternal(StandardHost.java:772)
		at org.apache.catalina.util.LifecycleBase.start(LifecycleBase.java:164)
		at org.apache.catalina.core.ContainerBase$StartChild.call(ContainerBase.java:1203)
		at org.apache.catalina.core.ContainerBase$StartChild.call(ContainerBase.java:1193)
		at java.base/java.util.concurrent.FutureTask.run(FutureTask.java:264)
		at org.apache.tomcat.util.threads.InlineExecutorService.execute(InlineExecutorService.java:75)
		at java.base/java.util.concurrent.AbstractExecutorService.submit(AbstractExecutorService.java:140)
		at org.apache.catalina.core.ContainerBase.startInternal(ContainerBase.java:749)
		at org.apache.catalina.core.StandardEngine.startInternal(StandardEngine.java:203)
		at org.apache.catalina.util.LifecycleBase.start(LifecycleBase.java:164)
		at org.apache.catalina.core.StandardService.startInternal(StandardService.java:412)
		at org.apache.catalina.util.LifecycleBase.start(LifecycleBase.java:164)
		at org.apache.catalina.core.StandardServer.startInternal(StandardServer.java:870)
		at org.apache.catalina.util.LifecycleBase.start(LifecycleBase.java:164)
		at org.apache.catalina.startup.Catalina.start(Catalina.java:761)
		at java.base/jdk.internal.reflect.NativeMethodAccessorImpl.invoke0(Native Method)
		at java.base/jdk.internal.reflect.NativeMethodAccessorImpl.invoke(NativeMethodAccessorImpl.java:62)
		at java.base/jdk.internal.reflect.DelegatingMethodAccessorImpl.invoke(DelegatingMethodAccessorImpl.java:43)
		at java.base/java.lang.reflect.Method.invoke(Method.java:566)
		at org.apache.catalina.startup.Bootstrap.start(Bootstrap.java:345)
		at org.apache.catalina.startup.Bootstrap.main(Bootstrap.java:476)
	Caused by: org.apache.catalina.LifecycleException: Failed to start component [StandardEngine[Catalina].StandardHost[localhost].StandardContext[/InventoryManagementSystem]]
		at org.apache.catalina.util.LifecycleBase.handleSubClassException(LifecycleBase.java:406)
		at org.apache.catalina.util.LifecycleBase.start(LifecycleBase.java:179)
		at org.apache.catalina.core.ContainerBase.addChildInternal(ContainerBase.java:599)
		... 37 more
	Caused by: java.lang.IllegalArgumentException: The servlets named [LoginServlet] and [com.ims.servlet.LoginServlet] are both mapped to the url-pattern [/LoginServlet] which is not permitted
		at org.apache.tomcat.util.descriptor.web.WebXml.addServletMappingDecoded(WebXml.java:415)
		at org.apache.tomcat.util.descriptor.web.WebXml.addServletMapping(WebXml.java:406)
		at org.apache.catalina.startup.ContextConfig.processAnnotationWebServlet(ContextConfig.java:2547)
		at org.apache.catalina.startup.ContextConfig.processClass(ContextConfig.java:2253)
		at org.apache.catalina.startup.ContextConfig.processAnnotationsStream(ContextConfig.java:2242)
		at org.apache.catalina.startup.ContextConfig.processAnnotationsWebResource(ContextConfig.java:2153)
		at org.apache.catalina.startup.ContextConfig.processAnnotationsWebResource(ContextConfig.java:2148)
		at org.apache.catalina.startup.ContextConfig.processAnnotationsWebResource(ContextConfig.java:2148)
		at org.apache.catalina.startup.ContextConfig.processAnnotationsWebResource(ContextConfig.java:2148)
		at org.apache.catalina.startup.ContextConfig.processClasses(ContextConfig.java:1361)
		at org.apache.catalina.startup.ContextConfig.webConfig(ContextConfig.java:1271)
		at org.apache.catalina.startup.ContextConfig.configureStart(ContextConfig.java:972)
		at org.apache.catalina.startup.ContextConfig.lifecycleEvent(ContextConfig.java:290)
		at org.apache.catalina.util.LifecycleBase.fireLifecycleEvent(LifecycleBase.java:109)
		at org.apache.catalina.core.StandardContext.startInternal(StandardContext.java:4380)
		at org.apache.catalina.util.LifecycleBase.start(LifecycleBase.java:164)
		... 38 more
13-Jul-2025 18:57:31.635 INFO [main] org.apache.catalina.startup.HostConfig.deployDirectory Deployment of web application directory [C:\Users\saksh\Desktop\InventoryManagementSystem\apache-tomcat-10.1.43\webapps\InventoryManagementSystem] has finished in [189] ms
13-Jul-2025 18:57:31.635 INFO [main] org.apache.catalina.startup.HostConfig.deployDirectory Deploying web application directory [C:\Users\saksh\Desktop\InventoryManagementSystem\apache-tomcat-10.1.43\webapps\manager]
13-Jul-2025 18:57:32.596 INFO [main] org.apache.jasper.servlet.TldScanner.scanJars At least one JAR was scanned for TLDs yet contained no TLDs. Enable debug logging for this logger for a complete list of JARs that were scanned but no TLDs were found in them. Skipping unneeded JARs during scanning can improve startup time and JSP compilation time.
13-Jul-2025 18:57:32.620 INFO [main] org.apache.catalina.startup.HostConfig.deployDirectory Deployment of web application directory [C:\Users\saksh\Desktop\InventoryManagementSystem\apache-tomcat-10.1.43\webapps\manager] has finished in [984] ms
13-Jul-2025 18:57:32.621 INFO [main] org.apache.catalina.startup.HostConfig.deployDirectory Deploying web application directory [C:\Users\saksh\Desktop\InventoryManagementSystem\apache-tomcat-10.1.43\webapps\ROOT]
13-Jul-2025 18:57:33.523 INFO [main] org.apache.jasper.servlet.TldScanner.scanJars At least one JAR was scanned for TLDs yet contained no TLDs. Enable debug logging for this logger for a complete list of JARs that were scanned but no TLDs were found in them. Skipping unneeded JARs during scanning can improve startup time and JSP compilation time.
13-Jul-2025 18:57:33.533 INFO [main] org.apache.catalina.startup.HostConfig.deployDirectory Deployment of web application directory [C:\Users\saksh\Desktop\InventoryManagementSystem\apache-tomcat-10.1.43\webapps\ROOT] has finished in [912] ms
13-Jul-2025 18:57:33.548 INFO [main] org.apache.coyote.AbstractProtocol.start Starting ProtocolHandler ["http-nio-8080"]
13-Jul-2025 18:57:34.109 INFO [main] org.apache.catalina.startup.Catalina.start Server startup in [11407] milliseconds
13-Jul-2025 19:01:59.260 INFO [Thread-1] org.apache.coyote.AbstractProtocol.pause Pausing ProtocolHandler ["http-nio-8080"]
13-Jul-2025 19:02:17.225 INFO [main] org.apache.catalina.startup.VersionLoggerListener.log Server version name:   Apache Tomcat/10.1.43
13-Jul-2025 19:02:17.237 INFO [main] org.apache.catalina.startup.VersionLoggerListener.log Server built:          Jul 1 2025 21:30:20 UTC
13-Jul-2025 19:02:17.239 INFO [main] org.apache.catalina.startup.VersionLoggerListener.log Server version number: 10.1.43.0
13-Jul-2025 19:02:17.239 INFO [main] org.apache.catalina.startup.VersionLoggerListener.log OS Name:               Windows 11
13-Jul-2025 19:02:17.240 INFO [main] org.apache.catalina.startup.VersionLoggerListener.log OS Version:            10.0
13-Jul-2025 19:02:17.241 INFO [main] org.apache.catalina.startup.VersionLoggerListener.log Architecture:          amd64
13-Jul-2025 19:02:17.241 INFO [main] org.apache.catalina.startup.VersionLoggerListener.log Java Home:             C:\Program Files\Java\jdk-11
13-Jul-2025 19:02:17.241 INFO [main] org.apache.catalina.startup.VersionLoggerListener.log JVM Version:           11.0.26+7-LTS-187
13-Jul-2025 19:02:17.241 INFO [main] org.apache.catalina.startup.VersionLoggerListener.log JVM Vendor:            Oracle Corporation
13-Jul-2025 19:02:17.242 INFO [main] org.apache.catalina.startup.VersionLoggerListener.log CATALINA_BASE:         C:\Users\saksh\Desktop\InventoryManagementSystem\apache-tomcat-10.1.43
13-Jul-2025 19:02:17.242 INFO [main] org.apache.catalina.startup.VersionLoggerListener.log CATALINA_HOME:         C:\Users\saksh\Desktop\InventoryManagementSystem\apache-tomcat-10.1.43
13-Jul-2025 19:02:17.293 INFO [main] org.apache.catalina.startup.VersionLoggerListener.log Command line argument: --add-opens=java.base/java.lang=ALL-UNNAMED
13-Jul-2025 19:02:17.293 INFO [main] org.apache.catalina.startup.VersionLoggerListener.log Command line argument: --add-opens=java.base/java.io=ALL-UNNAMED
13-Jul-2025 19:02:17.293 INFO [main] org.apache.catalina.startup.VersionLoggerListener.log Command line argument: --add-opens=java.base/java.util=ALL-UNNAMED
13-Jul-2025 19:02:17.294 INFO [main] org.apache.catalina.startup.VersionLoggerListener.log Command line argument: --add-opens=java.base/java.util.concurrent=ALL-UNNAMED
13-Jul-2025 19:02:17.294 INFO [main] org.apache.catalina.startup.VersionLoggerListener.log Command line argument: --add-opens=java.rmi/sun.rmi.transport=ALL-UNNAMED
13-Jul-2025 19:02:17.294 INFO [main] org.apache.catalina.startup.VersionLoggerListener.log Command line argument: -agentlib:jdwp=transport=dt_socket,address=127.0.0.1:51511,suspend=y,server=n
13-Jul-2025 19:02:17.294 INFO [main] org.apache.catalina.startup.VersionLoggerListener.log Command line argument: -Dcatalina.home=C:\Users\saksh\Desktop\InventoryManagementSystem\apache-tomcat-10.1.43
13-Jul-2025 19:02:17.295 INFO [main] org.apache.catalina.startup.VersionLoggerListener.log Command line argument: -Dcatalina.base=C:\Users\saksh\Desktop\InventoryManagementSystem\apache-tomcat-10.1.43
13-Jul-2025 19:02:17.295 INFO [main] org.apache.catalina.startup.VersionLoggerListener.log Command line argument: -Djava.io.tmpdir=C:\Users\saksh\Desktop\InventoryManagementSystem\apache-tomcat-10.1.43\temp
13-Jul-2025 19:02:17.295 INFO [main] org.apache.catalina.startup.VersionLoggerListener.log Command line argument: -Djava.util.logging.config.file=C:\Users\saksh\Desktop\InventoryManagementSystem\apache-tomcat-10.1.43\conf\logging.properties
13-Jul-2025 19:02:17.295 INFO [main] org.apache.catalina.startup.VersionLoggerListener.log Command line argument: -Djava.util.logging.manager=org.apache.juli.ClassLoaderLogManager
13-Jul-2025 19:02:17.295 INFO [main] org.apache.catalina.startup.VersionLoggerListener.log Command line argument: -javaagent:C:\Users\saksh\AppData\Local\JetBrains\IdeaIC2024.3\captureAgent\debugger-agent.jar
13-Jul-2025 19:02:17.296 INFO [main] org.apache.catalina.startup.VersionLoggerListener.log Command line argument: -Dkotlinx.coroutines.debug.enable.creation.stack.trace=false
13-Jul-2025 19:02:17.296 INFO [main] org.apache.catalina.startup.VersionLoggerListener.log Command line argument: -Ddebugger.agent.enable.coroutines=true
13-Jul-2025 19:02:17.296 INFO [main] org.apache.catalina.startup.VersionLoggerListener.log Command line argument: -Dkotlinx.coroutines.debug.enable.flows.stack.trace=true
13-Jul-2025 19:02:17.296 INFO [main] org.apache.catalina.startup.VersionLoggerListener.log Command line argument: -Dkotlinx.coroutines.debug.enable.mutable.state.flows.stack.trace=true
13-Jul-2025 19:02:17.296 INFO [main] org.apache.catalina.startup.VersionLoggerListener.log Command line argument: -Dfile.encoding=UTF-8
13-Jul-2025 19:02:17.447 INFO [main] org.apache.catalina.core.AprLifecycleListener.lifecycleEvent The Apache Tomcat Native library which allows using OpenSSL was not found on the java.library.path: [C:\Program Files\Java\jdk-11\bin;C:\WINDOWS\Sun\Java\bin;C:\WINDOWS\system32;C:\WINDOWS;C:\Program Files\Eclipse Adoptium\jdk-11.0.27.6-hotspot\bin;C:\Program Files\Eclipse Adoptium\jre-17.0.15.6-hotspot\bin;C:\Program Files\Common Files\Oracle\Java\javapath;C:\Program Files (x86)\Common Files\Oracle\Java\java8path;C:\Program Files (x86)\Common Files\Oracle\Java\javapath;C:\Program Files\Java\jdk1.8.0_202

\bin;C:\Program Files\Java\jre1.8.0_431\bin;C:\Python312\Scripts\;C:\Python312\;C:\Python311\Scripts\;C:\Python311\;C:\WINDOWS\system32;C:\WINDOWS;C:\WINDOWS\System32\Wbem;C:\WINDOWS\System32\WindowsPowerShell\v1.0\;C:\WINDOWS\System32\OpenSSH\;C:\Program Files\dotnet\;C:\Users\saksh\Downloads;C:\Users\saksh\Downloads\ForwardNotifier-master\ForwardNotifier-master\ForwardNotifier Client Tools\Windows SSH Client tool;C:\Users\saksh\Downloads\app files\ForwardNotifier-master\ForwardNotifier-master\ForwardNotifier Client Tools\Windows SSH Client tool;C:\ProgramData\chocolatey\bin;C:\Android;C:\Windows\System32;C:\WINDOWS\system32;C:\WINDOWS;C:\WINDOWS\System32\Wbem;C:\WINDOWS\System32\WindowsPowerShell\v1.0\;C:\WINDOWS\System32\OpenSSH\;C:\Program Files\Calibre2\;C:\Program Files\nodejs\;C:\Program Files\HP\HP One Agent;C:\flutter;C:\Program Files\MySQL\MySQL Server 8.0\bin;C:\Program Files\Git\cmd;C:\Program Files\Git\cmd;C:\Windows\System32;C:\Windows;C:\Users\saksh\AppData\Local\Android\sdk\cmdline-tools\latest\bin;C:\Users\saksh\AppData\Local\Android\sdk\cmdline-tools\bin;C:\Users\saksh\Desktop\InventoryManagementSystem\apache-maven-3.9.10\bin;C:\Users\saksh\Desktop\InventoryManagementSystem\apache-maven-3.9.10\bin;C:\Program Files\MySQL\MySQL Shell 8.0\bin\;C:\Program Files\platform-tools;C:\Users\saksh\AppData\Local\Microsoft\WindowsApps;C:\Users\saksh\.dotnet\tools;C:\Program Files\JetBrains\PyCharm Community Edition 2022.1.2\bin;C:\Users\saksh\AppData\Local\spicetify;C:\Users\saksh\.dotnet\tools;C:\MinGW\bin;C:\Users\saksh\AppData\Local\Microsoft\WindowsApps;C:\Users\saksh\AppData\Roaming\npm;C:\flutter\bin;C:\Program Files\JetBrains\PyCharm Community Edition 2024.1.4\bin;C:\Users\saksh\AppData\Local\GitHubDesktop\bin;C:\Users\saksh\AppData\Roaming\Python\Python312\Scripts;C:\Program Files\Java\jdk-23\bin;C:\Users\saksh\AppData\Local\Programs\Ollama;C:\Users\saksh\AppData\Local\Programs\Microsoft VS Code\bin;C:\Program Files\Git\cmd;C:\flutter\bin;C:\Users\saksh\AppData\Roaming\npm;C:\Users\saksh\Desktop\InventoryManagementSystem\apache-maven-3.9.10\bin;C:\Program Files\Eclipse Adoptium\jdk-11.0.27.6-hotspot\bin;;.]
13-Jul-2025 19:02:18.323 INFO [main] org.apache.coyote.AbstractProtocol.init Initializing ProtocolHandler ["http-nio-8080"]
13-Jul-2025 19:02:18.399 INFO [main] org.apache.catalina.startup.Catalina.load Server initialization in [2260] milliseconds
13-Jul-2025 19:02:18.561 INFO [main] org.apache.catalina.core.StandardService.startInternal Starting service [Catalina]
13-Jul-2025 19:02:18.562 INFO [main] org.apache.catalina.core.StandardEngine.startInternal Starting Servlet engine: [Apache Tomcat/10.1.43]
13-Jul-2025 19:02:18.603 INFO [main] org.apache.catalina.startup.HostConfig.deployDescriptor Deploying deployment descriptor [C:\Users\saksh\Desktop\InventoryManagementSystem\apache-tomcat-10.1.43\conf\Catalina\localhost\InventoryManagementSystem#index.html.xml]
13-Jul-2025 19:02:18.861 WARNING [main] org.apache.catalina.webresources.DirResourceSet.initInternal Disabled the global canonical file name cache to protect against CVE-2024-56337 when starting the WebResourceSet at [C:\Users\saksh\Desktop\InventoryManagementSystem\target\classes] which is part of the web application [/InventoryManagementSystem/index.html]
13-Jul-2025 19:02:26.928 INFO [main] org.apache.jasper.servlet.TldScanner.scanJars At least one JAR was scanned for TLDs yet contained no TLDs. Enable debug logging for this logger for a complete list of JARs that were scanned but no TLDs were found in them. Skipping unneeded JARs during scanning can improve startup time and JSP compilation time.
13-Jul-2025 19:03:36.737 INFO [main] org.apache.catalina.startup.VersionLoggerListener.log Server version name:   Apache Tomcat/10.1.43
13-Jul-2025 19:03:36.748 INFO [main] org.apache.catalina.startup.VersionLoggerListener.log Server built:          Jul 1 2025 21:30:20 UTC
13-Jul-2025 19:03:36.749 INFO [main] org.apache.catalina.startup.VersionLoggerListener.log Server version number: 10.1.43.0
13-Jul-2025 19:03:36.750 INFO [main] org.apache.catalina.startup.VersionLoggerListener.log OS Name:               Windows 11
13-Jul-2025 19:03:36.750 INFO [main] org.apache.catalina.startup.VersionLoggerListener.log OS Version:            10.0
13-Jul-2025 19:03:36.751 INFO [main] org.apache.catalina.startup.VersionLoggerListener.log Architecture:          amd64
13-Jul-2025 19:03:36.751 INFO [main] org.apache.catalina.startup.VersionLoggerListener.log Java Home:             C:\Program Files\Java\jdk-11
13-Jul-2025 19:03:36.751 INFO [main] org.apache.catalina.startup.VersionLoggerListener.log JVM Version:           11.0.26+7-LTS-187
13-Jul-2025 19:03:36.751 INFO [main] org.apache.catalina.startup.VersionLoggerListener.log JVM Vendor:            Oracle Corporation
13-Jul-2025 19:03:36.752 INFO [main] org.apache.catalina.startup.VersionLoggerListener.log CATALINA_BASE:         C:\Users\saksh\Desktop\InventoryManagementSystem\apache-tomcat-10.1.43
13-Jul-2025 19:03:36.752 INFO [main] org.apache.catalina.startup.VersionLoggerListener.log CATALINA_HOME:         C:\Users\saksh\Desktop\InventoryManagementSystem\apache-tomcat-10.1.43
13-Jul-2025 19:03:36.797 INFO [main] org.apache.catalina.startup.VersionLoggerListener.log Command line argument: --add-opens=java.base/java.lang=ALL-UNNAMED
13-Jul-2025 19:03:36.797 INFO [main] org.apache.catalina.startup.VersionLoggerListener.log Command line argument: --add-opens=java.base/java.io=ALL-UNNAMED
13-Jul-2025 19:03:36.797 INFO [main] org.apache.catalina.startup.VersionLoggerListener.log Command line argument: --add-opens=java.base/java.util=ALL-UNNAMED
13-Jul-2025 19:03:36.797 INFO [main] org.apache.catalina.startup.VersionLoggerListener.log Command line argument: --add-opens=java.base/java.util.concurrent=ALL-UNNAMED
13-Jul-2025 19:03:36.797 INFO [main] org.apache.catalina.startup.VersionLoggerListener.log Command line argument: --add-opens=java.rmi/sun.rmi.transport=ALL-UNNAMED
13-Jul-2025 19:03:36.798 INFO [main] org.apache.catalina.startup.VersionLoggerListener.log Command line argument: -Dcatalina.home=C:\Users\saksh\Desktop\InventoryManagementSystem\apache-tomcat-10.1.43
13-Jul-2025 19:03:36.798 INFO [main] org.apache.catalina.startup.VersionLoggerListener.log Command line argument: -Dcatalina.base=C:\Users\saksh\Desktop\InventoryManagementSystem\apache-tomcat-10.1.43
13-Jul-2025 19:03:36.799 INFO [main] org.apache.catalina.startup.VersionLoggerListener.log Command line argument: -Djava.io.tmpdir=C:\Users\saksh\Desktop\InventoryManagementSystem\apache-tomcat-10.1.43\temp
13-Jul-2025 19:03:36.799 INFO [main] org.apache.catalina.startup.VersionLoggerListener.log Command line argument: -Djava.util.logging.config.file=C:\Users\saksh\Desktop\InventoryManagementSystem\apache-tomcat-10.1.43\conf\logging.properties
13-Jul-2025 19:03:36.799 INFO [main] org.apache.catalina.startup.VersionLoggerListener.log Command line argument: -Djava.util.logging.manager=org.apache.juli.ClassLoaderLogManager
13-Jul-2025 19:03:36.799 INFO [main] org.apache.catalina.startup.VersionLoggerListener.log Command line argument: -javaagent:C:\Program Files\JetBrains\IntelliJ IDEA Community Edition 2024.3.4.1\lib\idea_rt.jar=51534
13-Jul-2025 19:03:36.799 INFO [main] org.apache.catalina.startup.VersionLoggerListener.log Command line argument: -Dfile.encoding=UTF-8
13-Jul-2025 19:03:36.860 INFO [main] org.apache.catalina.core.AprLifecycleListener.lifecycleEvent The Apache Tomcat Native library which allows using OpenSSL was not found on the java.library.path: [C:\Program Files\Java\jdk-11\bin;C:\WINDOWS\Sun\Java\bin;C:\WINDOWS\system32;C:\WINDOWS;C:\Program Files\Eclipse Adoptium\jdk-11.0.27.6-hotspot\bin;C:\Program Files\Eclipse Adoptium\jre-17.0.15.6-hotspot\bin;C:\Program Files\Common Files\Oracle\Java\javapath;C:\Program Files (x86)\Common Files\Oracle\Java\java8path;C:\Program Files (x86)\Common Files\Oracle\Java\javapath;C:\Program Files\Java\jdk1.8.0_202

\bin;C:\Program Files\Java\jre1.8.0_431\bin;C:\Python312\Scripts\;C:\Python312\;C:\Python311\Scripts\;C:\Python311\;C:\WINDOWS\system32;C:\WINDOWS;C:\WINDOWS\System32\Wbem;C:\WINDOWS\System32\WindowsPowerShell\v1.0\;C:\WINDOWS\System32\OpenSSH\;C:\Program Files\dotnet\;C:\Users\saksh\Downloads;C:\Users\saksh\Downloads\ForwardNotifier-master\ForwardNotifier-master\ForwardNotifier Client Tools\Windows SSH Client tool;C:\Users\saksh\Downloads\app files\ForwardNotifier-master\ForwardNotifier-master\ForwardNotifier Client Tools\Windows SSH Client tool;C:\ProgramData\chocolatey\bin;C:\Android;C:\Windows\System32;C:\WINDOWS\system32;C:\WINDOWS;C:\WINDOWS\System32\Wbem;C:\WINDOWS\System32\WindowsPowerShell\v1.0\;C:\WINDOWS\System32\OpenSSH\;C:\Program Files\Calibre2\;C:\Program Files\nodejs\;C:\Program Files\HP\HP One Agent;C:\flutter;C:\Program Files\MySQL\MySQL Server 8.0\bin;C:\Program Files\Git\cmd;C:\Program Files\Git\cmd;C:\Windows\System32;C:\Windows;C:\Users\saksh\AppData\Local\Android\sdk\cmdline-tools\latest\bin;C:\Users\saksh\AppData\Local\Android\sdk\cmdline-tools\bin;C:\Users\saksh\Desktop\InventoryManagementSystem\apache-maven-3.9.10\bin;C:\Users\saksh\Desktop\InventoryManagementSystem\apache-maven-3.9.10\bin;C:\Program Files\MySQL\MySQL Shell 8.0\bin\;C:\Program Files\platform-tools;C:\Users\saksh\AppData\Local\Microsoft\WindowsApps;C:\Users\saksh\.dotnet\tools;C:\Program Files\JetBrains\PyCharm Community Edition 2022.1.2\bin;C:\Users\saksh\AppData\Local\spicetify;C:\Users\saksh\.dotnet\tools;C:\MinGW\bin;C:\Users\saksh\AppData\Local\Microsoft\WindowsApps;C:\Users\saksh\AppData\Roaming\npm;C:\flutter\bin;C:\Program Files\JetBrains\PyCharm Community Edition 2024.1.4\bin;C:\Users\saksh\AppData\Local\GitHubDesktop\bin;C:\Users\saksh\AppData\Roaming\Python\Python312\Scripts;C:\Program Files\Java\jdk-23\bin;C:\Users\saksh\AppData\Local\Programs\Ollama;C:\Users\saksh\AppData\Local\Programs\Microsoft VS Code\bin;C:\Program Files\Git\cmd;C:\flutter\bin;C:\Users\saksh\AppData\Roaming\npm;C:\Users\saksh\Desktop\InventoryManagementSystem\apache-maven-3.9.10\bin;C:\Program Files\Eclipse Adoptium\jdk-11.0.27.6-hotspot\bin;;.]
13-Jul-2025 19:03:37.819 INFO [main] org.apache.coyote.AbstractProtocol.init Initializing ProtocolHandler ["http-nio-8080"]
13-Jul-2025 19:03:37.898 INFO [main] org.apache.catalina.startup.Catalina.load Server initialization in [1848] milliseconds
13-Jul-2025 19:03:38.053 INFO [main] org.apache.catalina.core.StandardService.startInternal Starting service [Catalina]
13-Jul-2025 19:03:38.053 INFO [main] org.apache.catalina.core.StandardEngine.startInternal Starting Servlet engine: [Apache Tomcat/10.1.43]
13-Jul-2025 19:03:38.114 INFO [main] org.apache.catalina.startup.HostConfig.deployDescriptor Deploying deployment descriptor [C:\Users\saksh\Desktop\InventoryManagementSystem\apache-tomcat-10.1.43\conf\Catalina\localhost\InventoryManagementSystem#index.html.xml]
13-Jul-2025 19:03:38.338 WARNING [main] org.apache.catalina.webresources.DirResourceSet.initInternal Disabled the global canonical file name cache to protect against CVE-2024-56337 when starting the WebResourceSet at [C:\Users\saksh\Desktop\InventoryManagementSystem\target\classes] which is part of the web application [/InventoryManagementSystem/index.html]
13-Jul-2025 19:03:42.055 INFO [main] org.apache.jasper.servlet.TldScanner.scanJars At least one JAR was scanned for TLDs yet contained no TLDs. Enable debug logging for this logger for a complete list of JARs that were scanned but no TLDs were found in them. Skipping unneeded JARs during scanning can improve startup time and JSP compilation time.
13-Jul-2025 19:03:42.648 WARNING [main] org.apache.catalina.util.SessionIdGeneratorBase.createSecureRandom Creation of SecureRandom instance for session ID generation using [SHA1PRNG] took [433] milliseconds.
13-Jul-2025 19:03:42.702 INFO [main] org.apache.catalina.startup.HostConfig.deployDescriptor Deployment of deployment descriptor [C:\Users\saksh\Desktop\InventoryManagementSystem\apache-tomcat-10.1.43\conf\Catalina\localhost\InventoryManagementSystem#index.html.xml] has finished in [4,588] ms
13-Jul-2025 19:03:42.704 INFO [main] org.apache.catalina.startup.HostConfig.deployDirectory Deploying web application directory [C:\Users\saksh\Desktop\InventoryManagementSystem\apache-tomcat-10.1.43\webapps\docs]
13-Jul-2025 19:03:43.485 INFO [main] org.apache.jasper.servlet.TldScanner.scanJars At least one JAR was scanned for TLDs yet contained no TLDs. Enable debug logging for this logger for a complete list of JARs that were scanned but no TLDs were found in them. Skipping unneeded JARs during scanning can improve startup time and JSP compilation time.
13-Jul-2025 19:03:43.493 INFO [main] org.apache.catalina.startup.HostConfig.deployDirectory Deployment of web application directory [C:\Users\saksh\Desktop\InventoryManagementSystem\apache-tomcat-10.1.43\webapps\docs] has finished in [788] ms
13-Jul-2025 19:03:43.493 INFO [main] org.apache.catalina.startup.HostConfig.deployDirectory Deploying web application directory [C:\Users\saksh\Desktop\InventoryManagementSystem\apache-tomcat-10.1.43\webapps\examples]
13-Jul-2025 19:03:44.888 INFO [main] org.apache.jasper.servlet.TldScanner.scanJars At least one JAR was scanned for TLDs yet contained no TLDs. Enable debug logging for this logger for a complete list of JARs that were scanned but no TLDs were found in them. Skipping unneeded JARs during scanning can improve startup time and JSP compilation time.
13-Jul-2025 19:03:44.992 INFO [main] org.apache.catalina.startup.HostConfig.deployDirectory Deployment of web application directory [C:\Users\saksh\Desktop\InventoryManagementSystem\apache-tomcat-10.1.43\webapps\examples] has finished in [1,499] ms
13-Jul-2025 19:03:44.993 INFO [main] org.apache.catalina.startup.HostConfig.deployDirectory Deploying web application directory [C:\Users\saksh\Desktop\InventoryManagementSystem\apache-tomcat-10.1.43\webapps\host-manager]
13-Jul-2025 19:03:45.674 INFO [main] org.apache.jasper.servlet.TldScanner.scanJars At least one JAR was scanned for TLDs yet contained no TLDs. Enable debug logging for this logger for a complete list of JARs that were scanned but no TLDs were found in them. Skipping unneeded JARs during scanning can improve startup time and JSP compilation time.
13-Jul-2025 19:03:45.694 INFO [main] org.apache.catalina.startup.HostConfig.deployDirectory Deployment of web application directory [C:\Users\saksh\Desktop\InventoryManagementSystem\apache-tomcat-10.1.43\webapps\host-manager] has finished in [701] ms
13-Jul-2025 19:03:45.695 INFO [main] org.apache.catalina.startup.HostConfig.deployDirectory Deploying web application directory [C:\Users\saksh\Desktop\InventoryManagementSystem\apache-tomcat-10.1.43\webapps\InventoryManagementSystem]
13-Jul-2025 19:03:45.778 SEVERE [main] org.apache.catalina.startup.HostConfig.deployDirectory Error deploying web application directory [C:\Users\saksh\Desktop\InventoryManagementSystem\apache-tomcat-10.1.43\webapps\InventoryManagementSystem]
	java.lang.IllegalStateException: Error starting child
		at org.apache.catalina.core.ContainerBase.addChildInternal(ContainerBase.java:602)
		at org.apache.catalina.core.ContainerBase.addChild(ContainerBase.java:571)
		at org.apache.catalina.core.StandardHost.addChild(StandardHost.java:654)
		at org.apache.catalina.startup.HostConfig.deployDirectory(HostConfig.java:1126)
		at org.apache.catalina.startup.HostConfig$DeployDirectory.run(HostConfig.java:1925)
		at java.base/java.util.concurrent.Executors$RunnableAdapter.call(Executors.java:515)
		at java.base/java.util.concurrent.FutureTask.run(FutureTask.java:264)
		at org.apache.tomcat.util.threads.InlineExecutorService.execute(InlineExecutorService.java:75)
		at java.base/java.util.concurrent.AbstractExecutorService.submit(AbstractExecutorService.java:118)
		at org.apache.catalina.startup.HostConfig.deployDirectories(HostConfig.java:1037)
		at org.apache.catalina.startup.HostConfig.deployApps(HostConfig.java:422)
		at org.apache.catalina.startup.HostConfig.start(HostConfig.java:1621)
		at org.apache.catalina.startup.HostConfig.lifecycleEvent(HostConfig.java:303)
		at org.apache.catalina.util.LifecycleBase.fireLifecycleEvent(LifecycleBase.java:109)
		at org.apache.catalina.util.LifecycleBase.setStateInternal(LifecycleBase.java:389)
		at org.apache.catalina.util.LifecycleBase.setState(LifecycleBase.java:336)
		at org.apache.catalina.core.ContainerBase.startInternal(ContainerBase.java:776)
		at org.apache.catalina.core.StandardHost.startInternal(StandardHost.java:772)
		at org.apache.catalina.util.LifecycleBase.start(LifecycleBase.java:164)
		at org.apache.catalina.core.ContainerBase$StartChild.call(ContainerBase.java:1203)
		at org.apache.catalina.core.ContainerBase$StartChild.call(ContainerBase.java:1193)
		at java.base/java.util.concurrent.FutureTask.run(FutureTask.java:264)
		at org.apache.tomcat.util.threads.InlineExecutorService.execute(InlineExecutorService.java:75)
		at java.base/java.util.concurrent.AbstractExecutorService.submit(AbstractExecutorService.java:140)
		at org.apache.catalina.core.ContainerBase.startInternal(ContainerBase.java:749)
		at org.apache.catalina.core.StandardEngine.startInternal(StandardEngine.java:203)
		at org.apache.catalina.util.LifecycleBase.start(LifecycleBase.java:164)
		at org.apache.catalina.core.StandardService.startInternal(StandardService.java:412)
		at org.apache.catalina.util.LifecycleBase.start(LifecycleBase.java:164)
		at org.apache.catalina.core.StandardServer.startInternal(StandardServer.java:870)
		at org.apache.catalina.util.LifecycleBase.start(LifecycleBase.java:164)
		at org.apache.catalina.startup.Catalina.start(Catalina.java:761)
		at java.base/jdk.internal.reflect.NativeMethodAccessorImpl.invoke0(Native Method)
		at java.base/jdk.internal.reflect.NativeMethodAccessorImpl.invoke(NativeMethodAccessorImpl.java:62)
		at java.base/jdk.internal.reflect.DelegatingMethodAccessorImpl.invoke(DelegatingMethodAccessorImpl.java:43)
		at java.base/java.lang.reflect.Method.invoke(Method.java:566)
		at org.apache.catalina.startup.Bootstrap.start(Bootstrap.java:345)
		at org.apache.catalina.startup.Bootstrap.main(Bootstrap.java:476)
	Caused by: org.apache.catalina.LifecycleException: Failed to start component [StandardEngine[Catalina].StandardHost[localhost].StandardContext[/InventoryManagementSystem]]
		at org.apache.catalina.util.LifecycleBase.handleSubClassException(LifecycleBase.java:406)
		at org.apache.catalina.util.LifecycleBase.start(LifecycleBase.java:179)
		at org.apache.catalina.core.ContainerBase.addChildInternal(ContainerBase.java:599)
		... 37 more
	Caused by: java.lang.IllegalArgumentException: The servlets named [LoginServlet] and [com.ims.servlet.LoginServlet] are both mapped to the url-pattern [/LoginServlet] which is not permitted
		at org.apache.tomcat.util.descriptor.web.WebXml.addServletMappingDecoded(WebXml.java:415)
		at org.apache.tomcat.util.descriptor.web.WebXml.addServletMapping(WebXml.java:406)
		at org.apache.catalina.startup.ContextConfig.processAnnotationWebServlet(ContextConfig.java:2547)
		at org.apache.catalina.startup.ContextConfig.processClass(ContextConfig.java:2253)
		at org.apache.catalina.startup.ContextConfig.processAnnotationsStream(ContextConfig.java:2242)
		at org.apache.catalina.startup.ContextConfig.processAnnotationsWebResource(ContextConfig.java:2153)
		at org.apache.catalina.startup.ContextConfig.processAnnotationsWebResource(ContextConfig.java:2148)
		at org.apache.catalina.startup.ContextConfig.processAnnotationsWebResource(ContextConfig.java:2148)
		at org.apache.catalina.startup.ContextConfig.processAnnotationsWebResource(ContextConfig.java:2148)
		at org.apache.catalina.startup.ContextConfig.processClasses(ContextConfig.java:1361)
		at org.apache.catalina.startup.ContextConfig.webConfig(ContextConfig.java:1271)
		at org.apache.catalina.startup.ContextConfig.configureStart(ContextConfig.java:972)
		at org.apache.catalina.startup.ContextConfig.lifecycleEvent(ContextConfig.java:290)
		at org.apache.catalina.util.LifecycleBase.fireLifecycleEvent(LifecycleBase.java:109)
		at org.apache.catalina.core.StandardContext.startInternal(StandardContext.java:4380)
		at org.apache.catalina.util.LifecycleBase.start(LifecycleBase.java:164)
		... 38 more
13-Jul-2025 19:03:45.789 INFO [main] org.apache.catalina.startup.HostConfig.deployDirectory Deployment of web application directory [C:\Users\saksh\Desktop\InventoryManagementSystem\apache-tomcat-10.1.43\webapps\InventoryManagementSystem] has finished in [95] ms
13-Jul-2025 19:03:45.790 INFO [main] org.apache.catalina.startup.HostConfig.deployDirectory Deploying web application directory [C:\Users\saksh\Desktop\InventoryManagementSystem\apache-tomcat-10.1.43\webapps\manager]
13-Jul-2025 19:03:46.548 INFO [main] org.apache.jasper.servlet.TldScanner.scanJars At least one JAR was scanned for TLDs yet contained no TLDs. Enable debug logging for this logger for a complete list of JARs that were scanned but no TLDs were found in them. Skipping unneeded JARs during scanning can improve startup time and JSP compilation time.
13-Jul-2025 19:03:46.553 INFO [main] org.apache.catalina.startup.HostConfig.deployDirectory Deployment of web application directory [C:\Users\saksh\Desktop\InventoryManagementSystem\apache-tomcat-10.1.43\webapps\manager] has finished in [763] ms
13-Jul-2025 19:03:46.555 INFO [main] org.apache.catalina.startup.HostConfig.deployDirectory Deploying web application directory [C:\Users\saksh\Desktop\InventoryManagementSystem\apache-tomcat-10.1.43\webapps\ROOT]
13-Jul-2025 19:03:47.226 INFO [main] org.apache.jasper.servlet.TldScanner.scanJars At least one JAR was scanned for TLDs yet contained no TLDs. Enable debug logging for this logger for a complete list of JARs that were scanned but no TLDs were found in them. Skipping unneeded JARs during scanning can improve startup time and JSP compilation time.
13-Jul-2025 19:03:47.235 INFO [main] org.apache.catalina.startup.HostConfig.deployDirectory Deployment of web application directory [C:\Users\saksh\Desktop\InventoryManagementSystem\apache-tomcat-10.1.43\webapps\ROOT] has finished in [679] ms
13-Jul-2025 19:03:47.247 INFO [main] org.apache.coyote.AbstractProtocol.start Starting ProtocolHandler ["http-nio-8080"]
13-Jul-2025 19:03:47.778 INFO [main] org.apache.catalina.startup.Catalina.start Server startup in [9879] milliseconds
13-Jul-2025 19:09:40.473 INFO [Thread-1] org.apache.coyote.AbstractProtocol.pause Pausing ProtocolHandler ["http-nio-8080"]
13-Jul-2025 19:09:41.090 INFO [Thread-1] org.apache.catalina.core.StandardService.stopInternal Stopping service [Catalina]
13-Jul-2025 19:09:41.656 WARNING [Thread-1] org.apache.catalina.loader.WebappClassLoaderBase.clearReferencesJdbc The web application [InventoryManagementSystem#index.html] registered the JDBC driver [com.mysql.cj.jdbc.Driver] but failed to unregister it when the web application was stopped. To prevent a memory leak, the JDBC Driver has been forcibly unregistered.
13-Jul-2025 19:09:41.661 WARNING [Thread-1] org.apache.catalina.loader.WebappClassLoaderBase.clearReferencesThreads The web application [InventoryManagementSystem#index.html] appears to have started a thread named [mysql-cj-abandoned-connection-cleanup] but has failed to stop it. This is very likely to create a memory leak. Stack trace of thread:
 java.base@11.0.26/java.lang.Object.wait(Native Method)
 java.base@11.0.26/java.lang.ref.ReferenceQueue.remove(ReferenceQueue.java:155)
 com.mysql.cj.jdbc.AbandonedConnectionCleanupThread.run(AbandonedConnectionCleanupThread.java:91)
 java.base@11.0.26/java.util.concurrent.ThreadPoolExecutor.runWorker(ThreadPoolExecutor.java:1128)
 java.base@11.0.26/java.util.concurrent.ThreadPoolExecutor$Worker.run(ThreadPoolExecutor.java:628)
 java.base@11.0.26/java.lang.Thread.run(Thread.java:834)
13-Jul-2025 19:09:41.794 INFO [Thread-1] org.apache.coyote.AbstractProtocol.stop Stopping ProtocolHandler ["http-nio-8080"]
13-Jul-2025 19:09:41.961 INFO [Thread-1] org.apache.coyote.AbstractProtocol.destroy Destroying ProtocolHandler ["http-nio-8080"]
13-Jul-2025 19:10:41.137 INFO [main] org.apache.catalina.startup.VersionLoggerListener.log Server version name:   Apache Tomcat/10.1.43
13-Jul-2025 19:10:41.165 INFO [main] org.apache.catalina.startup.VersionLoggerListener.log Server built:          Jul 1 2025 21:30:20 UTC
13-Jul-2025 19:10:41.167 INFO [main] org.apache.catalina.startup.VersionLoggerListener.log Server version number: 10.1.43.0
13-Jul-2025 19:10:41.167 INFO [main] org.apache.catalina.startup.VersionLoggerListener.log OS Name:               Windows 11
13-Jul-2025 19:10:41.168 INFO [main] org.apache.catalina.startup.VersionLoggerListener.log OS Version:            10.0
13-Jul-2025 19:10:41.168 INFO [main] org.apache.catalina.startup.VersionLoggerListener.log Architecture:          amd64
13-Jul-2025 19:10:41.170 INFO [main] org.apache.catalina.startup.VersionLoggerListener.log Java Home:             C:\Program Files\Java\jdk-11
13-Jul-2025 19:10:41.170 INFO [main] org.apache.catalina.startup.VersionLoggerListener.log JVM Version:           11.0.26+7-LTS-187
13-Jul-2025 19:10:41.173 INFO [main] org.apache.catalina.startup.VersionLoggerListener.log JVM Vendor:            Oracle Corporation
13-Jul-2025 19:10:41.173 INFO [main] org.apache.catalina.startup.VersionLoggerListener.log CATALINA_BASE:         C:\Users\saksh\Desktop\InventoryManagementSystem\apache-tomcat-10.1.43
13-Jul-2025 19:10:41.173 INFO [main] org.apache.catalina.startup.VersionLoggerListener.log CATALINA_HOME:         C:\Users\saksh\Desktop\InventoryManagementSystem\apache-tomcat-10.1.43
13-Jul-2025 19:10:41.233 INFO [main] org.apache.catalina.startup.VersionLoggerListener.log Command line argument: --add-opens=java.base/java.lang=ALL-UNNAMED
13-Jul-2025 19:10:41.235 INFO [main] org.apache.catalina.startup.VersionLoggerListener.log Command line argument: --add-opens=java.base/java.io=ALL-UNNAMED
13-Jul-2025 19:10:41.236 INFO [main] org.apache.catalina.startup.VersionLoggerListener.log Command line argument: --add-opens=java.base/java.util=ALL-UNNAMED
13-Jul-2025 19:10:41.236 INFO [main] org.apache.catalina.startup.VersionLoggerListener.log Command line argument: --add-opens=java.base/java.util.concurrent=ALL-UNNAMED
13-Jul-2025 19:10:41.236 INFO [main] org.apache.catalina.startup.VersionLoggerListener.log Command line argument: --add-opens=java.rmi/sun.rmi.transport=ALL-UNNAMED
13-Jul-2025 19:10:41.236 INFO [main] org.apache.catalina.startup.VersionLoggerListener.log Command line argument: -Dcatalina.home=C:\Users\saksh\Desktop\InventoryManagementSystem\apache-tomcat-10.1.43
13-Jul-2025 19:10:41.236 INFO [main] org.apache.catalina.startup.VersionLoggerListener.log Command line argument: -Dcatalina.base=C:\Users\saksh\Desktop\InventoryManagementSystem\apache-tomcat-10.1.43
13-Jul-2025 19:10:41.236 INFO [main] org.apache.catalina.startup.VersionLoggerListener.log Command line argument: -Djava.io.tmpdir=C:\Users\saksh\Desktop\InventoryManagementSystem\apache-tomcat-10.1.43\temp
13-Jul-2025 19:10:41.238 INFO [main] org.apache.catalina.startup.VersionLoggerListener.log Command line argument: -Djava.util.logging.config.file=C:\Users\saksh\Desktop\InventoryManagementSystem\apache-tomcat-10.1.43\conf\logging.properties
13-Jul-2025 19:10:41.238 INFO [main] org.apache.catalina.startup.VersionLoggerListener.log Command line argument: -Djava.util.logging.manager=org.apache.juli.ClassLoaderLogManager
13-Jul-2025 19:10:41.238 INFO [main] org.apache.catalina.startup.VersionLoggerListener.log Command line argument: -javaagent:C:\Program Files\JetBrains\IntelliJ IDEA Community Edition 2024.3.4.1\lib\idea_rt.jar=51649
13-Jul-2025 19:10:41.238 INFO [main] org.apache.catalina.startup.VersionLoggerListener.log Command line argument: -Dfile.encoding=UTF-8
13-Jul-2025 19:10:41.321 INFO [main] org.apache.catalina.core.AprLifecycleListener.lifecycleEvent The Apache Tomcat Native library which allows using OpenSSL was not found on the java.library.path: [C:\Program Files\Java\jdk-11\bin;C:\WINDOWS\Sun\Java\bin;C:\WINDOWS\system32;C:\WINDOWS;C:\Program Files\Eclipse Adoptium\jdk-11.0.27.6-hotspot\bin;C:\Program Files\Eclipse Adoptium\jre-17.0.15.6-hotspot\bin;C:\Program Files\Common Files\Oracle\Java\javapath;C:\Program Files (x86)\Common Files\Oracle\Java\java8path;C:\Program Files (x86)\Common Files\Oracle\Java\javapath;C:\Program Files\Java\jdk1.8.0_202

\bin;C:\Program Files\Java\jre1.8.0_431\bin;C:\Python312\Scripts\;C:\Python312\;C:\Python311\Scripts\;C:\Python311\;C:\WINDOWS\system32;C:\WINDOWS;C:\WINDOWS\System32\Wbem;C:\WINDOWS\System32\WindowsPowerShell\v1.0\;C:\WINDOWS\System32\OpenSSH\;C:\Program Files\dotnet\;C:\Users\saksh\Downloads;C:\Users\saksh\Downloads\ForwardNotifier-master\ForwardNotifier-master\ForwardNotifier Client Tools\Windows SSH Client tool;C:\Users\saksh\Downloads\app files\ForwardNotifier-master\ForwardNotifier-master\ForwardNotifier Client Tools\Windows SSH Client tool;C:\ProgramData\chocolatey\bin;C:\Android;C:\Windows\System32;C:\WINDOWS\system32;C:\WINDOWS;C:\WINDOWS\System32\Wbem;C:\WINDOWS\System32\WindowsPowerShell\v1.0\;C:\WINDOWS\System32\OpenSSH\;C:\Program Files\Calibre2\;C:\Program Files\nodejs\;C:\Program Files\HP\HP One Agent;C:\flutter;C:\Program Files\MySQL\MySQL Server 8.0\bin;C:\Program Files\Git\cmd;C:\Program Files\Git\cmd;C:\Windows\System32;C:\Windows;C:\Users\saksh\AppData\Local\Android\sdk\cmdline-tools\latest\bin;C:\Users\saksh\AppData\Local\Android\sdk\cmdline-tools\bin;C:\Users\saksh\Desktop\InventoryManagementSystem\apache-maven-3.9.10\bin;C:\Users\saksh\Desktop\InventoryManagementSystem\apache-maven-3.9.10\bin;C:\Program Files\MySQL\MySQL Shell 8.0\bin\;C:\Program Files\platform-tools;C:\Users\saksh\AppData\Local\Microsoft\WindowsApps;C:\Users\saksh\.dotnet\tools;C:\Program Files\JetBrains\PyCharm Community Edition 2022.1.2\bin;C:\Users\saksh\AppData\Local\spicetify;C:\Users\saksh\.dotnet\tools;C:\MinGW\bin;C:\Users\saksh\AppData\Local\Microsoft\WindowsApps;C:\Users\saksh\AppData\Roaming\npm;C:\flutter\bin;C:\Program Files\JetBrains\PyCharm Community Edition 2024.1.4\bin;C:\Users\saksh\AppData\Local\GitHubDesktop\bin;C:\Users\saksh\AppData\Roaming\Python\Python312\Scripts;C:\Program Files\Java\jdk-23\bin;C:\Users\saksh\AppData\Local\Programs\Ollama;C:\Users\saksh\AppData\Local\Programs\Microsoft VS Code\bin;C:\Program Files\Git\cmd;C:\flutter\bin;C:\Users\saksh\AppData\Roaming\npm;C:\Users\saksh\Desktop\InventoryManagementSystem\apache-maven-3.9.10\bin;C:\Program Files\Eclipse Adoptium\jdk-11.0.27.6-hotspot\bin;;.]
13-Jul-2025 19:10:42.235 INFO [main] org.apache.coyote.AbstractProtocol.init Initializing ProtocolHandler ["http-nio-8080"]
13-Jul-2025 19:10:42.289 INFO [main] org.apache.catalina.startup.Catalina.load Server initialization in [1999] milliseconds
13-Jul-2025 19:10:42.502 INFO [main] org.apache.catalina.core.StandardService.startInternal Starting service [Catalina]
13-Jul-2025 19:10:42.503 INFO [main] org.apache.catalina.core.StandardEngine.startInternal Starting Servlet engine: [Apache Tomcat/10.1.43]
13-Jul-2025 19:10:42.549 INFO [main] org.apache.catalina.startup.HostConfig.deployDescriptor Deploying deployment descriptor [C:\Users\saksh\Desktop\InventoryManagementSystem\apache-tomcat-10.1.43\conf\Catalina\localhost\InventoryManagementSystem#index.html.xml]
13-Jul-2025 19:10:42.799 WARNING [main] org.apache.catalina.webresources.DirResourceSet.initInternal Disabled the global canonical file name cache to protect against CVE-2024-56337 when starting the WebResourceSet at [C:\Users\saksh\Desktop\InventoryManagementSystem\target\classes] which is part of the web application [/InventoryManagementSystem/index.html]
13-Jul-2025 19:10:47.184 INFO [main] org.apache.jasper.servlet.TldScanner.scanJars At least one JAR was scanned for TLDs yet contained no TLDs. Enable debug logging for this logger for a complete list of JARs that were scanned but no TLDs were found in them. Skipping unneeded JARs during scanning can improve startup time and JSP compilation time.
13-Jul-2025 19:10:47.688 WARNING [main] org.apache.catalina.util.SessionIdGeneratorBase.createSecureRandom Creation of SecureRandom instance for session ID generation using [SHA1PRNG] took [328] milliseconds.
13-Jul-2025 19:10:48.386 INFO [main] org.apache.catalina.startup.HostConfig.deployDescriptor Deployment of deployment descriptor [C:\Users\saksh\Desktop\InventoryManagementSystem\apache-tomcat-10.1.43\conf\Catalina\localhost\InventoryManagementSystem#index.html.xml] has finished in [5,835] ms
13-Jul-2025 19:10:48.388 INFO [main] org.apache.catalina.startup.HostConfig.deployDirectory Deploying web application directory [C:\Users\saksh\Desktop\InventoryManagementSystem\apache-tomcat-10.1.43\webapps\docs]
13-Jul-2025 19:10:49.711 INFO [main] org.apache.jasper.servlet.TldScanner.scanJars At least one JAR was scanned for TLDs yet contained no TLDs. Enable debug logging for this logger for a complete list of JARs that were scanned but no TLDs were found in them. Skipping unneeded JARs during scanning can improve startup time and JSP compilation time.
13-Jul-2025 19:10:49.725 INFO [main] org.apache.catalina.startup.HostConfig.deployDirectory Deployment of web application directory [C:\Users\saksh\Desktop\InventoryManagementSystem\apache-tomcat-10.1.43\webapps\docs] has finished in [1,332] ms
13-Jul-2025 19:10:49.726 INFO [main] org.apache.catalina.startup.HostConfig.deployDirectory Deploying web application directory [C:\Users\saksh\Desktop\InventoryManagementSystem\apache-tomcat-10.1.43\webapps\examples]
13-Jul-2025 19:10:54.394 INFO [main] org.apache.jasper.servlet.TldScanner.scanJars At least one JAR was scanned for TLDs yet contained no TLDs. Enable debug logging for this logger for a complete list of JARs that were scanned but no TLDs were found in them. Skipping unneeded JARs during scanning can improve startup time and JSP compilation time.
13-Jul-2025 19:10:54.520 INFO [main] org.apache.catalina.startup.HostConfig.deployDirectory Deployment of web application directory [C:\Users\saksh\Desktop\InventoryManagementSystem\apache-tomcat-10.1.43\webapps\examples] has finished in [4,794] ms
13-Jul-2025 19:10:54.520 INFO [main] org.apache.catalina.startup.HostConfig.deployDirectory Deploying web application directory [C:\Users\saksh\Desktop\InventoryManagementSystem\apache-tomcat-10.1.43\webapps\host-manager]
13-Jul-2025 19:10:55.187 INFO [main] org.apache.jasper.servlet.TldScanner.scanJars At least one JAR was scanned for TLDs yet contained no TLDs. Enable debug logging for this logger for a complete list of JARs that were scanned but no TLDs were found in them. Skipping unneeded JARs during scanning can improve startup time and JSP compilation time.
13-Jul-2025 19:10:55.203 INFO [main] org.apache.catalina.startup.HostConfig.deployDirectory Deployment of web application directory [C:\Users\saksh\Desktop\InventoryManagementSystem\apache-tomcat-10.1.43\webapps\host-manager] has finished in [683] ms
13-Jul-2025 19:10:55.205 INFO [main] org.apache.catalina.startup.HostConfig.deployDirectory Deploying web application directory [C:\Users\saksh\Desktop\InventoryManagementSystem\apache-tomcat-10.1.43\webapps\InventoryManagementSystem]
13-Jul-2025 19:10:55.293 SEVERE [main] org.apache.catalina.startup.HostConfig.deployDirectory Error deploying web application directory [C:\Users\saksh\Desktop\InventoryManagementSystem\apache-tomcat-10.1.43\webapps\InventoryManagementSystem]
	java.lang.IllegalStateException: Error starting child
		at org.apache.catalina.core.ContainerBase.addChildInternal(ContainerBase.java:602)
		at org.apache.catalina.core.ContainerBase.addChild(ContainerBase.java:571)
		at org.apache.catalina.core.StandardHost.addChild(StandardHost.java:654)
		at org.apache.catalina.startup.HostConfig.deployDirectory(HostConfig.java:1126)
		at org.apache.catalina.startup.HostConfig$DeployDirectory.run(HostConfig.java:1925)
		at java.base/java.util.concurrent.Executors$RunnableAdapter.call(Executors.java:515)
		at java.base/java.util.concurrent.FutureTask.run(FutureTask.java:264)
		at org.apache.tomcat.util.threads.InlineExecutorService.execute(InlineExecutorService.java:75)
		at java.base/java.util.concurrent.AbstractExecutorService.submit(AbstractExecutorService.java:118)
		at org.apache.catalina.startup.HostConfig.deployDirectories(HostConfig.java:1037)
		at org.apache.catalina.startup.HostConfig.deployApps(HostConfig.java:422)
		at org.apache.catalina.startup.HostConfig.start(HostConfig.java:1621)
		at org.apache.catalina.startup.HostConfig.lifecycleEvent(HostConfig.java:303)
		at org.apache.catalina.util.LifecycleBase.fireLifecycleEvent(LifecycleBase.java:109)
		at org.apache.catalina.util.LifecycleBase.setStateInternal(LifecycleBase.java:389)
		at org.apache.catalina.util.LifecycleBase.setState(LifecycleBase.java:336)
		at org.apache.catalina.core.ContainerBase.startInternal(ContainerBase.java:776)
		at org.apache.catalina.core.StandardHost.startInternal(StandardHost.java:772)
		at org.apache.catalina.util.LifecycleBase.start(LifecycleBase.java:164)
		at org.apache.catalina.core.ContainerBase$StartChild.call(ContainerBase.java:1203)
		at org.apache.catalina.core.ContainerBase$StartChild.call(ContainerBase.java:1193)
		at java.base/java.util.concurrent.FutureTask.run(FutureTask.java:264)
		at org.apache.tomcat.util.threads.InlineExecutorService.execute(InlineExecutorService.java:75)
		at java.base/java.util.concurrent.AbstractExecutorService.submit(AbstractExecutorService.java:140)
		at org.apache.catalina.core.ContainerBase.startInternal(ContainerBase.java:749)
		at org.apache.catalina.core.StandardEngine.startInternal(StandardEngine.java:203)
		at org.apache.catalina.util.LifecycleBase.start(LifecycleBase.java:164)
		at org.apache.catalina.core.StandardService.startInternal(StandardService.java:412)
		at org.apache.catalina.util.LifecycleBase.start(LifecycleBase.java:164)
		at org.apache.catalina.core.StandardServer.startInternal(StandardServer.java:870)
		at org.apache.catalina.util.LifecycleBase.start(LifecycleBase.java:164)
		at org.apache.catalina.startup.Catalina.start(Catalina.java:761)
		at java.base/jdk.internal.reflect.NativeMethodAccessorImpl.invoke0(Native Method)
		at java.base/jdk.internal.reflect.NativeMethodAccessorImpl.invoke(NativeMethodAccessorImpl.java:62)
		at java.base/jdk.internal.reflect.DelegatingMethodAccessorImpl.invoke(DelegatingMethodAccessorImpl.java:43)
		at java.base/java.lang.reflect.Method.invoke(Method.java:566)
		at org.apache.catalina.startup.Bootstrap.start(Bootstrap.java:345)
		at org.apache.catalina.startup.Bootstrap.main(Bootstrap.java:476)
	Caused by: org.apache.catalina.LifecycleException: Failed to start component [StandardEngine[Catalina].StandardHost[localhost].StandardContext[/InventoryManagementSystem]]
		at org.apache.catalina.util.LifecycleBase.handleSubClassException(LifecycleBase.java:406)
		at org.apache.catalina.util.LifecycleBase.start(LifecycleBase.java:179)
		at org.apache.catalina.core.ContainerBase.addChildInternal(ContainerBase.java:599)
		... 37 more
	Caused by: java.lang.IllegalArgumentException: The servlets named [LoginServlet] and [com.ims.servlet.LoginServlet] are both mapped to the url-pattern [/LoginServlet] which is not permitted
		at org.apache.tomcat.util.descriptor.web.WebXml.addServletMappingDecoded(WebXml.java:415)
		at org.apache.tomcat.util.descriptor.web.WebXml.addServletMapping(WebXml.java:406)
		at org.apache.catalina.startup.ContextConfig.processAnnotationWebServlet(ContextConfig.java:2547)
		at org.apache.catalina.startup.ContextConfig.processClass(ContextConfig.java:2253)
		at org.apache.catalina.startup.ContextConfig.processAnnotationsStream(ContextConfig.java:2242)
		at org.apache.catalina.startup.ContextConfig.processAnnotationsWebResource(ContextConfig.java:2153)
		at org.apache.catalina.startup.ContextConfig.processAnnotationsWebResource(ContextConfig.java:2148)
		at org.apache.catalina.startup.ContextConfig.processAnnotationsWebResource(ContextConfig.java:2148)
		at org.apache.catalina.startup.ContextConfig.processAnnotationsWebResource(ContextConfig.java:2148)
		at org.apache.catalina.startup.ContextConfig.processClasses(ContextConfig.java:1361)
		at org.apache.catalina.startup.ContextConfig.webConfig(ContextConfig.java:1271)
		at org.apache.catalina.startup.ContextConfig.configureStart(ContextConfig.java:972)
		at org.apache.catalina.startup.ContextConfig.lifecycleEvent(ContextConfig.java:290)
		at org.apache.catalina.util.LifecycleBase.fireLifecycleEvent(LifecycleBase.java:109)
		at org.apache.catalina.core.StandardContext.startInternal(StandardContext.java:4380)
		at org.apache.catalina.util.LifecycleBase.start(LifecycleBase.java:164)
		... 38 more
13-Jul-2025 19:10:55.299 INFO [main] org.apache.catalina.startup.HostConfig.deployDirectory Deployment of web application directory [C:\Users\saksh\Desktop\InventoryManagementSystem\apache-tomcat-10.1.43\webapps\InventoryManagementSystem] has finished in [96] ms
13-Jul-2025 19:10:55.300 INFO [main] org.apache.catalina.startup.HostConfig.deployDirectory Deploying web application directory [C:\Users\saksh\Desktop\InventoryManagementSystem\apache-tomcat-10.1.43\webapps\manager]
13-Jul-2025 19:10:55.992 INFO [main] org.apache.jasper.servlet.TldScanner.scanJars At least one JAR was scanned for TLDs yet contained no TLDs. Enable debug logging for this logger for a complete list of JARs that were scanned but no TLDs were found in them. Skipping unneeded JARs during scanning can improve startup time and JSP compilation time.
13-Jul-2025 19:10:55.997 INFO [main] org.apache.catalina.startup.HostConfig.deployDirectory Deployment of web application directory [C:\Users\saksh\Desktop\InventoryManagementSystem\apache-tomcat-10.1.43\webapps\manager] has finished in [697] ms
13-Jul-2025 19:10:55.998 INFO [main] org.apache.catalina.startup.HostConfig.deployDirectory Deploying web application directory [C:\Users\saksh\Desktop\InventoryManagementSystem\apache-tomcat-10.1.43\webapps\ROOT]
13-Jul-2025 19:10:56.579 INFO [main] org.apache.jasper.servlet.TldScanner.scanJars At least one JAR was scanned for TLDs yet contained no TLDs. Enable debug logging for this logger for a complete list of JARs that were scanned but no TLDs were found in them. Skipping unneeded JARs during scanning can improve startup time and JSP compilation time.
13-Jul-2025 19:10:56.586 INFO [main] org.apache.catalina.startup.HostConfig.deployDirectory Deployment of web application directory [C:\Users\saksh\Desktop\InventoryManagementSystem\apache-tomcat-10.1.43\webapps\ROOT] has finished in [587] ms
13-Jul-2025 19:10:56.595 INFO [main] org.apache.coyote.AbstractProtocol.start Starting ProtocolHandler ["http-nio-8080"]
13-Jul-2025 19:10:57.062 INFO [main] org.apache.catalina.startup.Catalina.start Server startup in [14772] milliseconds
13-Jul-2025 19:12:08.178 INFO [main] org.apache.catalina.core.StandardServer.await A valid shutdown command was received via the shutdown port. Stopping the Server instance.
13-Jul-2025 19:12:08.179 INFO [main] org.apache.coyote.AbstractProtocol.pause Pausing ProtocolHandler ["http-nio-8080"]
13-Jul-2025 19:12:08.664 INFO [main] org.apache.catalina.core.StandardService.stopInternal Stopping service [Catalina]
13-Jul-2025 19:12:08.720 WARNING [main] org.apache.catalina.loader.WebappClassLoaderBase.clearReferencesJdbc The web application [InventoryManagementSystem#index.html] registered the JDBC driver [com.mysql.cj.jdbc.Driver] but failed to unregister it when the web application was stopped. To prevent a memory leak, the JDBC Driver has been forcibly unregistered.
13-Jul-2025 19:12:08.721 WARNING [main] org.apache.catalina.loader.WebappClassLoaderBase.clearReferencesThreads The web application [InventoryManagementSystem#index.html] appears to have started a thread named [mysql-cj-abandoned-connection-cleanup] but has failed to stop it. This is very likely to create a memory leak. Stack trace of thread:
 java.base@11.0.26/java.lang.Object.wait(Native Method)
 java.base@11.0.26/java.lang.ref.ReferenceQueue.remove(ReferenceQueue.java:155)
 com.mysql.cj.jdbc.AbandonedConnectionCleanupThread.run(AbandonedConnectionCleanupThread.java:91)
 java.base@11.0.26/java.util.concurrent.ThreadPoolExecutor.runWorker(ThreadPoolExecutor.java:1128)
 java.base@11.0.26/java.util.concurrent.ThreadPoolExecutor$Worker.run(ThreadPoolExecutor.java:628)
 java.base@11.0.26/java.lang.Thread.run(Thread.java:834)
13-Jul-2025 19:12:08.737 INFO [main] org.apache.coyote.AbstractProtocol.stop Stopping ProtocolHandler ["http-nio-8080"]
13-Jul-2025 19:12:08.759 INFO [main] org.apache.coyote.AbstractProtocol.destroy Destroying ProtocolHandler ["http-nio-8080"]
13-Jul-2025 19:20:43.408 INFO [main] org.apache.catalina.startup.VersionLoggerListener.log Server version name:   Apache Tomcat/10.1.43
13-Jul-2025 19:20:43.420 INFO [main] org.apache.catalina.startup.VersionLoggerListener.log Server built:          Jul 1 2025 21:30:20 UTC
13-Jul-2025 19:20:43.421 INFO [main] org.apache.catalina.startup.VersionLoggerListener.log Server version number: 10.1.43.0
13-Jul-2025 19:20:43.421 INFO [main] org.apache.catalina.startup.VersionLoggerListener.log OS Name:               Windows 11
13-Jul-2025 19:20:43.421 INFO [main] org.apache.catalina.startup.VersionLoggerListener.log OS Version:            10.0
13-Jul-2025 19:20:43.422 INFO [main] org.apache.catalina.startup.VersionLoggerListener.log Architecture:          amd64
13-Jul-2025 19:20:43.422 INFO [main] org.apache.catalina.startup.VersionLoggerListener.log Java Home:             C:\Program Files\Java\jdk-11
13-Jul-2025 19:20:43.422 INFO [main] org.apache.catalina.startup.VersionLoggerListener.log JVM Version:           11.0.26+7-LTS-187
13-Jul-2025 19:20:43.422 INFO [main] org.apache.catalina.startup.VersionLoggerListener.log JVM Vendor:            Oracle Corporation
13-Jul-2025 19:20:43.422 INFO [main] org.apache.catalina.startup.VersionLoggerListener.log CATALINA_BASE:         C:\Users\saksh\Desktop\InventoryManagementSystem\apache-tomcat-10.1.43
13-Jul-2025 19:20:43.422 INFO [main] org.apache.catalina.startup.VersionLoggerListener.log CATALINA_HOME:         C:\Users\saksh\Desktop\InventoryManagementSystem\apache-tomcat-10.1.43
13-Jul-2025 19:20:43.451 INFO [main] org.apache.catalina.startup.VersionLoggerListener.log Command line argument: --add-opens=java.base/java.lang=ALL-UNNAMED
13-Jul-2025 19:20:43.451 INFO [main] org.apache.catalina.startup.VersionLoggerListener.log Command line argument: --add-opens=java.base/java.io=ALL-UNNAMED
13-Jul-2025 19:20:43.452 INFO [main] org.apache.catalina.startup.VersionLoggerListener.log Command line argument: --add-opens=java.base/java.util=ALL-UNNAMED
13-Jul-2025 19:20:43.452 INFO [main] org.apache.catalina.startup.VersionLoggerListener.log Command line argument: --add-opens=java.base/java.util.concurrent=ALL-UNNAMED
13-Jul-2025 19:20:43.452 INFO [main] org.apache.catalina.startup.VersionLoggerListener.log Command line argument: --add-opens=java.rmi/sun.rmi.transport=ALL-UNNAMED
13-Jul-2025 19:20:43.453 INFO [main] org.apache.catalina.startup.VersionLoggerListener.log Command line argument: -Dcatalina.home=C:\Users\saksh\Desktop\InventoryManagementSystem\apache-tomcat-10.1.43
13-Jul-2025 19:20:43.453 INFO [main] org.apache.catalina.startup.VersionLoggerListener.log Command line argument: -Dcatalina.base=C:\Users\saksh\Desktop\InventoryManagementSystem\apache-tomcat-10.1.43
13-Jul-2025 19:20:43.454 INFO [main] org.apache.catalina.startup.VersionLoggerListener.log Command line argument: -Djava.io.tmpdir=C:\Users\saksh\Desktop\InventoryManagementSystem\apache-tomcat-10.1.43\temp
13-Jul-2025 19:20:43.454 INFO [main] org.apache.catalina.startup.VersionLoggerListener.log Command line argument: -Djava.util.logging.config.file=C:\Users\saksh\Desktop\InventoryManagementSystem\apache-tomcat-10.1.43\conf\logging.properties
13-Jul-2025 19:20:43.454 INFO [main] org.apache.catalina.startup.VersionLoggerListener.log Command line argument: -Djava.util.logging.manager=org.apache.juli.ClassLoaderLogManager
13-Jul-2025 19:20:43.454 INFO [main] org.apache.catalina.startup.VersionLoggerListener.log Command line argument: -javaagent:C:\Program Files\JetBrains\IntelliJ IDEA Community Edition 2024.3.4.1\lib\idea_rt.jar=51930
13-Jul-2025 19:20:43.454 INFO [main] org.apache.catalina.startup.VersionLoggerListener.log Command line argument: -Dfile.encoding=UTF-8
13-Jul-2025 19:20:43.508 INFO [main] org.apache.catalina.core.AprLifecycleListener.lifecycleEvent The Apache Tomcat Native library which allows using OpenSSL was not found on the java.library.path: [C:\Program Files\Java\jdk-11\bin;C:\WINDOWS\Sun\Java\bin;C:\WINDOWS\system32;C:\WINDOWS;C:\Program Files\Eclipse Adoptium\jdk-11.0.27.6-hotspot\bin;C:\Program Files\Eclipse Adoptium\jre-17.0.15.6-hotspot\bin;C:\Program Files\Common Files\Oracle\Java\javapath;C:\Program Files (x86)\Common Files\Oracle\Java\java8path;C:\Program Files (x86)\Common Files\Oracle\Java\javapath;C:\Program Files\Java\jdk1.8.0_202

\bin;C:\Program Files\Java\jre1.8.0_431\bin;C:\Python312\Scripts\;C:\Python312\;C:\Python311\Scripts\;C:\Python311\;C:\WINDOWS\system32;C:\WINDOWS;C:\WINDOWS\System32\Wbem;C:\WINDOWS\System32\WindowsPowerShell\v1.0\;C:\WINDOWS\System32\OpenSSH\;C:\Program Files\dotnet\;C:\Users\saksh\Downloads;C:\Users\saksh\Downloads\ForwardNotifier-master\ForwardNotifier-master\ForwardNotifier Client Tools\Windows SSH Client tool;C:\Users\saksh\Downloads\app files\ForwardNotifier-master\ForwardNotifier-master\ForwardNotifier Client Tools\Windows SSH Client tool;C:\ProgramData\chocolatey\bin;C:\Android;C:\Windows\System32;C:\WINDOWS\system32;C:\WINDOWS;C:\WINDOWS\System32\Wbem;C:\WINDOWS\System32\WindowsPowerShell\v1.0\;C:\WINDOWS\System32\OpenSSH\;C:\Program Files\Calibre2\;C:\Program Files\nodejs\;C:\Program Files\HP\HP One Agent;C:\flutter;C:\Program Files\MySQL\MySQL Server 8.0\bin;C:\Program Files\Git\cmd;C:\Program Files\Git\cmd;C:\Windows\System32;C:\Windows;C:\Users\saksh\AppData\Local\Android\sdk\cmdline-tools\latest\bin;C:\Users\saksh\AppData\Local\Android\sdk\cmdline-tools\bin;C:\Users\saksh\Desktop\InventoryManagementSystem\apache-maven-3.9.10\bin;C:\Users\saksh\Desktop\InventoryManagementSystem\apache-maven-3.9.10\bin;C:\Program Files\MySQL\MySQL Shell 8.0\bin\;C:\Program Files\platform-tools;C:\Users\saksh\AppData\Local\Microsoft\WindowsApps;C:\Users\saksh\.dotnet\tools;C:\Program Files\JetBrains\PyCharm Community Edition 2022.1.2\bin;C:\Users\saksh\AppData\Local\spicetify;C:\Users\saksh\.dotnet\tools;C:\MinGW\bin;C:\Users\saksh\AppData\Local\Microsoft\WindowsApps;C:\Users\saksh\AppData\Roaming\npm;C:\flutter\bin;C:\Program Files\JetBrains\PyCharm Community Edition 2024.1.4\bin;C:\Users\saksh\AppData\Local\GitHubDesktop\bin;C:\Users\saksh\AppData\Roaming\Python\Python312\Scripts;C:\Program Files\Java\jdk-23\bin;C:\Users\saksh\AppData\Local\Programs\Ollama;C:\Users\saksh\AppData\Local\Programs\Microsoft VS Code\bin;C:\Program Files\Git\cmd;C:\flutter\bin;C:\Users\saksh\AppData\Roaming\npm;C:\Users\saksh\Desktop\InventoryManagementSystem\apache-maven-3.9.10\bin;C:\Program Files\Eclipse Adoptium\jdk-11.0.27.6-hotspot\bin;;.]
13-Jul-2025 19:20:44.307 INFO [main] org.apache.coyote.AbstractProtocol.init Initializing ProtocolHandler ["http-nio-8080"]
13-Jul-2025 19:20:44.387 INFO [main] org.apache.catalina.startup.Catalina.load Server initialization in [1578] milliseconds
13-Jul-2025 19:20:44.588 INFO [main] org.apache.catalina.core.StandardService.startInternal Starting service [Catalina]
13-Jul-2025 19:20:44.589 INFO [main] org.apache.catalina.core.StandardEngine.startInternal Starting Servlet engine: [Apache Tomcat/10.1.43]
13-Jul-2025 19:20:44.628 INFO [main] org.apache.catalina.startup.HostConfig.deployDescriptor Deploying deployment descriptor [C:\Users\saksh\Desktop\InventoryManagementSystem\apache-tomcat-10.1.43\conf\Catalina\localhost\InventoryManagementSystem#index.html.xml]
13-Jul-2025 19:20:44.838 WARNING [main] org.apache.catalina.webresources.DirResourceSet.initInternal Disabled the global canonical file name cache to protect against CVE-2024-56337 when starting the WebResourceSet at [C:\Users\saksh\Desktop\InventoryManagementSystem\target\classes] which is part of the web application [/InventoryManagementSystem/index.html]
13-Jul-2025 19:20:48.854 INFO [main] org.apache.jasper.servlet.TldScanner.scanJars At least one JAR was scanned for TLDs yet contained no TLDs. Enable debug logging for this logger for a complete list of JARs that were scanned but no TLDs were found in them. Skipping unneeded JARs during scanning can improve startup time and JSP compilation time.
13-Jul-2025 19:20:49.453 WARNING [main] org.apache.catalina.util.SessionIdGeneratorBase.createSecureRandom Creation of SecureRandom instance for session ID generation using [SHA1PRNG] took [411] milliseconds.
13-Jul-2025 19:20:49.525 INFO [main] org.apache.catalina.startup.HostConfig.deployDescriptor Deployment of deployment descriptor [C:\Users\saksh\Desktop\InventoryManagementSystem\apache-tomcat-10.1.43\conf\Catalina\localhost\InventoryManagementSystem#index.html.xml] has finished in [4,899] ms
13-Jul-2025 19:20:49.526 INFO [main] org.apache.catalina.startup.HostConfig.deployDirectory Deploying web application directory [C:\Users\saksh\Desktop\InventoryManagementSystem\apache-tomcat-10.1.43\webapps\docs]
13-Jul-2025 19:20:50.294 INFO [main] org.apache.jasper.servlet.TldScanner.scanJars At least one JAR was scanned for TLDs yet contained no TLDs. Enable debug logging for this logger for a complete list of JARs that were scanned but no TLDs were found in them. Skipping unneeded JARs during scanning can improve startup time and JSP compilation time.
13-Jul-2025 19:20:50.301 INFO [main] org.apache.catalina.startup.HostConfig.deployDirectory Deployment of web application directory [C:\Users\saksh\Desktop\InventoryManagementSystem\apache-tomcat-10.1.43\webapps\docs] has finished in [775] ms
13-Jul-2025 19:20:50.303 INFO [main] org.apache.catalina.startup.HostConfig.deployDirectory Deploying web application directory [C:\Users\saksh\Desktop\InventoryManagementSystem\apache-tomcat-10.1.43\webapps\examples]
13-Jul-2025 19:20:51.764 INFO [main] org.apache.jasper.servlet.TldScanner.scanJars At least one JAR was scanned for TLDs yet contained no TLDs. Enable debug logging for this logger for a complete list of JARs that were scanned but no TLDs were found in them. Skipping unneeded JARs during scanning can improve startup time and JSP compilation time.
13-Jul-2025 19:20:51.899 INFO [main] org.apache.catalina.startup.HostConfig.deployDirectory Deployment of web application directory [C:\Users\saksh\Desktop\InventoryManagementSystem\apache-tomcat-10.1.43\webapps\examples] has finished in [1,595] ms
13-Jul-2025 19:20:51.900 INFO [main] org.apache.catalina.startup.HostConfig.deployDirectory Deploying web application directory [C:\Users\saksh\Desktop\InventoryManagementSystem\apache-tomcat-10.1.43\webapps\host-manager]
13-Jul-2025 19:20:52.583 INFO [main] org.apache.jasper.servlet.TldScanner.scanJars At least one JAR was scanned for TLDs yet contained no TLDs. Enable debug logging for this logger for a complete list of JARs that were scanned but no TLDs were found in them. Skipping unneeded JARs during scanning can improve startup time and JSP compilation time.
13-Jul-2025 19:20:52.599 INFO [main] org.apache.catalina.startup.HostConfig.deployDirectory Deployment of web application directory [C:\Users\saksh\Desktop\InventoryManagementSystem\apache-tomcat-10.1.43\webapps\host-manager] has finished in [699] ms
13-Jul-2025 19:20:52.600 INFO [main] org.apache.catalina.startup.HostConfig.deployDirectory Deploying web application directory [C:\Users\saksh\Desktop\InventoryManagementSystem\apache-tomcat-10.1.43\webapps\InventoryManagementSystem]
13-Jul-2025 19:20:52.676 SEVERE [main] org.apache.catalina.startup.HostConfig.deployDirectory Error deploying web application directory [C:\Users\saksh\Desktop\InventoryManagementSystem\apache-tomcat-10.1.43\webapps\InventoryManagementSystem]
	java.lang.IllegalStateException: Error starting child
		at org.apache.catalina.core.ContainerBase.addChildInternal(ContainerBase.java:602)
		at org.apache.catalina.core.ContainerBase.addChild(ContainerBase.java:571)
		at org.apache.catalina.core.StandardHost.addChild(StandardHost.java:654)
		at org.apache.catalina.startup.HostConfig.deployDirectory(HostConfig.java:1126)
		at org.apache.catalina.startup.HostConfig$DeployDirectory.run(HostConfig.java:1925)
		at java.base/java.util.concurrent.Executors$RunnableAdapter.call(Executors.java:515)
		at java.base/java.util.concurrent.FutureTask.run(FutureTask.java:264)
		at org.apache.tomcat.util.threads.InlineExecutorService.execute(InlineExecutorService.java:75)
		at java.base/java.util.concurrent.AbstractExecutorService.submit(AbstractExecutorService.java:118)
		at org.apache.catalina.startup.HostConfig.deployDirectories(HostConfig.java:1037)
		at org.apache.catalina.startup.HostConfig.deployApps(HostConfig.java:422)
		at org.apache.catalina.startup.HostConfig.start(HostConfig.java:1621)
		at org.apache.catalina.startup.HostConfig.lifecycleEvent(HostConfig.java:303)
		at org.apache.catalina.util.LifecycleBase.fireLifecycleEvent(LifecycleBase.java:109)
		at org.apache.catalina.util.LifecycleBase.setStateInternal(LifecycleBase.java:389)
		at org.apache.catalina.util.LifecycleBase.setState(LifecycleBase.java:336)
		at org.apache.catalina.core.ContainerBase.startInternal(ContainerBase.java:776)
		at org.apache.catalina.core.StandardHost.startInternal(StandardHost.java:772)
		at org.apache.catalina.util.LifecycleBase.start(LifecycleBase.java:164)
		at org.apache.catalina.core.ContainerBase$StartChild.call(ContainerBase.java:1203)
		at org.apache.catalina.core.ContainerBase$StartChild.call(ContainerBase.java:1193)
		at java.base/java.util.concurrent.FutureTask.run(FutureTask.java:264)
		at org.apache.tomcat.util.threads.InlineExecutorService.execute(InlineExecutorService.java:75)
		at java.base/java.util.concurrent.AbstractExecutorService.submit(AbstractExecutorService.java:140)
		at org.apache.catalina.core.ContainerBase.startInternal(ContainerBase.java:749)
		at org.apache.catalina.core.StandardEngine.startInternal(StandardEngine.java:203)
		at org.apache.catalina.util.LifecycleBase.start(LifecycleBase.java:164)
		at org.apache.catalina.core.StandardService.startInternal(StandardService.java:412)
		at org.apache.catalina.util.LifecycleBase.start(LifecycleBase.java:164)
		at org.apache.catalina.core.StandardServer.startInternal(StandardServer.java:870)
		at org.apache.catalina.util.LifecycleBase.start(LifecycleBase.java:164)
		at org.apache.catalina.startup.Catalina.start(Catalina.java:761)
		at java.base/jdk.internal.reflect.NativeMethodAccessorImpl.invoke0(Native Method)
		at java.base/jdk.internal.reflect.NativeMethodAccessorImpl.invoke(NativeMethodAccessorImpl.java:62)
		at java.base/jdk.internal.reflect.DelegatingMethodAccessorImpl.invoke(DelegatingMethodAccessorImpl.java:43)
		at java.base/java.lang.reflect.Method.invoke(Method.java:566)
		at org.apache.catalina.startup.Bootstrap.start(Bootstrap.java:345)
		at org.apache.catalina.startup.Bootstrap.main(Bootstrap.java:476)
	Caused by: org.apache.catalina.LifecycleException: Failed to start component [StandardEngine[Catalina].StandardHost[localhost].StandardContext[/InventoryManagementSystem]]
		at org.apache.catalina.util.LifecycleBase.handleSubClassException(LifecycleBase.java:406)
		at org.apache.catalina.util.LifecycleBase.start(LifecycleBase.java:179)
		at org.apache.catalina.core.ContainerBase.addChildInternal(ContainerBase.java:599)
		... 37 more
	Caused by: java.lang.IllegalArgumentException: The servlets named [LoginServlet] and [com.ims.servlet.LoginServlet] are both mapped to the url-pattern [/LoginServlet] which is not permitted
		at org.apache.tomcat.util.descriptor.web.WebXml.addServletMappingDecoded(WebXml.java:415)
		at org.apache.tomcat.util.descriptor.web.WebXml.addServletMapping(WebXml.java:406)
		at org.apache.catalina.startup.ContextConfig.processAnnotationWebServlet(ContextConfig.java:2547)
		at org.apache.catalina.startup.ContextConfig.processClass(ContextConfig.java:2253)
		at org.apache.catalina.startup.ContextConfig.processAnnotationsStream(ContextConfig.java:2242)
		at org.apache.catalina.startup.ContextConfig.processAnnotationsWebResource(ContextConfig.java:2153)
		at org.apache.catalina.startup.ContextConfig.processAnnotationsWebResource(ContextConfig.java:2148)
		at org.apache.catalina.startup.ContextConfig.processAnnotationsWebResource(ContextConfig.java:2148)
		at org.apache.catalina.startup.ContextConfig.processAnnotationsWebResource(ContextConfig.java:2148)
		at org.apache.catalina.startup.ContextConfig.processClasses(ContextConfig.java:1361)
		at org.apache.catalina.startup.ContextConfig.webConfig(ContextConfig.java:1271)
		at org.apache.catalina.startup.ContextConfig.configureStart(ContextConfig.java:972)
		at org.apache.catalina.startup.ContextConfig.lifecycleEvent(ContextConfig.java:290)
		at org.apache.catalina.util.LifecycleBase.fireLifecycleEvent(LifecycleBase.java:109)
		at org.apache.catalina.core.StandardContext.startInternal(StandardContext.java:4380)
		at org.apache.catalina.util.LifecycleBase.start(LifecycleBase.java:164)
		... 38 more
13-Jul-2025 19:20:52.687 INFO [main] org.apache.catalina.startup.HostConfig.deployDirectory Deployment of web application directory [C:\Users\saksh\Desktop\InventoryManagementSystem\apache-tomcat-10.1.43\webapps\InventoryManagementSystem] has finished in [86] ms
13-Jul-2025 19:20:52.689 INFO [main] org.apache.catalina.startup.HostConfig.deployDirectory Deploying web application directory [C:\Users\saksh\Desktop\InventoryManagementSystem\apache-tomcat-10.1.43\webapps\manager]
13-Jul-2025 19:20:53.385 INFO [main] org.apache.jasper.servlet.TldScanner.scanJars At least one JAR was scanned for TLDs yet contained no TLDs. Enable debug logging for this logger for a complete list of JARs that were scanned but no TLDs were found in them. Skipping unneeded JARs during scanning can improve startup time and JSP compilation time.
13-Jul-2025 19:20:53.392 INFO [main] org.apache.catalina.startup.HostConfig.deployDirectory Deployment of web application directory [C:\Users\saksh\Desktop\InventoryManagementSystem\apache-tomcat-10.1.43\webapps\manager] has finished in [704] ms
13-Jul-2025 19:20:53.393 INFO [main] org.apache.catalina.startup.HostConfig.deployDirectory Deploying web application directory [C:\Users\saksh\Desktop\InventoryManagementSystem\apache-tomcat-10.1.43\webapps\ROOT]
13-Jul-2025 19:20:54.028 INFO [main] org.apache.jasper.servlet.TldScanner.scanJars At least one JAR was scanned for TLDs yet contained no TLDs. Enable debug logging for this logger for a complete list of JARs that were scanned but no TLDs were found in them. Skipping unneeded JARs during scanning can improve startup time and JSP compilation time.
13-Jul-2025 19:20:54.033 INFO [main] org.apache.catalina.startup.HostConfig.deployDirectory Deployment of web application directory [C:\Users\saksh\Desktop\InventoryManagementSystem\apache-tomcat-10.1.43\webapps\ROOT] has finished in [639] ms
13-Jul-2025 19:20:54.044 INFO [main] org.apache.coyote.AbstractProtocol.start Starting ProtocolHandler ["http-nio-8080"]
13-Jul-2025 19:20:54.497 INFO [main] org.apache.catalina.startup.Catalina.start Server startup in [10109] milliseconds
13-Jul-2025 19:25:50.151 INFO [Thread-1] org.apache.coyote.AbstractProtocol.pause Pausing ProtocolHandler ["http-nio-8080"]
13-Jul-2025 19:25:50.620 INFO [Thread-1] org.apache.catalina.core.StandardService.stopInternal Stopping service [Catalina]
13-Jul-2025 19:25:50.795 WARNING [Thread-1] org.apache.catalina.loader.WebappClassLoaderBase.clearReferencesJdbc The web application [InventoryManagementSystem#index.html] registered the JDBC driver [com.mysql.cj.jdbc.Driver] but failed to unregister it when the web application was stopped. To prevent a memory leak, the JDBC Driver has been forcibly unregistered.
13-Jul-2025 19:25:50.797 WARNING [Thread-1] org.apache.catalina.loader.WebappClassLoaderBase.clearReferencesThreads The web application [InventoryManagementSystem#index.html] appears to have started a thread named [mysql-cj-abandoned-connection-cleanup] but has failed to stop it. This is very likely to create a memory leak. Stack trace of thread:
 java.base@11.0.26/java.lang.Object.wait(Native Method)
 java.base@11.0.26/java.lang.ref.ReferenceQueue.remove(ReferenceQueue.java:155)
 com.mysql.cj.jdbc.AbandonedConnectionCleanupThread.run(AbandonedConnectionCleanupThread.java:91)
 java.base@11.0.26/java.util.concurrent.ThreadPoolExecutor.runWorker(ThreadPoolExecutor.java:1128)
 java.base@11.0.26/java.util.concurrent.ThreadPoolExecutor$Worker.run(ThreadPoolExecutor.java:628)
 java.base@11.0.26/java.lang.Thread.run(Thread.java:834)
13-Jul-2025 19:25:50.822 INFO [Thread-1] org.apache.coyote.AbstractProtocol.stop Stopping ProtocolHandler ["http-nio-8080"]
13-Jul-2025 19:25:50.881 INFO [Thread-1] org.apache.coyote.AbstractProtocol.destroy Destroying ProtocolHandler ["http-nio-8080"]
13-Jul-2025 19:26:00.752 INFO [main] org.apache.catalina.startup.VersionLoggerListener.log Server version name:   Apache Tomcat/10.1.43
13-Jul-2025 19:26:00.767 INFO [main] org.apache.catalina.startup.VersionLoggerListener.log Server built:          Jul 1 2025 21:30:20 UTC
13-Jul-2025 19:26:00.767 INFO [main] org.apache.catalina.startup.VersionLoggerListener.log Server version number: 10.1.43.0
13-Jul-2025 19:26:00.768 INFO [main] org.apache.catalina.startup.VersionLoggerListener.log OS Name:               Windows 11
13-Jul-2025 19:26:00.768 INFO [main] org.apache.catalina.startup.VersionLoggerListener.log OS Version:            10.0
13-Jul-2025 19:26:00.768 INFO [main] org.apache.catalina.startup.VersionLoggerListener.log Architecture:          amd64
13-Jul-2025 19:26:00.768 INFO [main] org.apache.catalina.startup.VersionLoggerListener.log Java Home:             C:\Program Files\Java\jdk-11
13-Jul-2025 19:26:00.768 INFO [main] org.apache.catalina.startup.VersionLoggerListener.log JVM Version:           11.0.26+7-LTS-187
13-Jul-2025 19:26:00.768 INFO [main] org.apache.catalina.startup.VersionLoggerListener.log JVM Vendor:            Oracle Corporation
13-Jul-2025 19:26:00.768 INFO [main] org.apache.catalina.startup.VersionLoggerListener.log CATALINA_BASE:         C:\Users\saksh\Desktop\InventoryManagementSystem\apache-tomcat-10.1.43
13-Jul-2025 19:26:00.768 INFO [main] org.apache.catalina.startup.VersionLoggerListener.log CATALINA_HOME:         C:\Users\saksh\Desktop\InventoryManagementSystem\apache-tomcat-10.1.43
13-Jul-2025 19:26:00.849 INFO [main] org.apache.catalina.startup.VersionLoggerListener.log Command line argument: --add-opens=java.base/java.lang=ALL-UNNAMED
13-Jul-2025 19:26:00.849 INFO [main] org.apache.catalina.startup.VersionLoggerListener.log Command line argument: --add-opens=java.base/java.io=ALL-UNNAMED
13-Jul-2025 19:26:00.849 INFO [main] org.apache.catalina.startup.VersionLoggerListener.log Command line argument: --add-opens=java.base/java.util=ALL-UNNAMED
13-Jul-2025 19:26:00.849 INFO [main] org.apache.catalina.startup.VersionLoggerListener.log Command line argument: --add-opens=java.base/java.util.concurrent=ALL-UNNAMED
13-Jul-2025 19:26:00.849 INFO [main] org.apache.catalina.startup.VersionLoggerListener.log Command line argument: --add-opens=java.rmi/sun.rmi.transport=ALL-UNNAMED
13-Jul-2025 19:26:00.849 INFO [main] org.apache.catalina.startup.VersionLoggerListener.log Command line argument: -Dcatalina.home=C:\Users\saksh\Desktop\InventoryManagementSystem\apache-tomcat-10.1.43
13-Jul-2025 19:26:00.849 INFO [main] org.apache.catalina.startup.VersionLoggerListener.log Command line argument: -Dcatalina.base=C:\Users\saksh\Desktop\InventoryManagementSystem\apache-tomcat-10.1.43
13-Jul-2025 19:26:00.849 INFO [main] org.apache.catalina.startup.VersionLoggerListener.log Command line argument: -Djava.io.tmpdir=C:\Users\saksh\Desktop\InventoryManagementSystem\apache-tomcat-10.1.43\temp
13-Jul-2025 19:26:00.849 INFO [main] org.apache.catalina.startup.VersionLoggerListener.log Command line argument: -Djava.util.logging.config.file=C:\Users\saksh\Desktop\InventoryManagementSystem\apache-tomcat-10.1.43\conf\logging.properties
13-Jul-2025 19:26:00.849 INFO [main] org.apache.catalina.startup.VersionLoggerListener.log Command line argument: -Djava.util.logging.manager=org.apache.juli.ClassLoaderLogManager
13-Jul-2025 19:26:00.849 INFO [main] org.apache.catalina.startup.VersionLoggerListener.log Command line argument: -javaagent:C:\Program Files\JetBrains\IntelliJ IDEA Community Edition 2024.3.4.1\lib\idea_rt.jar=52016
13-Jul-2025 19:26:00.849 INFO [main] org.apache.catalina.startup.VersionLoggerListener.log Command line argument: -Dfile.encoding=UTF-8
13-Jul-2025 19:26:01.211 INFO [main] org.apache.catalina.core.AprLifecycleListener.lifecycleEvent The Apache Tomcat Native library which allows using OpenSSL was not found on the java.library.path: [C:\Program Files\Java\jdk-11\bin;C:\WINDOWS\Sun\Java\bin;C:\WINDOWS\system32;C:\WINDOWS;C:\Program Files\Eclipse Adoptium\jdk-11.0.27.6-hotspot\bin;C:\Program Files\Eclipse Adoptium\jre-17.0.15.6-hotspot\bin;C:\Program Files\Common Files\Oracle\Java\javapath;C:\Program Files (x86)\Common Files\Oracle\Java\java8path;C:\Program Files (x86)\Common Files\Oracle\Java\javapath;C:\Program Files\Java\jdk1.8.0_202

\bin;C:\Program Files\Java\jre1.8.0_431\bin;C:\Python312\Scripts\;C:\Python312\;C:\Python311\Scripts\;C:\Python311\;C:\WINDOWS\system32;C:\WINDOWS;C:\WINDOWS\System32\Wbem;C:\WINDOWS\System32\WindowsPowerShell\v1.0\;C:\WINDOWS\System32\OpenSSH\;C:\Program Files\dotnet\;C:\Users\saksh\Downloads;C:\Users\saksh\Downloads\ForwardNotifier-master\ForwardNotifier-master\ForwardNotifier Client Tools\Windows SSH Client tool;C:\Users\saksh\Downloads\app files\ForwardNotifier-master\ForwardNotifier-master\ForwardNotifier Client Tools\Windows SSH Client tool;C:\ProgramData\chocolatey\bin;C:\Android;C:\Windows\System32;C:\WINDOWS\system32;C:\WINDOWS;C:\WINDOWS\System32\Wbem;C:\WINDOWS\System32\WindowsPowerShell\v1.0\;C:\WINDOWS\System32\OpenSSH\;C:\Program Files\Calibre2\;C:\Program Files\nodejs\;C:\Program Files\HP\HP One Agent;C:\flutter;C:\Program Files\MySQL\MySQL Server 8.0\bin;C:\Program Files\Git\cmd;C:\Program Files\Git\cmd;C:\Windows\System32;C:\Windows;C:\Users\saksh\AppData\Local\Android\sdk\cmdline-tools\latest\bin;C:\Users\saksh\AppData\Local\Android\sdk\cmdline-tools\bin;C:\Users\saksh\Desktop\InventoryManagementSystem\apache-maven-3.9.10\bin;C:\Users\saksh\Desktop\InventoryManagementSystem\apache-maven-3.9.10\bin;C:\Program Files\MySQL\MySQL Shell 8.0\bin\;C:\Program Files\platform-tools;C:\Users\saksh\AppData\Local\Microsoft\WindowsApps;C:\Users\saksh\.dotnet\tools;C:\Program Files\JetBrains\PyCharm Community Edition 2022.1.2\bin;C:\Users\saksh\AppData\Local\spicetify;C:\Users\saksh\.dotnet\tools;C:\MinGW\bin;C:\Users\saksh\AppData\Local\Microsoft\WindowsApps;C:\Users\saksh\AppData\Roaming\npm;C:\flutter\bin;C:\Program Files\JetBrains\PyCharm Community Edition 2024.1.4\bin;C:\Users\saksh\AppData\Local\GitHubDesktop\bin;C:\Users\saksh\AppData\Roaming\Python\Python312\Scripts;C:\Program Files\Java\jdk-23\bin;C:\Users\saksh\AppData\Local\Programs\Ollama;C:\Users\saksh\AppData\Local\Programs\Microsoft VS Code\bin;C:\Program Files\Git\cmd;C:\flutter\bin;C:\Users\saksh\AppData\Roaming\npm;C:\Users\saksh\Desktop\InventoryManagementSystem\apache-maven-3.9.10\bin;C:\Program Files\Eclipse Adoptium\jdk-11.0.27.6-hotspot\bin;;.]
13-Jul-2025 19:26:02.217 INFO [main] org.apache.coyote.AbstractProtocol.init Initializing ProtocolHandler ["http-nio-8080"]
13-Jul-2025 19:26:02.253 INFO [main] org.apache.catalina.startup.Catalina.load Server initialization in [1982] milliseconds
13-Jul-2025 19:26:02.372 INFO [main] org.apache.catalina.core.StandardService.startInternal Starting service [Catalina]
13-Jul-2025 19:26:02.372 INFO [main] org.apache.catalina.core.StandardEngine.startInternal Starting Servlet engine: [Apache Tomcat/10.1.43]
13-Jul-2025 19:26:02.402 INFO [main] org.apache.catalina.startup.HostConfig.deployDescriptor Deploying deployment descriptor [C:\Users\saksh\Desktop\InventoryManagementSystem\apache-tomcat-10.1.43\conf\Catalina\localhost\InventoryManagementSystem#index.html.xml]
13-Jul-2025 19:26:02.574 WARNING [main] org.apache.catalina.webresources.DirResourceSet.initInternal Disabled the global canonical file name cache to protect against CVE-2024-56337 when starting the WebResourceSet at [C:\Users\saksh\Desktop\InventoryManagementSystem\target\classes] which is part of the web application [/InventoryManagementSystem/index.html]
13-Jul-2025 19:26:05.036 INFO [main] org.apache.jasper.servlet.TldScanner.scanJars At least one JAR was scanned for TLDs yet contained no TLDs. Enable debug logging for this logger for a complete list of JARs that were scanned but no TLDs were found in them. Skipping unneeded JARs during scanning can improve startup time and JSP compilation time.
13-Jul-2025 19:26:05.538 WARNING [main] org.apache.catalina.util.SessionIdGeneratorBase.createSecureRandom Creation of SecureRandom instance for session ID generation using [SHA1PRNG] took [310] milliseconds.
13-Jul-2025 19:26:05.584 INFO [main] org.apache.catalina.startup.HostConfig.deployDescriptor Deployment of deployment descriptor [C:\Users\saksh\Desktop\InventoryManagementSystem\apache-tomcat-10.1.43\conf\Catalina\localhost\InventoryManagementSystem#index.html.xml] has finished in [3,179] ms
13-Jul-2025 19:26:05.586 INFO [main] org.apache.catalina.startup.HostConfig.deployDirectory Deploying web application directory [C:\Users\saksh\Desktop\InventoryManagementSystem\apache-tomcat-10.1.43\webapps\docs]
13-Jul-2025 19:26:06.278 INFO [main] org.apache.jasper.servlet.TldScanner.scanJars At least one JAR was scanned for TLDs yet contained no TLDs. Enable debug logging for this logger for a complete list of JARs that were scanned but no TLDs were found in them. Skipping unneeded JARs during scanning can improve startup time and JSP compilation time.
13-Jul-2025 19:26:06.285 INFO [main] org.apache.catalina.startup.HostConfig.deployDirectory Deployment of web application directory [C:\Users\saksh\Desktop\InventoryManagementSystem\apache-tomcat-10.1.43\webapps\docs] has finished in [699] ms
13-Jul-2025 19:26:06.286 INFO [main] org.apache.catalina.startup.HostConfig.deployDirectory Deploying web application directory [C:\Users\saksh\Desktop\InventoryManagementSystem\apache-tomcat-10.1.43\webapps\examples]
13-Jul-2025 19:26:07.851 INFO [main] org.apache.jasper.servlet.TldScanner.scanJars At least one JAR was scanned for TLDs yet contained no TLDs. Enable debug logging for this logger for a complete list of JARs that were scanned but no TLDs were found in them. Skipping unneeded JARs during scanning can improve startup time and JSP compilation time.
13-Jul-2025 19:26:07.987 INFO [main] org.apache.catalina.startup.HostConfig.deployDirectory Deployment of web application directory [C:\Users\saksh\Desktop\InventoryManagementSystem\apache-tomcat-10.1.43\webapps\examples] has finished in [1,702] ms
13-Jul-2025 19:26:07.987 INFO [main] org.apache.catalina.startup.HostConfig.deployDirectory Deploying web application directory [C:\Users\saksh\Desktop\InventoryManagementSystem\apache-tomcat-10.1.43\webapps\host-manager]
13-Jul-2025 19:26:08.981 INFO [main] org.apache.jasper.servlet.TldScanner.scanJars At least one JAR was scanned for TLDs yet contained no TLDs. Enable debug logging for this logger for a complete list of JARs that were scanned but no TLDs were found in them. Skipping unneeded JARs during scanning can improve startup time and JSP compilation time.
13-Jul-2025 19:26:09.008 INFO [main] org.apache.catalina.startup.HostConfig.deployDirectory Deployment of web application directory [C:\Users\saksh\Desktop\InventoryManagementSystem\apache-tomcat-10.1.43\webapps\host-manager] has finished in [1,021] ms
13-Jul-2025 19:26:09.008 INFO [main] org.apache.catalina.startup.HostConfig.deployDirectory Deploying web application directory [C:\Users\saksh\Desktop\InventoryManagementSystem\apache-tomcat-10.1.43\webapps\InventoryManagementSystem]
13-Jul-2025 19:26:09.265 SEVERE [main] org.apache.catalina.startup.HostConfig.deployDirectory Error deploying web application directory [C:\Users\saksh\Desktop\InventoryManagementSystem\apache-tomcat-10.1.43\webapps\InventoryManagementSystem]
	java.lang.IllegalStateException: Error starting child
		at org.apache.catalina.core.ContainerBase.addChildInternal(ContainerBase.java:602)
		at org.apache.catalina.core.ContainerBase.addChild(ContainerBase.java:571)
		at org.apache.catalina.core.StandardHost.addChild(StandardHost.java:654)
		at org.apache.catalina.startup.HostConfig.deployDirectory(HostConfig.java:1126)
		at org.apache.catalina.startup.HostConfig$DeployDirectory.run(HostConfig.java:1925)
		at java.base/java.util.concurrent.Executors$RunnableAdapter.call(Executors.java:515)
		at java.base/java.util.concurrent.FutureTask.run(FutureTask.java:264)
		at org.apache.tomcat.util.threads.InlineExecutorService.execute(InlineExecutorService.java:75)
		at java.base/java.util.concurrent.AbstractExecutorService.submit(AbstractExecutorService.java:118)
		at org.apache.catalina.startup.HostConfig.deployDirectories(HostConfig.java:1037)
		at org.apache.catalina.startup.HostConfig.deployApps(HostConfig.java:422)
		at org.apache.catalina.startup.HostConfig.start(HostConfig.java:1621)
		at org.apache.catalina.startup.HostConfig.lifecycleEvent(HostConfig.java:303)
		at org.apache.catalina.util.LifecycleBase.fireLifecycleEvent(LifecycleBase.java:109)
		at org.apache.catalina.util.LifecycleBase.setStateInternal(LifecycleBase.java:389)
		at org.apache.catalina.util.LifecycleBase.setState(LifecycleBase.java:336)
		at org.apache.catalina.core.ContainerBase.startInternal(ContainerBase.java:776)
		at org.apache.catalina.core.StandardHost.startInternal(StandardHost.java:772)
		at org.apache.catalina.util.LifecycleBase.start(LifecycleBase.java:164)
		at org.apache.catalina.core.ContainerBase$StartChild.call(ContainerBase.java:1203)
		at org.apache.catalina.core.ContainerBase$StartChild.call(ContainerBase.java:1193)
		at java.base/java.util.concurrent.FutureTask.run(FutureTask.java:264)
		at org.apache.tomcat.util.threads.InlineExecutorService.execute(InlineExecutorService.java:75)
		at java.base/java.util.concurrent.AbstractExecutorService.submit(AbstractExecutorService.java:140)
		at org.apache.catalina.core.ContainerBase.startInternal(ContainerBase.java:749)
		at org.apache.catalina.core.StandardEngine.startInternal(StandardEngine.java:203)
		at org.apache.catalina.util.LifecycleBase.start(LifecycleBase.java:164)
		at org.apache.catalina.core.StandardService.startInternal(StandardService.java:412)
		at org.apache.catalina.util.LifecycleBase.start(LifecycleBase.java:164)
		at org.apache.catalina.core.StandardServer.startInternal(StandardServer.java:870)
		at org.apache.catalina.util.LifecycleBase.start(LifecycleBase.java:164)
		at org.apache.catalina.startup.Catalina.start(Catalina.java:761)
		at java.base/jdk.internal.reflect.NativeMethodAccessorImpl.invoke0(Native Method)
		at java.base/jdk.internal.reflect.NativeMethodAccessorImpl.invoke(NativeMethodAccessorImpl.java:62)
		at java.base/jdk.internal.reflect.DelegatingMethodAccessorImpl.invoke(DelegatingMethodAccessorImpl.java:43)
		at java.base/java.lang.reflect.Method.invoke(Method.java:566)
		at org.apache.catalina.startup.Bootstrap.start(Bootstrap.java:345)
		at org.apache.catalina.startup.Bootstrap.main(Bootstrap.java:476)
	Caused by: org.apache.catalina.LifecycleException: Failed to start component [StandardEngine[Catalina].StandardHost[localhost].StandardContext[/InventoryManagementSystem]]
		at org.apache.catalina.util.LifecycleBase.handleSubClassException(LifecycleBase.java:406)
		at org.apache.catalina.util.LifecycleBase.start(LifecycleBase.java:179)
		at org.apache.catalina.core.ContainerBase.addChildInternal(ContainerBase.java:599)
		... 37 more
	Caused by: java.lang.IllegalArgumentException: The servlets named [LoginServlet] and [com.ims.servlet.LoginServlet] are both mapped to the url-pattern [/LoginServlet] which is not permitted
		at org.apache.tomcat.util.descriptor.web.WebXml.addServletMappingDecoded(WebXml.java:415)
		at org.apache.tomcat.util.descriptor.web.WebXml.addServletMapping(WebXml.java:406)
		at org.apache.catalina.startup.ContextConfig.processAnnotationWebServlet(ContextConfig.java:2547)
		at org.apache.catalina.startup.ContextConfig.processClass(ContextConfig.java:2253)
		at org.apache.catalina.startup.ContextConfig.processAnnotationsStream(ContextConfig.java:2242)
		at org.apache.catalina.startup.ContextConfig.processAnnotationsWebResource(ContextConfig.java:2153)
		at org.apache.catalina.startup.ContextConfig.processAnnotationsWebResource(ContextConfig.java:2148)
		at org.apache.catalina.startup.ContextConfig.processAnnotationsWebResource(ContextConfig.java:2148)
		at org.apache.catalina.startup.ContextConfig.processAnnotationsWebResource(ContextConfig.java:2148)
		at org.apache.catalina.startup.ContextConfig.processClasses(ContextConfig.java:1361)
		at org.apache.catalina.startup.ContextConfig.webConfig(ContextConfig.java:1271)
		at org.apache.catalina.startup.ContextConfig.configureStart(ContextConfig.java:972)
		at org.apache.catalina.startup.ContextConfig.lifecycleEvent(ContextConfig.java:290)
		at org.apache.catalina.util.LifecycleBase.fireLifecycleEvent(LifecycleBase.java:109)
		at org.apache.catalina.core.StandardContext.startInternal(StandardContext.java:4380)
		at org.apache.catalina.util.LifecycleBase.start(LifecycleBase.java:164)
		... 38 more
13-Jul-2025 19:26:09.278 INFO [main] org.apache.catalina.startup.HostConfig.deployDirectory Deployment of web application directory [C:\Users\saksh\Desktop\InventoryManagementSystem\apache-tomcat-10.1.43\webapps\InventoryManagementSystem] has finished in [270] ms
13-Jul-2025 19:26:09.278 INFO [main] org.apache.catalina.startup.HostConfig.deployDirectory Deploying web application directory [C:\Users\saksh\Desktop\InventoryManagementSystem\apache-tomcat-10.1.43\webapps\manager]
13-Jul-2025 19:26:09.963 INFO [main] org.apache.jasper.servlet.TldScanner.scanJars At least one JAR was scanned for TLDs yet contained no TLDs. Enable debug logging for this logger for a complete list of JARs that were scanned but no TLDs were found in them. Skipping unneeded JARs during scanning can improve startup time and JSP compilation time.
13-Jul-2025 19:26:09.966 INFO [main] org.apache.catalina.startup.HostConfig.deployDirectory Deployment of web application directory [C:\Users\saksh\Desktop\InventoryManagementSystem\apache-tomcat-10.1.43\webapps\manager] has finished in [688] ms
13-Jul-2025 19:26:09.970 INFO [main] org.apache.catalina.startup.HostConfig.deployDirectory Deploying web application directory [C:\Users\saksh\Desktop\InventoryManagementSystem\apache-tomcat-10.1.43\webapps\ROOT]
13-Jul-2025 19:26:10.496 INFO [main] org.apache.jasper.servlet.TldScanner.scanJars At least one JAR was scanned for TLDs yet contained no TLDs. Enable debug logging for this logger for a complete list of JARs that were scanned but no TLDs were found in them. Skipping unneeded JARs during scanning can improve startup time and JSP compilation time.
13-Jul-2025 19:26:10.502 INFO [main] org.apache.catalina.startup.HostConfig.deployDirectory Deployment of web application directory [C:\Users\saksh\Desktop\InventoryManagementSystem\apache-tomcat-10.1.43\webapps\ROOT] has finished in [536] ms
13-Jul-2025 19:26:10.519 INFO [main] org.apache.coyote.AbstractProtocol.start Starting ProtocolHandler ["http-nio-8080"]
13-Jul-2025 19:26:10.845 INFO [main] org.apache.catalina.startup.Catalina.start Server startup in [8590] milliseconds
13-Jul-2025 19:56:20.304 INFO [Thread-1] org.apache.coyote.AbstractProtocol.pause Pausing ProtocolHandler ["http-nio-8080"]
13-Jul-2025 19:56:20.796 INFO [Thread-1] org.apache.catalina.core.StandardService.stopInternal Stopping service [Catalina]
13-Jul-2025 19:56:21.061 WARNING [Thread-1] org.apache.catalina.loader.WebappClassLoaderBase.clearReferencesJdbc The web application [InventoryManagementSystem#index.html] registered the JDBC driver [com.mysql.cj.jdbc.Driver] but failed to unregister it when the web application was stopped. To prevent a memory leak, the JDBC Driver has been forcibly unregistered.
13-Jul-2025 19:56:21.064 WARNING [Thread-1] org.apache.catalina.loader.WebappClassLoaderBase.clearReferencesThreads The web application [InventoryManagementSystem#index.html] appears to have started a thread named [mysql-cj-abandoned-connection-cleanup] but has failed to stop it. This is very likely to create a memory leak. Stack trace of thread:
 java.base@11.0.26/java.lang.Object.wait(Native Method)
 java.base@11.0.26/java.lang.ref.ReferenceQueue.remove(ReferenceQueue.java:155)
 com.mysql.cj.jdbc.AbandonedConnectionCleanupThread.run(AbandonedConnectionCleanupThread.java:91)
 java.base@11.0.26/java.util.concurrent.ThreadPoolExecutor.runWorker(ThreadPoolExecutor.java:1128)
 java.base@11.0.26/java.util.concurrent.ThreadPoolExecutor$Worker.run(ThreadPoolExecutor.java:628)
 java.base@11.0.26/java.lang.Thread.run(Thread.java:834)
13-Jul-2025 19:56:21.168 INFO [Thread-1] org.apache.coyote.AbstractProtocol.stop Stopping ProtocolHandler ["http-nio-8080"]
13-Jul-2025 19:56:21.223 INFO [Thread-1] org.apache.coyote.AbstractProtocol.destroy Destroying ProtocolHandler ["http-nio-8080"]
13-Jul-2025 19:58:28.487 INFO [main] org.apache.catalina.startup.VersionLoggerListener.log Server version name:   Apache Tomcat/10.1.43
13-Jul-2025 19:58:28.497 INFO [main] org.apache.catalina.startup.VersionLoggerListener.log Server built:          Jul 1 2025 21:30:20 UTC
13-Jul-2025 19:58:28.498 INFO [main] org.apache.catalina.startup.VersionLoggerListener.log Server version number: 10.1.43.0
13-Jul-2025 19:58:28.498 INFO [main] org.apache.catalina.startup.VersionLoggerListener.log OS Name:               Windows 11
13-Jul-2025 19:58:28.498 INFO [main] org.apache.catalina.startup.VersionLoggerListener.log OS Version:            10.0
13-Jul-2025 19:58:28.498 INFO [main] org.apache.catalina.startup.VersionLoggerListener.log Architecture:          amd64
13-Jul-2025 19:58:28.498 INFO [main] org.apache.catalina.startup.VersionLoggerListener.log Java Home:             C:\Program Files\Java\jdk-11
13-Jul-2025 19:58:28.499 INFO [main] org.apache.catalina.startup.VersionLoggerListener.log JVM Version:           11.0.26+7-LTS-187
13-Jul-2025 19:58:28.499 INFO [main] org.apache.catalina.startup.VersionLoggerListener.log JVM Vendor:            Oracle Corporation
13-Jul-2025 19:58:28.499 INFO [main] org.apache.catalina.startup.VersionLoggerListener.log CATALINA_BASE:         C:\Users\saksh\Desktop\InventoryManagementSystem\apache-tomcat-10.1.43
13-Jul-2025 19:58:28.499 INFO [main] org.apache.catalina.startup.VersionLoggerListener.log CATALINA_HOME:         C:\Users\saksh\Desktop\InventoryManagementSystem\apache-tomcat-10.1.43
13-Jul-2025 19:58:28.529 INFO [main] org.apache.catalina.startup.VersionLoggerListener.log Command line argument: --add-opens=java.base/java.lang=ALL-UNNAMED
13-Jul-2025 19:58:28.529 INFO [main] org.apache.catalina.startup.VersionLoggerListener.log Command line argument: --add-opens=java.base/java.io=ALL-UNNAMED
13-Jul-2025 19:58:28.529 INFO [main] org.apache.catalina.startup.VersionLoggerListener.log Command line argument: --add-opens=java.base/java.util=ALL-UNNAMED
13-Jul-2025 19:58:28.530 INFO [main] org.apache.catalina.startup.VersionLoggerListener.log Command line argument: --add-opens=java.base/java.util.concurrent=ALL-UNNAMED
13-Jul-2025 19:58:28.530 INFO [main] org.apache.catalina.startup.VersionLoggerListener.log Command line argument: --add-opens=java.rmi/sun.rmi.transport=ALL-UNNAMED
13-Jul-2025 19:58:28.530 INFO [main] org.apache.catalina.startup.VersionLoggerListener.log Command line argument: -Dcatalina.home=C:\Users\saksh\Desktop\InventoryManagementSystem\apache-tomcat-10.1.43
13-Jul-2025 19:58:28.531 INFO [main] org.apache.catalina.startup.VersionLoggerListener.log Command line argument: -Dcatalina.base=C:\Users\saksh\Desktop\InventoryManagementSystem\apache-tomcat-10.1.43
13-Jul-2025 19:58:28.531 INFO [main] org.apache.catalina.startup.VersionLoggerListener.log Command line argument: -Djava.io.tmpdir=C:\Users\saksh\Desktop\InventoryManagementSystem\apache-tomcat-10.1.43\temp
13-Jul-2025 19:58:28.531 INFO [main] org.apache.catalina.startup.VersionLoggerListener.log Command line argument: -Djava.util.logging.config.file=C:\Users\saksh\Desktop\InventoryManagementSystem\apache-tomcat-10.1.43\conf\logging.properties
13-Jul-2025 19:58:28.531 INFO [main] org.apache.catalina.startup.VersionLoggerListener.log Command line argument: -Djava.util.logging.manager=org.apache.juli.ClassLoaderLogManager
13-Jul-2025 19:58:28.532 INFO [main] org.apache.catalina.startup.VersionLoggerListener.log Command line argument: -javaagent:C:\Program Files\JetBrains\IntelliJ IDEA Community Edition 2024.3.4.1\lib\idea_rt.jar=52314
13-Jul-2025 19:58:28.532 INFO [main] org.apache.catalina.startup.VersionLoggerListener.log Command line argument: -Dfile.encoding=UTF-8
13-Jul-2025 19:58:28.587 INFO [main] org.apache.catalina.core.AprLifecycleListener.lifecycleEvent The Apache Tomcat Native library which allows using OpenSSL was not found on the java.library.path: [C:\Program Files\Java\jdk-11\bin;C:\WINDOWS\Sun\Java\bin;C:\WINDOWS\system32;C:\WINDOWS;C:\Program Files\Eclipse Adoptium\jdk-11.0.27.6-hotspot\bin;C:\Program Files\Eclipse Adoptium\jre-17.0.15.6-hotspot\bin;C:\Program Files\Common Files\Oracle\Java\javapath;C:\Program Files (x86)\Common Files\Oracle\Java\java8path;C:\Program Files (x86)\Common Files\Oracle\Java\javapath;C:\Program Files\Java\jdk1.8.0_202

\bin;C:\Program Files\Java\jre1.8.0_431\bin;C:\Python312\Scripts\;C:\Python312\;C:\Python311\Scripts\;C:\Python311\;C:\WINDOWS\system32;C:\WINDOWS;C:\WINDOWS\System32\Wbem;C:\WINDOWS\System32\WindowsPowerShell\v1.0\;C:\WINDOWS\System32\OpenSSH\;C:\Program Files\dotnet\;C:\Users\saksh\Downloads;C:\Users\saksh\Downloads\ForwardNotifier-master\ForwardNotifier-master\ForwardNotifier Client Tools\Windows SSH Client tool;C:\Users\saksh\Downloads\app files\ForwardNotifier-master\ForwardNotifier-master\ForwardNotifier Client Tools\Windows SSH Client tool;C:\ProgramData\chocolatey\bin;C:\Android;C:\Windows\System32;C:\WINDOWS\system32;C:\WINDOWS;C:\WINDOWS\System32\Wbem;C:\WINDOWS\System32\WindowsPowerShell\v1.0\;C:\WINDOWS\System32\OpenSSH\;C:\Program Files\Calibre2\;C:\Program Files\nodejs\;C:\Program Files\HP\HP One Agent;C:\flutter;C:\Program Files\MySQL\MySQL Server 8.0\bin;C:\Program Files\Git\cmd;C:\Program Files\Git\cmd;C:\Windows\System32;C:\Windows;C:\Users\saksh\AppData\Local\Android\sdk\cmdline-tools\latest\bin;C:\Users\saksh\AppData\Local\Android\sdk\cmdline-tools\bin;C:\Users\saksh\Desktop\InventoryManagementSystem\apache-maven-3.9.10\bin;C:\Users\saksh\Desktop\InventoryManagementSystem\apache-maven-3.9.10\bin;C:\Program Files\MySQL\MySQL Shell 8.0\bin\;C:\Program Files\platform-tools;C:\Users\saksh\AppData\Local\Microsoft\WindowsApps;C:\Users\saksh\.dotnet\tools;C:\Program Files\JetBrains\PyCharm Community Edition 2022.1.2\bin;C:\Users\saksh\AppData\Local\spicetify;C:\Users\saksh\.dotnet\tools;C:\MinGW\bin;C:\Users\saksh\AppData\Local\Microsoft\WindowsApps;C:\Users\saksh\AppData\Roaming\npm;C:\flutter\bin;C:\Program Files\JetBrains\PyCharm Community Edition 2024.1.4\bin;C:\Users\saksh\AppData\Local\GitHubDesktop\bin;C:\Users\saksh\AppData\Roaming\Python\Python312\Scripts;C:\Program Files\Java\jdk-23\bin;C:\Users\saksh\AppData\Local\Programs\Ollama;C:\Users\saksh\AppData\Local\Programs\Microsoft VS Code\bin;C:\Program Files\Git\cmd;C:\flutter\bin;C:\Users\saksh\AppData\Roaming\npm;C:\Users\saksh\Desktop\InventoryManagementSystem\apache-maven-3.9.10\bin;C:\Program Files\Eclipse Adoptium\jdk-11.0.27.6-hotspot\bin;;.]
13-Jul-2025 19:58:29.327 INFO [main] org.apache.coyote.AbstractProtocol.init Initializing ProtocolHandler ["http-nio-8080"]
13-Jul-2025 19:58:29.374 INFO [main] org.apache.catalina.startup.Catalina.load Server initialization in [1497] milliseconds
13-Jul-2025 19:58:29.508 INFO [main] org.apache.catalina.core.StandardService.startInternal Starting service [Catalina]
13-Jul-2025 19:58:29.509 INFO [main] org.apache.catalina.core.StandardEngine.startInternal Starting Servlet engine: [Apache Tomcat/10.1.43]
13-Jul-2025 19:58:29.542 INFO [main] org.apache.catalina.startup.HostConfig.deployDescriptor Deploying deployment descriptor [C:\Users\saksh\Desktop\InventoryManagementSystem\apache-tomcat-10.1.43\conf\Catalina\localhost\InventoryManagementSystem#index.html.xml]
13-Jul-2025 19:58:29.710 WARNING [main] org.apache.catalina.webresources.DirResourceSet.initInternal Disabled the global canonical file name cache to protect against CVE-2024-56337 when starting the WebResourceSet at [C:\Users\saksh\Desktop\InventoryManagementSystem\target\classes] which is part of the web application [/InventoryManagementSystem/index.html]
13-Jul-2025 19:58:32.658 INFO [main] org.apache.jasper.servlet.TldScanner.scanJars At least one JAR was scanned for TLDs yet contained no TLDs. Enable debug logging for this logger for a complete list of JARs that were scanned but no TLDs were found in them. Skipping unneeded JARs during scanning can improve startup time and JSP compilation time.
13-Jul-2025 19:58:33.171 WARNING [main] org.apache.catalina.util.SessionIdGeneratorBase.createSecureRandom Creation of SecureRandom instance for session ID generation using [SHA1PRNG] took [369] milliseconds.
13-Jul-2025 19:58:33.222 INFO [main] org.apache.catalina.startup.HostConfig.deployDescriptor Deployment of deployment descriptor [C:\Users\saksh\Desktop\InventoryManagementSystem\apache-tomcat-10.1.43\conf\Catalina\localhost\InventoryManagementSystem#index.html.xml] has finished in [3,681] ms
13-Jul-2025 19:58:33.223 INFO [main] org.apache.catalina.startup.HostConfig.deployDirectory Deploying web application directory [C:\Users\saksh\Desktop\InventoryManagementSystem\apache-tomcat-10.1.43\webapps\docs]
13-Jul-2025 19:58:33.881 INFO [main] org.apache.jasper.servlet.TldScanner.scanJars At least one JAR was scanned for TLDs yet contained no TLDs. Enable debug logging for this logger for a complete list of JARs that were scanned but no TLDs were found in them. Skipping unneeded JARs during scanning can improve startup time and JSP compilation time.
13-Jul-2025 19:58:33.889 INFO [main] org.apache.catalina.startup.HostConfig.deployDirectory Deployment of web application directory [C:\Users\saksh\Desktop\InventoryManagementSystem\apache-tomcat-10.1.43\webapps\docs] has finished in [665] ms
13-Jul-2025 19:58:33.889 INFO [main] org.apache.catalina.startup.HostConfig.deployDirectory Deploying web application directory [C:\Users\saksh\Desktop\InventoryManagementSystem\apache-tomcat-10.1.43\webapps\examples]
13-Jul-2025 19:58:35.145 INFO [main] org.apache.jasper.servlet.TldScanner.scanJars At least one JAR was scanned for TLDs yet contained no TLDs. Enable debug logging for this logger for a complete list of JARs that were scanned but no TLDs were found in them. Skipping unneeded JARs during scanning can improve startup time and JSP compilation time.
13-Jul-2025 19:58:35.243 INFO [main] org.apache.catalina.startup.HostConfig.deployDirectory Deployment of web application directory [C:\Users\saksh\Desktop\InventoryManagementSystem\apache-tomcat-10.1.43\webapps\examples] has finished in [1,354] ms
13-Jul-2025 19:58:35.245 INFO [main] org.apache.catalina.startup.HostConfig.deployDirectory Deploying web application directory [C:\Users\saksh\Desktop\InventoryManagementSystem\apache-tomcat-10.1.43\webapps\host-manager]
13-Jul-2025 19:58:35.809 INFO [main] org.apache.jasper.servlet.TldScanner.scanJars At least one JAR was scanned for TLDs yet contained no TLDs. Enable debug logging for this logger for a complete list of JARs that were scanned but no TLDs were found in them. Skipping unneeded JARs during scanning can improve startup time and JSP compilation time.
13-Jul-2025 19:58:35.825 INFO [main] org.apache.catalina.startup.HostConfig.deployDirectory Deployment of web application directory [C:\Users\saksh\Desktop\InventoryManagementSystem\apache-tomcat-10.1.43\webapps\host-manager] has finished in [580] ms
13-Jul-2025 19:58:35.826 INFO [main] org.apache.catalina.startup.HostConfig.deployDirectory Deploying web application directory [C:\Users\saksh\Desktop\InventoryManagementSystem\apache-tomcat-10.1.43\webapps\InventoryManagementSystem]
13-Jul-2025 19:58:35.904 SEVERE [main] org.apache.catalina.startup.HostConfig.deployDirectory Error deploying web application directory [C:\Users\saksh\Desktop\InventoryManagementSystem\apache-tomcat-10.1.43\webapps\InventoryManagementSystem]
	java.lang.IllegalStateException: Error starting child
		at org.apache.catalina.core.ContainerBase.addChildInternal(ContainerBase.java:602)
		at org.apache.catalina.core.ContainerBase.addChild(ContainerBase.java:571)
		at org.apache.catalina.core.StandardHost.addChild(StandardHost.java:654)
		at org.apache.catalina.startup.HostConfig.deployDirectory(HostConfig.java:1126)
		at org.apache.catalina.startup.HostConfig$DeployDirectory.run(HostConfig.java:1925)
		at java.base/java.util.concurrent.Executors$RunnableAdapter.call(Executors.java:515)
		at java.base/java.util.concurrent.FutureTask.run(FutureTask.java:264)
		at org.apache.tomcat.util.threads.InlineExecutorService.execute(InlineExecutorService.java:75)
		at java.base/java.util.concurrent.AbstractExecutorService.submit(AbstractExecutorService.java:118)
		at org.apache.catalina.startup.HostConfig.deployDirectories(HostConfig.java:1037)
		at org.apache.catalina.startup.HostConfig.deployApps(HostConfig.java:422)
		at org.apache.catalina.startup.HostConfig.start(HostConfig.java:1621)
		at org.apache.catalina.startup.HostConfig.lifecycleEvent(HostConfig.java:303)
		at org.apache.catalina.util.LifecycleBase.fireLifecycleEvent(LifecycleBase.java:109)
		at org.apache.catalina.util.LifecycleBase.setStateInternal(LifecycleBase.java:389)
		at org.apache.catalina.util.LifecycleBase.setState(LifecycleBase.java:336)
		at org.apache.catalina.core.ContainerBase.startInternal(ContainerBase.java:776)
		at org.apache.catalina.core.StandardHost.startInternal(StandardHost.java:772)
		at org.apache.catalina.util.LifecycleBase.start(LifecycleBase.java:164)
		at org.apache.catalina.core.ContainerBase$StartChild.call(ContainerBase.java:1203)
		at org.apache.catalina.core.ContainerBase$StartChild.call(ContainerBase.java:1193)
		at java.base/java.util.concurrent.FutureTask.run(FutureTask.java:264)
		at org.apache.tomcat.util.threads.InlineExecutorService.execute(InlineExecutorService.java:75)
		at java.base/java.util.concurrent.AbstractExecutorService.submit(AbstractExecutorService.java:140)
		at org.apache.catalina.core.ContainerBase.startInternal(ContainerBase.java:749)
		at org.apache.catalina.core.StandardEngine.startInternal(StandardEngine.java:203)
		at org.apache.catalina.util.LifecycleBase.start(LifecycleBase.java:164)
		at org.apache.catalina.core.StandardService.startInternal(StandardService.java:412)
		at org.apache.catalina.util.LifecycleBase.start(LifecycleBase.java:164)
		at org.apache.catalina.core.StandardServer.startInternal(StandardServer.java:870)
		at org.apache.catalina.util.LifecycleBase.start(LifecycleBase.java:164)
		at org.apache.catalina.startup.Catalina.start(Catalina.java:761)
		at java.base/jdk.internal.reflect.NativeMethodAccessorImpl.invoke0(Native Method)
		at java.base/jdk.internal.reflect.NativeMethodAccessorImpl.invoke(NativeMethodAccessorImpl.java:62)
		at java.base/jdk.internal.reflect.DelegatingMethodAccessorImpl.invoke(DelegatingMethodAccessorImpl.java:43)
		at java.base/java.lang.reflect.Method.invoke(Method.java:566)
		at org.apache.catalina.startup.Bootstrap.start(Bootstrap.java:345)
		at org.apache.catalina.startup.Bootstrap.main(Bootstrap.java:476)
	Caused by: org.apache.catalina.LifecycleException: Failed to start component [StandardEngine[Catalina].StandardHost[localhost].StandardContext[/InventoryManagementSystem]]
		at org.apache.catalina.util.LifecycleBase.handleSubClassException(LifecycleBase.java:406)
		at org.apache.catalina.util.LifecycleBase.start(LifecycleBase.java:179)
		at org.apache.catalina.core.ContainerBase.addChildInternal(ContainerBase.java:599)
		... 37 more
	Caused by: java.lang.IllegalArgumentException: The servlets named [LoginServlet] and [com.ims.servlet.LoginServlet] are both mapped to the url-pattern [/LoginServlet] which is not permitted
		at org.apache.tomcat.util.descriptor.web.WebXml.addServletMappingDecoded(WebXml.java:415)
		at org.apache.tomcat.util.descriptor.web.WebXml.addServletMapping(WebXml.java:406)
		at org.apache.catalina.startup.ContextConfig.processAnnotationWebServlet(ContextConfig.java:2547)
		at org.apache.catalina.startup.ContextConfig.processClass(ContextConfig.java:2253)
		at org.apache.catalina.startup.ContextConfig.processAnnotationsStream(ContextConfig.java:2242)
		at org.apache.catalina.startup.ContextConfig.processAnnotationsWebResource(ContextConfig.java:2153)
		at org.apache.catalina.startup.ContextConfig.processAnnotationsWebResource(ContextConfig.java:2148)
		at org.apache.catalina.startup.ContextConfig.processAnnotationsWebResource(ContextConfig.java:2148)
		at org.apache.catalina.startup.ContextConfig.processAnnotationsWebResource(ContextConfig.java:2148)
		at org.apache.catalina.startup.ContextConfig.processClasses(ContextConfig.java:1361)
		at org.apache.catalina.startup.ContextConfig.webConfig(ContextConfig.java:1271)
		at org.apache.catalina.startup.ContextConfig.configureStart(ContextConfig.java:972)
		at org.apache.catalina.startup.ContextConfig.lifecycleEvent(ContextConfig.java:290)
		at org.apache.catalina.util.LifecycleBase.fireLifecycleEvent(LifecycleBase.java:109)
		at org.apache.catalina.core.StandardContext.startInternal(StandardContext.java:4380)
		at org.apache.catalina.util.LifecycleBase.start(LifecycleBase.java:164)
		... 38 more
13-Jul-2025 19:58:35.914 INFO [main] org.apache.catalina.startup.HostConfig.deployDirectory Deployment of web application directory [C:\Users\saksh\Desktop\InventoryManagementSystem\apache-tomcat-10.1.43\webapps\InventoryManagementSystem] has finished in [87] ms
13-Jul-2025 19:58:35.914 INFO [main] org.apache.catalina.startup.HostConfig.deployDirectory Deploying web application directory [C:\Users\saksh\Desktop\InventoryManagementSystem\apache-tomcat-10.1.43\webapps\manager]
13-Jul-2025 19:58:36.636 INFO [main] org.apache.jasper.servlet.TldScanner.scanJars At least one JAR was scanned for TLDs yet contained no TLDs. Enable debug logging for this logger for a complete list of JARs that were scanned but no TLDs were found in them. Skipping unneeded JARs during scanning can improve startup time and JSP compilation time.
13-Jul-2025 19:58:36.642 INFO [main] org.apache.catalina.startup.HostConfig.deployDirectory Deployment of web application directory [C:\Users\saksh\Desktop\InventoryManagementSystem\apache-tomcat-10.1.43\webapps\manager] has finished in [728] ms
13-Jul-2025 19:58:36.642 INFO [main] org.apache.catalina.startup.HostConfig.deployDirectory Deploying web application directory [C:\Users\saksh\Desktop\InventoryManagementSystem\apache-tomcat-10.1.43\webapps\ROOT]
13-Jul-2025 19:58:37.144 INFO [main] org.apache.jasper.servlet.TldScanner.scanJars At least one JAR was scanned for TLDs yet contained no TLDs. Enable debug logging for this logger for a complete list of JARs that were scanned but no TLDs were found in them. Skipping unneeded JARs during scanning can improve startup time and JSP compilation time.
13-Jul-2025 19:58:37.149 INFO [main] org.apache.catalina.startup.HostConfig.deployDirectory Deployment of web application directory [C:\Users\saksh\Desktop\InventoryManagementSystem\apache-tomcat-10.1.43\webapps\ROOT] has finished in [507] ms
13-Jul-2025 19:58:37.158 INFO [main] org.apache.coyote.AbstractProtocol.start Starting ProtocolHandler ["http-nio-8080"]
13-Jul-2025 19:58:37.551 INFO [main] org.apache.catalina.startup.Catalina.start Server startup in [8176] milliseconds
13-Jul-2025 20:13:00.597 INFO [Thread-1] org.apache.coyote.AbstractProtocol.pause Pausing ProtocolHandler ["http-nio-8080"]
13-Jul-2025 20:13:01.158 INFO [Thread-1] org.apache.catalina.core.StandardService.stopInternal Stopping service [Catalina]
13-Jul-2025 20:13:01.453 WARNING [Thread-1] org.apache.catalina.loader.WebappClassLoaderBase.clearReferencesJdbc The web application [InventoryManagementSystem#index.html] registered the JDBC driver [com.mysql.cj.jdbc.Driver] but failed to unregister it when the web application was stopped. To prevent a memory leak, the JDBC Driver has been forcibly unregistered.
13-Jul-2025 20:13:01.455 WARNING [Thread-1] org.apache.catalina.loader.WebappClassLoaderBase.clearReferencesThreads The web application [InventoryManagementSystem#index.html] appears to have started a thread named [mysql-cj-abandoned-connection-cleanup] but has failed to stop it. This is very likely to create a memory leak. Stack trace of thread:
 java.base@11.0.26/java.lang.Object.wait(Native Method)
 java.base@11.0.26/java.lang.ref.ReferenceQueue.remove(ReferenceQueue.java:155)
 com.mysql.cj.jdbc.AbandonedConnectionCleanupThread.run(AbandonedConnectionCleanupThread.java:91)
 java.base@11.0.26/java.util.concurrent.ThreadPoolExecutor.runWorker(ThreadPoolExecutor.java:1128)
 java.base@11.0.26/java.util.concurrent.ThreadPoolExecutor$Worker.run(ThreadPoolExecutor.java:628)
 java.base@11.0.26/java.lang.Thread.run(Thread.java:834)
13-Jul-2025 20:13:01.553 INFO [Thread-1] org.apache.coyote.AbstractProtocol.stop Stopping ProtocolHandler ["http-nio-8080"]
13-Jul-2025 20:13:01.597 INFO [Thread-1] org.apache.coyote.AbstractProtocol.destroy Destroying ProtocolHandler ["http-nio-8080"]
13-Jul-2025 20:13:08.005 INFO [main] org.apache.catalina.startup.VersionLoggerListener.log Server version name:   Apache Tomcat/10.1.43
13-Jul-2025 20:13:08.022 INFO [main] org.apache.catalina.startup.VersionLoggerListener.log Server built:          Jul 1 2025 21:30:20 UTC
13-Jul-2025 20:13:08.023 INFO [main] org.apache.catalina.startup.VersionLoggerListener.log Server version number: 10.1.43.0
13-Jul-2025 20:13:08.024 INFO [main] org.apache.catalina.startup.VersionLoggerListener.log OS Name:               Windows 11
13-Jul-2025 20:13:08.024 INFO [main] org.apache.catalina.startup.VersionLoggerListener.log OS Version:            10.0
13-Jul-2025 20:13:08.025 INFO [main] org.apache.catalina.startup.VersionLoggerListener.log Architecture:          amd64
13-Jul-2025 20:13:08.026 INFO [main] org.apache.catalina.startup.VersionLoggerListener.log Java Home:             C:\Program Files\Java\jdk-11
13-Jul-2025 20:13:08.026 INFO [main] org.apache.catalina.startup.VersionLoggerListener.log JVM Version:           11.0.26+7-LTS-187
13-Jul-2025 20:13:08.027 INFO [main] org.apache.catalina.startup.VersionLoggerListener.log JVM Vendor:            Oracle Corporation
13-Jul-2025 20:13:08.027 INFO [main] org.apache.catalina.startup.VersionLoggerListener.log CATALINA_BASE:         C:\Users\saksh\Desktop\InventoryManagementSystem\apache-tomcat-10.1.43
13-Jul-2025 20:13:08.028 INFO [main] org.apache.catalina.startup.VersionLoggerListener.log CATALINA_HOME:         C:\Users\saksh\Desktop\InventoryManagementSystem\apache-tomcat-10.1.43
13-Jul-2025 20:13:08.078 INFO [main] org.apache.catalina.startup.VersionLoggerListener.log Command line argument: --add-opens=java.base/java.lang=ALL-UNNAMED
13-Jul-2025 20:13:08.078 INFO [main] org.apache.catalina.startup.VersionLoggerListener.log Command line argument: --add-opens=java.base/java.io=ALL-UNNAMED
13-Jul-2025 20:13:08.080 INFO [main] org.apache.catalina.startup.VersionLoggerListener.log Command line argument: --add-opens=java.base/java.util=ALL-UNNAMED
13-Jul-2025 20:13:08.080 INFO [main] org.apache.catalina.startup.VersionLoggerListener.log Command line argument: --add-opens=java.base/java.util.concurrent=ALL-UNNAMED
13-Jul-2025 20:13:08.080 INFO [main] org.apache.catalina.startup.VersionLoggerListener.log Command line argument: --add-opens=java.rmi/sun.rmi.transport=ALL-UNNAMED
13-Jul-2025 20:13:08.080 INFO [main] org.apache.catalina.startup.VersionLoggerListener.log Command line argument: -Dcatalina.home=C:\Users\saksh\Desktop\InventoryManagementSystem\apache-tomcat-10.1.43
13-Jul-2025 20:13:08.080 INFO [main] org.apache.catalina.startup.VersionLoggerListener.log Command line argument: -Dcatalina.base=C:\Users\saksh\Desktop\InventoryManagementSystem\apache-tomcat-10.1.43
13-Jul-2025 20:13:08.081 INFO [main] org.apache.catalina.startup.VersionLoggerListener.log Command line argument: -Djava.io.tmpdir=C:\Users\saksh\Desktop\InventoryManagementSystem\apache-tomcat-10.1.43\temp
13-Jul-2025 20:13:08.081 INFO [main] org.apache.catalina.startup.VersionLoggerListener.log Command line argument: -Djava.util.logging.config.file=C:\Users\saksh\Desktop\InventoryManagementSystem\apache-tomcat-10.1.43\conf\logging.properties
13-Jul-2025 20:13:08.081 INFO [main] org.apache.catalina.startup.VersionLoggerListener.log Command line argument: -Djava.util.logging.manager=org.apache.juli.ClassLoaderLogManager
13-Jul-2025 20:13:08.082 INFO [main] org.apache.catalina.startup.VersionLoggerListener.log Command line argument: -javaagent:C:\Program Files\JetBrains\IntelliJ IDEA Community Edition 2024.3.4.1\lib\idea_rt.jar=52666
13-Jul-2025 20:13:08.082 INFO [main] org.apache.catalina.startup.VersionLoggerListener.log Command line argument: -Dfile.encoding=UTF-8
13-Jul-2025 20:13:08.163 INFO [main] org.apache.catalina.core.AprLifecycleListener.lifecycleEvent The Apache Tomcat Native library which allows using OpenSSL was not found on the java.library.path: [C:\Program Files\Java\jdk-11\bin;C:\WINDOWS\Sun\Java\bin;C:\WINDOWS\system32;C:\WINDOWS;C:\Program Files\Eclipse Adoptium\jdk-11.0.27.6-hotspot\bin;C:\Program Files\Eclipse Adoptium\jre-17.0.15.6-hotspot\bin;C:\Program Files\Common Files\Oracle\Java\javapath;C:\Program Files (x86)\Common Files\Oracle\Java\java8path;C:\Program Files (x86)\Common Files\Oracle\Java\javapath;C:\Program Files\Java\jdk1.8.0_202

\bin;C:\Program Files\Java\jre1.8.0_431\bin;C:\Python312\Scripts\;C:\Python312\;C:\Python311\Scripts\;C:\Python311\;C:\WINDOWS\system32;C:\WINDOWS;C:\WINDOWS\System32\Wbem;C:\WINDOWS\System32\WindowsPowerShell\v1.0\;C:\WINDOWS\System32\OpenSSH\;C:\Program Files\dotnet\;C:\Users\saksh\Downloads;C:\Users\saksh\Downloads\ForwardNotifier-master\ForwardNotifier-master\ForwardNotifier Client Tools\Windows SSH Client tool;C:\Users\saksh\Downloads\app files\ForwardNotifier-master\ForwardNotifier-master\ForwardNotifier Client Tools\Windows SSH Client tool;C:\ProgramData\chocolatey\bin;C:\Android;C:\Windows\System32;C:\WINDOWS\system32;C:\WINDOWS;C:\WINDOWS\System32\Wbem;C:\WINDOWS\System32\WindowsPowerShell\v1.0\;C:\WINDOWS\System32\OpenSSH\;C:\Program Files\Calibre2\;C:\Program Files\nodejs\;C:\Program Files\HP\HP One Agent;C:\flutter;C:\Program Files\MySQL\MySQL Server 8.0\bin;C:\Program Files\Git\cmd;C:\Program Files\Git\cmd;C:\Windows\System32;C:\Windows;C:\Users\saksh\AppData\Local\Android\sdk\cmdline-tools\latest\bin;C:\Users\saksh\AppData\Local\Android\sdk\cmdline-tools\bin;C:\Users\saksh\Desktop\InventoryManagementSystem\apache-maven-3.9.10\bin;C:\Users\saksh\Desktop\InventoryManagementSystem\apache-maven-3.9.10\bin;C:\Program Files\MySQL\MySQL Shell 8.0\bin\;C:\Program Files\platform-tools;C:\Users\saksh\AppData\Local\Microsoft\WindowsApps;C:\Users\saksh\.dotnet\tools;C:\Program Files\JetBrains\PyCharm Community Edition 2022.1.2\bin;C:\Users\saksh\AppData\Local\spicetify;C:\Users\saksh\.dotnet\tools;C:\MinGW\bin;C:\Users\saksh\AppData\Local\Microsoft\WindowsApps;C:\Users\saksh\AppData\Roaming\npm;C:\flutter\bin;C:\Program Files\JetBrains\PyCharm Community Edition 2024.1.4\bin;C:\Users\saksh\AppData\Local\GitHubDesktop\bin;C:\Users\saksh\AppData\Roaming\Python\Python312\Scripts;C:\Program Files\Java\jdk-23\bin;C:\Users\saksh\AppData\Local\Programs\Ollama;C:\Users\saksh\AppData\Local\Programs\Microsoft VS Code\bin;C:\Program Files\Git\cmd;C:\flutter\bin;C:\Users\saksh\AppData\Roaming\npm;C:\Users\saksh\Desktop\InventoryManagementSystem\apache-maven-3.9.10\bin;C:\Program Files\Eclipse Adoptium\jdk-11.0.27.6-hotspot\bin;;.]
13-Jul-2025 20:13:08.958 INFO [main] org.apache.coyote.AbstractProtocol.init Initializing ProtocolHandler ["http-nio-8080"]
13-Jul-2025 20:13:09.020 INFO [main] org.apache.catalina.startup.Catalina.load Server initialization in [1633] milliseconds
13-Jul-2025 20:13:09.187 INFO [main] org.apache.catalina.core.StandardService.startInternal Starting service [Catalina]
13-Jul-2025 20:13:09.188 INFO [main] org.apache.catalina.core.StandardEngine.startInternal Starting Servlet engine: [Apache Tomcat/10.1.43]
13-Jul-2025 20:13:09.238 INFO [main] org.apache.catalina.startup.HostConfig.deployDescriptor Deploying deployment descriptor [C:\Users\saksh\Desktop\InventoryManagementSystem\apache-tomcat-10.1.43\conf\Catalina\localhost\InventoryManagementSystem#index.html.xml]
13-Jul-2025 20:13:09.493 WARNING [main] org.apache.catalina.webresources.DirResourceSet.initInternal Disabled the global canonical file name cache to protect against CVE-2024-56337 when starting the WebResourceSet at [C:\Users\saksh\Desktop\InventoryManagementSystem\target\classes] which is part of the web application [/InventoryManagementSystem/index.html]
13-Jul-2025 20:13:13.614 INFO [main] org.apache.jasper.servlet.TldScanner.scanJars At least one JAR was scanned for TLDs yet contained no TLDs. Enable debug logging for this logger for a complete list of JARs that were scanned but no TLDs were found in them. Skipping unneeded JARs during scanning can improve startup time and JSP compilation time.
13-Jul-2025 20:13:14.207 WARNING [main] org.apache.catalina.util.SessionIdGeneratorBase.createSecureRandom Creation of SecureRandom instance for session ID generation using [SHA1PRNG] took [422] milliseconds.
13-Jul-2025 20:13:14.263 INFO [main] org.apache.catalina.startup.HostConfig.deployDescriptor Deployment of deployment descriptor [C:\Users\saksh\Desktop\InventoryManagementSystem\apache-tomcat-10.1.43\conf\Catalina\localhost\InventoryManagementSystem#index.html.xml] has finished in [5,026] ms
13-Jul-2025 20:13:14.265 INFO [main] org.apache.catalina.startup.HostConfig.deployDirectory Deploying web application directory [C:\Users\saksh\Desktop\InventoryManagementSystem\apache-tomcat-10.1.43\webapps\docs]
13-Jul-2025 20:13:14.991 INFO [main] org.apache.jasper.servlet.TldScanner.scanJars At least one JAR was scanned for TLDs yet contained no TLDs. Enable debug logging for this logger for a complete list of JARs that were scanned but no TLDs were found in them. Skipping unneeded JARs during scanning can improve startup time and JSP compilation time.
13-Jul-2025 20:13:14.998 INFO [main] org.apache.catalina.startup.HostConfig.deployDirectory Deployment of web application directory [C:\Users\saksh\Desktop\InventoryManagementSystem\apache-tomcat-10.1.43\webapps\docs] has finished in [732] ms
13-Jul-2025 20:13:14.999 INFO [main] org.apache.catalina.startup.HostConfig.deployDirectory Deploying web application directory [C:\Users\saksh\Desktop\InventoryManagementSystem\apache-tomcat-10.1.43\webapps\examples]
13-Jul-2025 20:13:16.276 INFO [main] org.apache.jasper.servlet.TldScanner.scanJars At least one JAR was scanned for TLDs yet contained no TLDs. Enable debug logging for this logger for a complete list of JARs that were scanned but no TLDs were found in them. Skipping unneeded JARs during scanning can improve startup time and JSP compilation time.
13-Jul-2025 20:13:16.384 INFO [main] org.apache.catalina.startup.HostConfig.deployDirectory Deployment of web application directory [C:\Users\saksh\Desktop\InventoryManagementSystem\apache-tomcat-10.1.43\webapps\examples] has finished in [1,384] ms
13-Jul-2025 20:13:16.385 INFO [main] org.apache.catalina.startup.HostConfig.deployDirectory Deploying web application directory [C:\Users\saksh\Desktop\InventoryManagementSystem\apache-tomcat-10.1.43\webapps\host-manager]
13-Jul-2025 20:13:17.043 INFO [main] org.apache.jasper.servlet.TldScanner.scanJars At least one JAR was scanned for TLDs yet contained no TLDs. Enable debug logging for this logger for a complete list of JARs that were scanned but no TLDs were found in them. Skipping unneeded JARs during scanning can improve startup time and JSP compilation time.
13-Jul-2025 20:13:17.055 INFO [main] org.apache.catalina.startup.HostConfig.deployDirectory Deployment of web application directory [C:\Users\saksh\Desktop\InventoryManagementSystem\apache-tomcat-10.1.43\webapps\host-manager] has finished in [670] ms
13-Jul-2025 20:13:17.056 INFO [main] org.apache.catalina.startup.HostConfig.deployDirectory Deploying web application directory [C:\Users\saksh\Desktop\InventoryManagementSystem\apache-tomcat-10.1.43\webapps\InventoryManagementSystem]
13-Jul-2025 20:13:17.114 SEVERE [main] org.apache.catalina.startup.HostConfig.deployDirectory Error deploying web application directory [C:\Users\saksh\Desktop\InventoryManagementSystem\apache-tomcat-10.1.43\webapps\InventoryManagementSystem]
	java.lang.IllegalStateException: Error starting child
		at org.apache.catalina.core.ContainerBase.addChildInternal(ContainerBase.java:602)
		at org.apache.catalina.core.ContainerBase.addChild(ContainerBase.java:571)
		at org.apache.catalina.core.StandardHost.addChild(StandardHost.java:654)
		at org.apache.catalina.startup.HostConfig.deployDirectory(HostConfig.java:1126)
		at org.apache.catalina.startup.HostConfig$DeployDirectory.run(HostConfig.java:1925)
		at java.base/java.util.concurrent.Executors$RunnableAdapter.call(Executors.java:515)
		at java.base/java.util.concurrent.FutureTask.run(FutureTask.java:264)
		at org.apache.tomcat.util.threads.InlineExecutorService.execute(InlineExecutorService.java:75)
		at java.base/java.util.concurrent.AbstractExecutorService.submit(AbstractExecutorService.java:118)
		at org.apache.catalina.startup.HostConfig.deployDirectories(HostConfig.java:1037)
		at org.apache.catalina.startup.HostConfig.deployApps(HostConfig.java:422)
		at org.apache.catalina.startup.HostConfig.start(HostConfig.java:1621)
		at org.apache.catalina.startup.HostConfig.lifecycleEvent(HostConfig.java:303)
		at org.apache.catalina.util.LifecycleBase.fireLifecycleEvent(LifecycleBase.java:109)
		at org.apache.catalina.util.LifecycleBase.setStateInternal(LifecycleBase.java:389)
		at org.apache.catalina.util.LifecycleBase.setState(LifecycleBase.java:336)
		at org.apache.catalina.core.ContainerBase.startInternal(ContainerBase.java:776)
		at org.apache.catalina.core.StandardHost.startInternal(StandardHost.java:772)
		at org.apache.catalina.util.LifecycleBase.start(LifecycleBase.java:164)
		at org.apache.catalina.core.ContainerBase$StartChild.call(ContainerBase.java:1203)
		at org.apache.catalina.core.ContainerBase$StartChild.call(ContainerBase.java:1193)
		at java.base/java.util.concurrent.FutureTask.run(FutureTask.java:264)
		at org.apache.tomcat.util.threads.InlineExecutorService.execute(InlineExecutorService.java:75)
		at java.base/java.util.concurrent.AbstractExecutorService.submit(AbstractExecutorService.java:140)
		at org.apache.catalina.core.ContainerBase.startInternal(ContainerBase.java:749)
		at org.apache.catalina.core.StandardEngine.startInternal(StandardEngine.java:203)
		at org.apache.catalina.util.LifecycleBase.start(LifecycleBase.java:164)
		at org.apache.catalina.core.StandardService.startInternal(StandardService.java:412)
		at org.apache.catalina.util.LifecycleBase.start(LifecycleBase.java:164)
		at org.apache.catalina.core.StandardServer.startInternal(StandardServer.java:870)
		at org.apache.catalina.util.LifecycleBase.start(LifecycleBase.java:164)
		at org.apache.catalina.startup.Catalina.start(Catalina.java:761)
		at java.base/jdk.internal.reflect.NativeMethodAccessorImpl.invoke0(Native Method)
		at java.base/jdk.internal.reflect.NativeMethodAccessorImpl.invoke(NativeMethodAccessorImpl.java:62)
		at java.base/jdk.internal.reflect.DelegatingMethodAccessorImpl.invoke(DelegatingMethodAccessorImpl.java:43)
		at java.base/java.lang.reflect.Method.invoke(Method.java:566)
		at org.apache.catalina.startup.Bootstrap.start(Bootstrap.java:345)
		at org.apache.catalina.startup.Bootstrap.main(Bootstrap.java:476)
	Caused by: org.apache.catalina.LifecycleException: Failed to start component [StandardEngine[Catalina].StandardHost[localhost].StandardContext[/InventoryManagementSystem]]
		at org.apache.catalina.util.LifecycleBase.handleSubClassException(LifecycleBase.java:406)
		at org.apache.catalina.util.LifecycleBase.start(LifecycleBase.java:179)
		at org.apache.catalina.core.ContainerBase.addChildInternal(ContainerBase.java:599)
		... 37 more
	Caused by: java.lang.IllegalArgumentException: The servlets named [LoginServlet] and [com.ims.servlet.LoginServlet] are both mapped to the url-pattern [/LoginServlet] which is not permitted
		at org.apache.tomcat.util.descriptor.web.WebXml.addServletMappingDecoded(WebXml.java:415)
		at org.apache.tomcat.util.descriptor.web.WebXml.addServletMapping(WebXml.java:406)
		at org.apache.catalina.startup.ContextConfig.processAnnotationWebServlet(ContextConfig.java:2547)
		at org.apache.catalina.startup.ContextConfig.processClass(ContextConfig.java:2253)
		at org.apache.catalina.startup.ContextConfig.processAnnotationsStream(ContextConfig.java:2242)
		at org.apache.catalina.startup.ContextConfig.processAnnotationsWebResource(ContextConfig.java:2153)
		at org.apache.catalina.startup.ContextConfig.processAnnotationsWebResource(ContextConfig.java:2148)
		at org.apache.catalina.startup.ContextConfig.processAnnotationsWebResource(ContextConfig.java:2148)
		at org.apache.catalina.startup.ContextConfig.processAnnotationsWebResource(ContextConfig.java:2148)
		at org.apache.catalina.startup.ContextConfig.processClasses(ContextConfig.java:1361)
		at org.apache.catalina.startup.ContextConfig.webConfig(ContextConfig.java:1271)
		at org.apache.catalina.startup.ContextConfig.configureStart(ContextConfig.java:972)
		at org.apache.catalina.startup.ContextConfig.lifecycleEvent(ContextConfig.java:290)
		at org.apache.catalina.util.LifecycleBase.fireLifecycleEvent(LifecycleBase.java:109)
		at org.apache.catalina.core.StandardContext.startInternal(StandardContext.java:4380)
		at org.apache.catalina.util.LifecycleBase.start(LifecycleBase.java:164)
		... 38 more
13-Jul-2025 20:13:17.120 INFO [main] org.apache.catalina.startup.HostConfig.deployDirectory Deployment of web application directory [C:\Users\saksh\Desktop\InventoryManagementSystem\apache-tomcat-10.1.43\webapps\InventoryManagementSystem] has finished in [64] ms
13-Jul-2025 20:13:17.120 INFO [main] org.apache.catalina.startup.HostConfig.deployDirectory Deploying web application directory [C:\Users\saksh\Desktop\InventoryManagementSystem\apache-tomcat-10.1.43\webapps\manager]
13-Jul-2025 20:13:17.832 INFO [main] org.apache.jasper.servlet.TldScanner.scanJars At least one JAR was scanned for TLDs yet contained no TLDs. Enable debug logging for this logger for a complete list of JARs that were scanned but no TLDs were found in them. Skipping unneeded JARs during scanning can improve startup time and JSP compilation time.
13-Jul-2025 20:13:17.837 INFO [main] org.apache.catalina.startup.HostConfig.deployDirectory Deployment of web application directory [C:\Users\saksh\Desktop\InventoryManagementSystem\apache-tomcat-10.1.43\webapps\manager] has finished in [717] ms
13-Jul-2025 20:13:17.838 INFO [main] org.apache.catalina.startup.HostConfig.deployDirectory Deploying web application directory [C:\Users\saksh\Desktop\InventoryManagementSystem\apache-tomcat-10.1.43\webapps\ROOT]
13-Jul-2025 20:13:18.606 INFO [main] org.apache.jasper.servlet.TldScanner.scanJars At least one JAR was scanned for TLDs yet contained no TLDs. Enable debug logging for this logger for a complete list of JARs that were scanned but no TLDs were found in them. Skipping unneeded JARs during scanning can improve startup time and JSP compilation time.
13-Jul-2025 20:13:18.611 INFO [main] org.apache.catalina.startup.HostConfig.deployDirectory Deployment of web application directory [C:\Users\saksh\Desktop\InventoryManagementSystem\apache-tomcat-10.1.43\webapps\ROOT] has finished in [773] ms
13-Jul-2025 20:13:18.621 INFO [main] org.apache.coyote.AbstractProtocol.start Starting ProtocolHandler ["http-nio-8080"]
13-Jul-2025 20:13:19.021 INFO [main] org.apache.catalina.startup.Catalina.start Server startup in [9999] milliseconds
13-Jul-2025 20:18:06.149 INFO [Thread-1] org.apache.coyote.AbstractProtocol.pause Pausing ProtocolHandler ["http-nio-8080"]
13-Jul-2025 20:18:06.581 INFO [Thread-1] org.apache.catalina.core.StandardService.stopInternal Stopping service [Catalina]
13-Jul-2025 20:18:06.727 WARNING [Thread-1] org.apache.catalina.loader.WebappClassLoaderBase.clearReferencesJdbc The web application [InventoryManagementSystem#index.html] registered the JDBC driver [com.mysql.cj.jdbc.Driver] but failed to unregister it when the web application was stopped. To prevent a memory leak, the JDBC Driver has been forcibly unregistered.
13-Jul-2025 20:18:06.728 WARNING [Thread-1] org.apache.catalina.loader.WebappClassLoaderBase.clearReferencesThreads The web application [InventoryManagementSystem#index.html] appears to have started a thread named [mysql-cj-abandoned-connection-cleanup] but has failed to stop it. This is very likely to create a memory leak. Stack trace of thread:
 java.base@11.0.26/java.lang.Object.wait(Native Method)
 java.base@11.0.26/java.lang.ref.ReferenceQueue.remove(ReferenceQueue.java:155)
 com.mysql.cj.jdbc.AbandonedConnectionCleanupThread.run(AbandonedConnectionCleanupThread.java:91)
 java.base@11.0.26/java.util.concurrent.ThreadPoolExecutor.runWorker(ThreadPoolExecutor.java:1128)
 java.base@11.0.26/java.util.concurrent.ThreadPoolExecutor$Worker.run(ThreadPoolExecutor.java:628)
 java.base@11.0.26/java.lang.Thread.run(Thread.java:834)
13-Jul-2025 20:18:06.851 INFO [Thread-1] org.apache.coyote.AbstractProtocol.stop Stopping ProtocolHandler ["http-nio-8080"]
13-Jul-2025 20:18:06.896 INFO [Thread-1] org.apache.coyote.AbstractProtocol.destroy Destroying ProtocolHandler ["http-nio-8080"]
13-Jul-2025 20:18:12.081 INFO [main] org.apache.catalina.startup.VersionLoggerListener.log Server version name:   Apache Tomcat/10.1.43
13-Jul-2025 20:18:12.092 INFO [main] org.apache.catalina.startup.VersionLoggerListener.log Server built:          Jul 1 2025 21:30:20 UTC
13-Jul-2025 20:18:12.093 INFO [main] org.apache.catalina.startup.VersionLoggerListener.log Server version number: 10.1.43.0
13-Jul-2025 20:18:12.093 INFO [main] org.apache.catalina.startup.VersionLoggerListener.log OS Name:               Windows 11
13-Jul-2025 20:18:12.093 INFO [main] org.apache.catalina.startup.VersionLoggerListener.log OS Version:            10.0
13-Jul-2025 20:18:12.093 INFO [main] org.apache.catalina.startup.VersionLoggerListener.log Architecture:          amd64
13-Jul-2025 20:18:12.093 INFO [main] org.apache.catalina.startup.VersionLoggerListener.log Java Home:             C:\Program Files\Java\jdk-11
13-Jul-2025 20:18:12.093 INFO [main] org.apache.catalina.startup.VersionLoggerListener.log JVM Version:           11.0.26+7-LTS-187
13-Jul-2025 20:18:12.094 INFO [main] org.apache.catalina.startup.VersionLoggerListener.log JVM Vendor:            Oracle Corporation
13-Jul-2025 20:18:12.094 INFO [main] org.apache.catalina.startup.VersionLoggerListener.log CATALINA_BASE:         C:\Users\saksh\Desktop\InventoryManagementSystem\apache-tomcat-10.1.43
13-Jul-2025 20:18:12.094 INFO [main] org.apache.catalina.startup.VersionLoggerListener.log CATALINA_HOME:         C:\Users\saksh\Desktop\InventoryManagementSystem\apache-tomcat-10.1.43
13-Jul-2025 20:18:12.136 INFO [main] org.apache.catalina.startup.VersionLoggerListener.log Command line argument: --add-opens=java.base/java.lang=ALL-UNNAMED
13-Jul-2025 20:18:12.136 INFO [main] org.apache.catalina.startup.VersionLoggerListener.log Command line argument: --add-opens=java.base/java.io=ALL-UNNAMED
13-Jul-2025 20:18:12.136 INFO [main] org.apache.catalina.startup.VersionLoggerListener.log Command line argument: --add-opens=java.base/java.util=ALL-UNNAMED
13-Jul-2025 20:18:12.136 INFO [main] org.apache.catalina.startup.VersionLoggerListener.log Command line argument: --add-opens=java.base/java.util.concurrent=ALL-UNNAMED
13-Jul-2025 20:18:12.137 INFO [main] org.apache.catalina.startup.VersionLoggerListener.log Command line argument: --add-opens=java.rmi/sun.rmi.transport=ALL-UNNAMED
13-Jul-2025 20:18:12.137 INFO [main] org.apache.catalina.startup.VersionLoggerListener.log Command line argument: -Dcatalina.home=C:\Users\saksh\Desktop\InventoryManagementSystem\apache-tomcat-10.1.43
13-Jul-2025 20:18:12.138 INFO [main] org.apache.catalina.startup.VersionLoggerListener.log Command line argument: -Dcatalina.base=C:\Users\saksh\Desktop\InventoryManagementSystem\apache-tomcat-10.1.43
13-Jul-2025 20:18:12.138 INFO [main] org.apache.catalina.startup.VersionLoggerListener.log Command line argument: -Djava.io.tmpdir=C:\Users\saksh\Desktop\InventoryManagementSystem\apache-tomcat-10.1.43\temp
13-Jul-2025 20:18:12.138 INFO [main] org.apache.catalina.startup.VersionLoggerListener.log Command line argument: -Djava.util.logging.config.file=C:\Users\saksh\Desktop\InventoryManagementSystem\apache-tomcat-10.1.43\conf\logging.properties
13-Jul-2025 20:18:12.138 INFO [main] org.apache.catalina.startup.VersionLoggerListener.log Command line argument: -Djava.util.logging.manager=org.apache.juli.ClassLoaderLogManager
13-Jul-2025 20:18:12.139 INFO [main] org.apache.catalina.startup.VersionLoggerListener.log Command line argument: -javaagent:C:\Program Files\JetBrains\IntelliJ IDEA Community Edition 2024.3.4.1\lib\idea_rt.jar=52736
13-Jul-2025 20:18:12.139 INFO [main] org.apache.catalina.startup.VersionLoggerListener.log Command line argument: -Dfile.encoding=UTF-8
13-Jul-2025 20:18:12.195 INFO [main] org.apache.catalina.core.AprLifecycleListener.lifecycleEvent The Apache Tomcat Native library which allows using OpenSSL was not found on the java.library.path: [C:\Program Files\Java\jdk-11\bin;C:\WINDOWS\Sun\Java\bin;C:\WINDOWS\system32;C:\WINDOWS;C:\Program Files\Eclipse Adoptium\jdk-11.0.27.6-hotspot\bin;C:\Program Files\Eclipse Adoptium\jre-17.0.15.6-hotspot\bin;C:\Program Files\Common Files\Oracle\Java\javapath;C:\Program Files (x86)\Common Files\Oracle\Java\java8path;C:\Program Files (x86)\Common Files\Oracle\Java\javapath;C:\Program Files\Java\jdk1.8.0_202

\bin;C:\Program Files\Java\jre1.8.0_431\bin;C:\Python312\Scripts\;C:\Python312\;C:\Python311\Scripts\;C:\Python311\;C:\WINDOWS\system32;C:\WINDOWS;C:\WINDOWS\System32\Wbem;C:\WINDOWS\System32\WindowsPowerShell\v1.0\;C:\WINDOWS\System32\OpenSSH\;C:\Program Files\dotnet\;C:\Users\saksh\Downloads;C:\Users\saksh\Downloads\ForwardNotifier-master\ForwardNotifier-master\ForwardNotifier Client Tools\Windows SSH Client tool;C:\Users\saksh\Downloads\app files\ForwardNotifier-master\ForwardNotifier-master\ForwardNotifier Client Tools\Windows SSH Client tool;C:\ProgramData\chocolatey\bin;C:\Android;C:\Windows\System32;C:\WINDOWS\system32;C:\WINDOWS;C:\WINDOWS\System32\Wbem;C:\WINDOWS\System32\WindowsPowerShell\v1.0\;C:\WINDOWS\System32\OpenSSH\;C:\Program Files\Calibre2\;C:\Program Files\nodejs\;C:\Program Files\HP\HP One Agent;C:\flutter;C:\Program Files\MySQL\MySQL Server 8.0\bin;C:\Program Files\Git\cmd;C:\Program Files\Git\cmd;C:\Windows\System32;C:\Windows;C:\Users\saksh\AppData\Local\Android\sdk\cmdline-tools\latest\bin;C:\Users\saksh\AppData\Local\Android\sdk\cmdline-tools\bin;C:\Users\saksh\Desktop\InventoryManagementSystem\apache-maven-3.9.10\bin;C:\Users\saksh\Desktop\InventoryManagementSystem\apache-maven-3.9.10\bin;C:\Program Files\MySQL\MySQL Shell 8.0\bin\;C:\Program Files\platform-tools;C:\Users\saksh\AppData\Local\Microsoft\WindowsApps;C:\Users\saksh\.dotnet\tools;C:\Program Files\JetBrains\PyCharm Community Edition 2022.1.2\bin;C:\Users\saksh\AppData\Local\spicetify;C:\Users\saksh\.dotnet\tools;C:\MinGW\bin;C:\Users\saksh\AppData\Local\Microsoft\WindowsApps;C:\Users\saksh\AppData\Roaming\npm;C:\flutter\bin;C:\Program Files\JetBrains\PyCharm Community Edition 2024.1.4\bin;C:\Users\saksh\AppData\Local\GitHubDesktop\bin;C:\Users\saksh\AppData\Roaming\Python\Python312\Scripts;C:\Program Files\Java\jdk-23\bin;C:\Users\saksh\AppData\Local\Programs\Ollama;C:\Users\saksh\AppData\Local\Programs\Microsoft VS Code\bin;C:\Program Files\Git\cmd;C:\flutter\bin;C:\Users\saksh\AppData\Roaming\npm;C:\Users\saksh\Desktop\InventoryManagementSystem\apache-maven-3.9.10\bin;C:\Program Files\Eclipse Adoptium\jdk-11.0.27.6-hotspot\bin;;.]
13-Jul-2025 20:18:12.999 INFO [main] org.apache.coyote.AbstractProtocol.init Initializing ProtocolHandler ["http-nio-8080"]
13-Jul-2025 20:18:13.057 INFO [main] org.apache.catalina.startup.Catalina.load Server initialization in [1887] milliseconds
13-Jul-2025 20:18:13.192 INFO [main] org.apache.catalina.core.StandardService.startInternal Starting service [Catalina]
13-Jul-2025 20:18:13.193 INFO [main] org.apache.catalina.core.StandardEngine.startInternal Starting Servlet engine: [Apache Tomcat/10.1.43]
13-Jul-2025 20:18:13.241 INFO [main] org.apache.catalina.startup.HostConfig.deployDescriptor Deploying deployment descriptor [C:\Users\saksh\Desktop\InventoryManagementSystem\apache-tomcat-10.1.43\conf\Catalina\localhost\InventoryManagementSystem#index.html.xml]
13-Jul-2025 20:18:13.443 WARNING [main] org.apache.catalina.webresources.DirResourceSet.initInternal Disabled the global canonical file name cache to protect against CVE-2024-56337 when starting the WebResourceSet at [C:\Users\saksh\Desktop\InventoryManagementSystem\target\classes] which is part of the web application [/InventoryManagementSystem/index.html]
13-Jul-2025 20:18:19.075 INFO [main] org.apache.jasper.servlet.TldScanner.scanJars At least one JAR was scanned for TLDs yet contained no TLDs. Enable debug logging for this logger for a complete list of JARs that were scanned but no TLDs were found in them. Skipping unneeded JARs during scanning can improve startup time and JSP compilation time.
13-Jul-2025 20:18:19.886 WARNING [main] org.apache.catalina.util.SessionIdGeneratorBase.createSecureRandom Creation of SecureRandom instance for session ID generation using [SHA1PRNG] took [568] milliseconds.
13-Jul-2025 20:18:19.958 INFO [main] org.apache.catalina.startup.HostConfig.deployDescriptor Deployment of deployment descriptor [C:\Users\saksh\Desktop\InventoryManagementSystem\apache-tomcat-10.1.43\conf\Catalina\localhost\InventoryManagementSystem#index.html.xml] has finished in [6,717] ms
13-Jul-2025 20:18:19.960 INFO [main] org.apache.catalina.startup.HostConfig.deployDirectory Deploying web application directory [C:\Users\saksh\Desktop\InventoryManagementSystem\apache-tomcat-10.1.43\webapps\docs]
13-Jul-2025 20:18:21.223 INFO [main] org.apache.jasper.servlet.TldScanner.scanJars At least one JAR was scanned for TLDs yet contained no TLDs. Enable debug logging for this logger for a complete list of JARs that were scanned but no TLDs were found in them. Skipping unneeded JARs during scanning can improve startup time and JSP compilation time.
13-Jul-2025 20:18:21.233 INFO [main] org.apache.catalina.startup.HostConfig.deployDirectory Deployment of web application directory [C:\Users\saksh\Desktop\InventoryManagementSystem\apache-tomcat-10.1.43\webapps\docs] has finished in [1,275] ms
13-Jul-2025 20:18:21.235 INFO [main] org.apache.catalina.startup.HostConfig.deployDirectory Deploying web application directory [C:\Users\saksh\Desktop\InventoryManagementSystem\apache-tomcat-10.1.43\webapps\examples]
13-Jul-2025 20:18:22.909 INFO [main] org.apache.jasper.servlet.TldScanner.scanJars At least one JAR was scanned for TLDs yet contained no TLDs. Enable debug logging for this logger for a complete list of JARs that were scanned but no TLDs were found in them. Skipping unneeded JARs during scanning can improve startup time and JSP compilation time.
13-Jul-2025 20:18:23.034 INFO [main] org.apache.catalina.startup.HostConfig.deployDirectory Deployment of web application directory [C:\Users\saksh\Desktop\InventoryManagementSystem\apache-tomcat-10.1.43\webapps\examples] has finished in [1,799] ms
13-Jul-2025 20:18:23.035 INFO [main] org.apache.catalina.startup.HostConfig.deployDirectory Deploying web application directory [C:\Users\saksh\Desktop\InventoryManagementSystem\apache-tomcat-10.1.43\webapps\host-manager]
13-Jul-2025 20:18:23.775 INFO [main] org.apache.jasper.servlet.TldScanner.scanJars At least one JAR was scanned for TLDs yet contained no TLDs. Enable debug logging for this logger for a complete list of JARs that were scanned but no TLDs were found in them. Skipping unneeded JARs during scanning can improve startup time and JSP compilation time.
13-Jul-2025 20:18:23.787 INFO [main] org.apache.catalina.startup.HostConfig.deployDirectory Deployment of web application directory [C:\Users\saksh\Desktop\InventoryManagementSystem\apache-tomcat-10.1.43\webapps\host-manager] has finished in [752] ms
13-Jul-2025 20:18:23.788 INFO [main] org.apache.catalina.startup.HostConfig.deployDirectory Deploying web application directory [C:\Users\saksh\Desktop\InventoryManagementSystem\apache-tomcat-10.1.43\webapps\InventoryManagementSystem]
13-Jul-2025 20:18:23.847 SEVERE [main] org.apache.catalina.startup.HostConfig.deployDirectory Error deploying web application directory [C:\Users\saksh\Desktop\InventoryManagementSystem\apache-tomcat-10.1.43\webapps\InventoryManagementSystem]
	java.lang.IllegalStateException: Error starting child
		at org.apache.catalina.core.ContainerBase.addChildInternal(ContainerBase.java:602)
		at org.apache.catalina.core.ContainerBase.addChild(ContainerBase.java:571)
		at org.apache.catalina.core.StandardHost.addChild(StandardHost.java:654)
		at org.apache.catalina.startup.HostConfig.deployDirectory(HostConfig.java:1126)
		at org.apache.catalina.startup.HostConfig$DeployDirectory.run(HostConfig.java:1925)
		at java.base/java.util.concurrent.Executors$RunnableAdapter.call(Executors.java:515)
		at java.base/java.util.concurrent.FutureTask.run(FutureTask.java:264)
		at org.apache.tomcat.util.threads.InlineExecutorService.execute(InlineExecutorService.java:75)
		at java.base/java.util.concurrent.AbstractExecutorService.submit(AbstractExecutorService.java:118)
		at org.apache.catalina.startup.HostConfig.deployDirectories(HostConfig.java:1037)
		at org.apache.catalina.startup.HostConfig.deployApps(HostConfig.java:422)
		at org.apache.catalina.startup.HostConfig.start(HostConfig.java:1621)
		at org.apache.catalina.startup.HostConfig.lifecycleEvent(HostConfig.java:303)
		at org.apache.catalina.util.LifecycleBase.fireLifecycleEvent(LifecycleBase.java:109)
		at org.apache.catalina.util.LifecycleBase.setStateInternal(LifecycleBase.java:389)
		at org.apache.catalina.util.LifecycleBase.setState(LifecycleBase.java:336)
		at org.apache.catalina.core.ContainerBase.startInternal(ContainerBase.java:776)
		at org.apache.catalina.core.StandardHost.startInternal(StandardHost.java:772)
		at org.apache.catalina.util.LifecycleBase.start(LifecycleBase.java:164)
		at org.apache.catalina.core.ContainerBase$StartChild.call(ContainerBase.java:1203)
		at org.apache.catalina.core.ContainerBase$StartChild.call(ContainerBase.java:1193)
		at java.base/java.util.concurrent.FutureTask.run(FutureTask.java:264)
		at org.apache.tomcat.util.threads.InlineExecutorService.execute(InlineExecutorService.java:75)
		at java.base/java.util.concurrent.AbstractExecutorService.submit(AbstractExecutorService.java:140)
		at org.apache.catalina.core.ContainerBase.startInternal(ContainerBase.java:749)
		at org.apache.catalina.core.StandardEngine.startInternal(StandardEngine.java:203)
		at org.apache.catalina.util.LifecycleBase.start(LifecycleBase.java:164)
		at org.apache.catalina.core.StandardService.startInternal(StandardService.java:412)
		at org.apache.catalina.util.LifecycleBase.start(LifecycleBase.java:164)
		at org.apache.catalina.core.StandardServer.startInternal(StandardServer.java:870)
		at org.apache.catalina.util.LifecycleBase.start(LifecycleBase.java:164)
		at org.apache.catalina.startup.Catalina.start(Catalina.java:761)
		at java.base/jdk.internal.reflect.NativeMethodAccessorImpl.invoke0(Native Method)
		at java.base/jdk.internal.reflect.NativeMethodAccessorImpl.invoke(NativeMethodAccessorImpl.java:62)
		at java.base/jdk.internal.reflect.DelegatingMethodAccessorImpl.invoke(DelegatingMethodAccessorImpl.java:43)
		at java.base/java.lang.reflect.Method.invoke(Method.java:566)
		at org.apache.catalina.startup.Bootstrap.start(Bootstrap.java:345)
		at org.apache.catalina.startup.Bootstrap.main(Bootstrap.java:476)
	Caused by: org.apache.catalina.LifecycleException: Failed to start component [StandardEngine[Catalina].StandardHost[localhost].StandardContext[/InventoryManagementSystem]]
		at org.apache.catalina.util.LifecycleBase.handleSubClassException(LifecycleBase.java:406)
		at org.apache.catalina.util.LifecycleBase.start(LifecycleBase.java:179)
		at org.apache.catalina.core.ContainerBase.addChildInternal(ContainerBase.java:599)
		... 37 more
	Caused by: java.lang.IllegalArgumentException: The servlets named [LoginServlet] and [com.ims.servlet.LoginServlet] are both mapped to the url-pattern [/LoginServlet] which is not permitted
		at org.apache.tomcat.util.descriptor.web.WebXml.addServletMappingDecoded(WebXml.java:415)
		at org.apache.tomcat.util.descriptor.web.WebXml.addServletMapping(WebXml.java:406)
		at org.apache.catalina.startup.ContextConfig.processAnnotationWebServlet(ContextConfig.java:2547)
		at org.apache.catalina.startup.ContextConfig.processClass(ContextConfig.java:2253)
		at org.apache.catalina.startup.ContextConfig.processAnnotationsStream(ContextConfig.java:2242)
		at org.apache.catalina.startup.ContextConfig.processAnnotationsWebResource(ContextConfig.java:2153)
		at org.apache.catalina.startup.ContextConfig.processAnnotationsWebResource(ContextConfig.java:2148)
		at org.apache.catalina.startup.ContextConfig.processAnnotationsWebResource(ContextConfig.java:2148)
		at org.apache.catalina.startup.ContextConfig.processAnnotationsWebResource(ContextConfig.java:2148)
		at org.apache.catalina.startup.ContextConfig.processClasses(ContextConfig.java:1361)
		at org.apache.catalina.startup.ContextConfig.webConfig(ContextConfig.java:1271)
		at org.apache.catalina.startup.ContextConfig.configureStart(ContextConfig.java:972)
		at org.apache.catalina.startup.ContextConfig.lifecycleEvent(ContextConfig.java:290)
		at org.apache.catalina.util.LifecycleBase.fireLifecycleEvent(LifecycleBase.java:109)
		at org.apache.catalina.core.StandardContext.startInternal(StandardContext.java:4380)
		at org.apache.catalina.util.LifecycleBase.start(LifecycleBase.java:164)
		... 38 more
13-Jul-2025 20:18:23.853 INFO [main] org.apache.catalina.startup.HostConfig.deployDirectory Deployment of web application directory [C:\Users\saksh\Desktop\InventoryManagementSystem\apache-tomcat-10.1.43\webapps\InventoryManagementSystem] has finished in [64] ms
13-Jul-2025 20:18:23.853 INFO [main] org.apache.catalina.startup.HostConfig.deployDirectory Deploying web application directory [C:\Users\saksh\Desktop\InventoryManagementSystem\apache-tomcat-10.1.43\webapps\manager]
13-Jul-2025 20:18:24.507 INFO [main] org.apache.jasper.servlet.TldScanner.scanJars At least one JAR was scanned for TLDs yet contained no TLDs. Enable debug logging for this logger for a complete list of JARs that were scanned but no TLDs were found in them. Skipping unneeded JARs during scanning can improve startup time and JSP compilation time.
13-Jul-2025 20:18:24.511 INFO [main] org.apache.catalina.startup.HostConfig.deployDirectory Deployment of web application directory [C:\Users\saksh\Desktop\InventoryManagementSystem\apache-tomcat-10.1.43\webapps\manager] has finished in [658] ms
13-Jul-2025 20:18:24.512 INFO [main] org.apache.catalina.startup.HostConfig.deployDirectory Deploying web application directory [C:\Users\saksh\Desktop\InventoryManagementSystem\apache-tomcat-10.1.43\webapps\ROOT]
13-Jul-2025 20:18:25.113 INFO [main] org.apache.jasper.servlet.TldScanner.scanJars At least one JAR was scanned for TLDs yet contained no TLDs. Enable debug logging for this logger for a complete list of JARs that were scanned but no TLDs were found in them. Skipping unneeded JARs during scanning can improve startup time and JSP compilation time.
13-Jul-2025 20:18:25.120 INFO [main] org.apache.catalina.startup.HostConfig.deployDirectory Deployment of web application directory [C:\Users\saksh\Desktop\InventoryManagementSystem\apache-tomcat-10.1.43\webapps\ROOT] has finished in [608] ms
13-Jul-2025 20:18:25.130 INFO [main] org.apache.coyote.AbstractProtocol.start Starting ProtocolHandler ["http-nio-8080"]
13-Jul-2025 20:18:25.567 INFO [main] org.apache.catalina.startup.Catalina.start Server startup in [12508] milliseconds
