18-Jul-2025 00:05:22.863 INFO [main] org.apache.catalina.startup.VersionLoggerListener.log Server version name:   Apache Tomcat/10.1.43
18-Jul-2025 00:05:22.873 INFO [main] org.apache.catalina.startup.VersionLoggerListener.log Server built:          Jul 1 2025 21:30:20 UTC
18-Jul-2025 00:05:22.874 INFO [main] org.apache.catalina.startup.VersionLoggerListener.log Server version number: 10.1.43.0
18-Jul-2025 00:05:22.874 INFO [main] org.apache.catalina.startup.VersionLoggerListener.log OS Name:               Windows 11
18-Jul-2025 00:05:22.874 INFO [main] org.apache.catalina.startup.VersionLoggerListener.log OS Version:            10.0
18-Jul-2025 00:05:22.874 INFO [main] org.apache.catalina.startup.VersionLoggerListener.log Architecture:          amd64
18-Jul-2025 00:05:22.875 INFO [main] org.apache.catalina.startup.VersionLoggerListener.log Java Home:             C:\Program Files\Java\jdk-11
18-Jul-2025 00:05:22.875 INFO [main] org.apache.catalina.startup.VersionLoggerListener.log JVM Version:           11.0.26+7-LTS-187
18-Jul-2025 00:05:22.875 INFO [main] org.apache.catalina.startup.VersionLoggerListener.log JVM Vendor:            Oracle Corporation
18-Jul-2025 00:05:22.875 INFO [main] org.apache.catalina.startup.VersionLoggerListener.log CATALINA_BASE:         C:\Users\saksh\Desktop\InventoryManagementSystem\apache-tomcat-10.1.43
18-Jul-2025 00:05:22.875 INFO [main] org.apache.catalina.startup.VersionLoggerListener.log CATALINA_HOME:         C:\Users\saksh\Desktop\InventoryManagementSystem\apache-tomcat-10.1.43
18-Jul-2025 00:05:22.910 INFO [main] org.apache.catalina.startup.VersionLoggerListener.log Command line argument: --add-opens=java.base/java.lang=ALL-UNNAMED
18-Jul-2025 00:05:22.912 INFO [main] org.apache.catalina.startup.VersionLoggerListener.log Command line argument: --add-opens=java.base/java.io=ALL-UNNAMED
18-Jul-2025 00:05:22.912 INFO [main] org.apache.catalina.startup.VersionLoggerListener.log Command line argument: --add-opens=java.base/java.util=ALL-UNNAMED
18-Jul-2025 00:05:22.913 INFO [main] org.apache.catalina.startup.VersionLoggerListener.log Command line argument: --add-opens=java.base/java.util.concurrent=ALL-UNNAMED
18-Jul-2025 00:05:22.914 INFO [main] org.apache.catalina.startup.VersionLoggerListener.log Command line argument: --add-opens=java.rmi/sun.rmi.transport=ALL-UNNAMED
18-Jul-2025 00:05:22.914 INFO [main] org.apache.catalina.startup.VersionLoggerListener.log Command line argument: -Dcatalina.home=C:\Users\saksh\Desktop\InventoryManagementSystem\apache-tomcat-10.1.43
18-Jul-2025 00:05:22.915 INFO [main] org.apache.catalina.startup.VersionLoggerListener.log Command line argument: -Dcatalina.base=C:\Users\saksh\Desktop\InventoryManagementSystem\apache-tomcat-10.1.43
18-Jul-2025 00:05:22.916 INFO [main] org.apache.catalina.startup.VersionLoggerListener.log Command line argument: -Djava.io.tmpdir=C:\Users\saksh\Desktop\InventoryManagementSystem\apache-tomcat-10.1.43\temp
18-Jul-2025 00:05:22.916 INFO [main] org.apache.catalina.startup.VersionLoggerListener.log Command line argument: -Djava.util.logging.config.file=C:\Users\saksh\Desktop\InventoryManagementSystem\apache-tomcat-10.1.43\conf\logging.properties
18-Jul-2025 00:05:22.916 INFO [main] org.apache.catalina.startup.VersionLoggerListener.log Command line argument: -Djava.util.logging.manager=org.apache.juli.ClassLoaderLogManager
18-Jul-2025 00:05:22.916 INFO [main] org.apache.catalina.startup.VersionLoggerListener.log Command line argument: -javaagent:C:\Program Files\JetBrains\IntelliJ IDEA Community Edition 2024.3.4.1\lib\idea_rt.jar=51900
18-Jul-2025 00:05:22.916 INFO [main] org.apache.catalina.startup.VersionLoggerListener.log Command line argument: -Dfile.encoding=UTF-8
18-Jul-2025 00:05:22.966 INFO [main] org.apache.catalina.core.AprLifecycleListener.lifecycleEvent The Apache Tomcat Native library which allows using OpenSSL was not found on the java.library.path: [C:\Program Files\Java\jdk-11\bin;C:\WINDOWS\Sun\Java\bin;C:\WINDOWS\system32;C:\WINDOWS;C:\Program Files\Eclipse Adoptium\jdk-11.0.27.6-hotspot\bin;C:\Program Files\Eclipse Adoptium\jre-17.0.15.6-hotspot\bin;C:\Program Files\Common Files\Oracle\Java\javapath;C:\Program Files (x86)\Common Files\Oracle\Java\java8path;C:\Program Files (x86)\Common Files\Oracle\Java\javapath;C:\Program Files\Java\jdk1.8.0_202

\bin;C:\Program Files\Java\jre1.8.0_431\bin;C:\Python312\Scripts\;C:\Python312\;C:\Python311\Scripts\;C:\Python311\;C:\WINDOWS\system32;C:\WINDOWS;C:\WINDOWS\System32\Wbem;C:\WINDOWS\System32\WindowsPowerShell\v1.0\;C:\WINDOWS\System32\OpenSSH\;C:\Program Files\dotnet\;C:\Users\saksh\Downloads;C:\Users\saksh\Downloads\ForwardNotifier-master\ForwardNotifier-master\ForwardNotifier Client Tools\Windows SSH Client tool;C:\Users\saksh\Downloads\app files\ForwardNotifier-master\ForwardNotifier-master\ForwardNotifier Client Tools\Windows SSH Client tool;C:\ProgramData\chocolatey\bin;C:\Android;C:\Windows\System32;C:\WINDOWS\system32;C:\WINDOWS;C:\WINDOWS\System32\Wbem;C:\WINDOWS\System32\WindowsPowerShell\v1.0\;C:\WINDOWS\System32\OpenSSH\;C:\Program Files\Calibre2\;C:\Program Files\nodejs\;C:\Program Files\HP\HP One Agent;C:\flutter;C:\Program Files\MySQL\MySQL Server 8.0\bin;C:\Program Files\Git\cmd;C:\Program Files\Git\cmd;C:\Windows\System32;C:\Windows;C:\Users\saksh\AppData\Local\Android\sdk\cmdline-tools\latest\bin;C:\Users\saksh\AppData\Local\Android\sdk\cmdline-tools\bin;C:\Users\saksh\Desktop\InventoryManagementSystem\apache-maven-3.9.10\bin;C:\Users\saksh\Desktop\InventoryManagementSystem\apache-maven-3.9.10\bin;C:\Program Files\MySQL\MySQL Shell 8.0\bin\;C:\Program Files\platform-tools;C:\Users\saksh\AppData\Local\Microsoft\WindowsApps;C:\Users\saksh\.dotnet\tools;C:\Program Files\JetBrains\PyCharm Community Edition 2022.1.2\bin;C:\Users\saksh\AppData\Local\spicetify;C:\Users\saksh\.dotnet\tools;C:\MinGW\bin;C:\Users\saksh\AppData\Local\Microsoft\WindowsApps;C:\Users\saksh\AppData\Roaming\npm;C:\flutter\bin;C:\Program Files\JetBrains\PyCharm Community Edition 2024.1.4\bin;C:\Users\saksh\AppData\Local\GitHubDesktop\bin;C:\Users\saksh\AppData\Roaming\Python\Python312\Scripts;C:\Program Files\Java\jdk-23\bin;C:\Users\saksh\AppData\Local\Programs\Ollama;C:\Users\saksh\AppData\Local\Programs\Microsoft VS Code\bin;C:\Program Files\Git\cmd;C:\flutter\bin;C:\Users\saksh\AppData\Roaming\npm;C:\Users\saksh\Desktop\InventoryManagementSystem\apache-maven-3.9.10\bin;C:\Program Files\Eclipse Adoptium\jdk-11.0.27.6-hotspot\bin;;.]
18-Jul-2025 00:05:23.708 INFO [main] org.apache.coyote.AbstractProtocol.init Initializing ProtocolHandler ["http-nio-8080"]
18-Jul-2025 00:05:23.762 INFO [main] org.apache.catalina.startup.Catalina.load Server initialization in [1410] milliseconds
18-Jul-2025 00:05:23.902 INFO [main] org.apache.catalina.core.StandardService.startInternal Starting service [Catalina]
18-Jul-2025 00:05:23.902 INFO [main] org.apache.catalina.core.StandardEngine.startInternal Starting Servlet engine: [Apache Tomcat/10.1.43]
18-Jul-2025 00:05:23.938 INFO [main] org.apache.catalina.startup.HostConfig.deployDescriptor Deploying deployment descriptor [C:\Users\saksh\Desktop\InventoryManagementSystem\apache-tomcat-10.1.43\conf\Catalina\localhost\InventoryManagementSystem#index.html.xml]
18-Jul-2025 00:05:24.100 WARNING [main] org.apache.catalina.webresources.DirResourceSet.initInternal Disabled the global canonical file name cache to protect against CVE-2024-56337 when starting the WebResourceSet at [C:\Users\saksh\Desktop\InventoryManagementSystem\target\classes] which is part of the web application [/InventoryManagementSystem/index.html]
18-Jul-2025 00:05:27.112 INFO [main] org.apache.jasper.servlet.TldScanner.scanJars At least one JAR was scanned for TLDs yet contained no TLDs. Enable debug logging for this logger for a complete list of JARs that were scanned but no TLDs were found in them. Skipping unneeded JARs during scanning can improve startup time and JSP compilation time.
18-Jul-2025 00:05:27.619 WARNING [main] org.apache.catalina.util.SessionIdGeneratorBase.createSecureRandom Creation of SecureRandom instance for session ID generation using [SHA1PRNG] took [351] milliseconds.
18-Jul-2025 00:05:27.664 INFO [main] org.apache.catalina.startup.HostConfig.deployDescriptor Deployment of deployment descriptor [C:\Users\saksh\Desktop\InventoryManagementSystem\apache-tomcat-10.1.43\conf\Catalina\localhost\InventoryManagementSystem#index.html.xml] has finished in [3,726] ms
18-Jul-2025 00:05:27.665 INFO [main] org.apache.catalina.startup.HostConfig.deployDirectory Deploying web application directory [C:\Users\saksh\Desktop\InventoryManagementSystem\apache-tomcat-10.1.43\webapps\docs]
18-Jul-2025 00:05:28.341 INFO [main] org.apache.jasper.servlet.TldScanner.scanJars At least one JAR was scanned for TLDs yet contained no TLDs. Enable debug logging for this logger for a complete list of JARs that were scanned but no TLDs were found in them. Skipping unneeded JARs during scanning can improve startup time and JSP compilation time.
18-Jul-2025 00:05:28.347 INFO [main] org.apache.catalina.startup.HostConfig.deployDirectory Deployment of web application directory [C:\Users\saksh\Desktop\InventoryManagementSystem\apache-tomcat-10.1.43\webapps\docs] has finished in [682] ms
18-Jul-2025 00:05:28.348 INFO [main] org.apache.catalina.startup.HostConfig.deployDirectory Deploying web application directory [C:\Users\saksh\Desktop\InventoryManagementSystem\apache-tomcat-10.1.43\webapps\examples]
18-Jul-2025 00:05:29.642 INFO [main] org.apache.jasper.servlet.TldScanner.scanJars At least one JAR was scanned for TLDs yet contained no TLDs. Enable debug logging for this logger for a complete list of JARs that were scanned but no TLDs were found in them. Skipping unneeded JARs during scanning can improve startup time and JSP compilation time.
18-Jul-2025 00:05:29.761 INFO [main] org.apache.catalina.startup.HostConfig.deployDirectory Deployment of web application directory [C:\Users\saksh\Desktop\InventoryManagementSystem\apache-tomcat-10.1.43\webapps\examples] has finished in [1,413] ms
18-Jul-2025 00:05:29.761 INFO [main] org.apache.catalina.startup.HostConfig.deployDirectory Deploying web application directory [C:\Users\saksh\Desktop\InventoryManagementSystem\apache-tomcat-10.1.43\webapps\host-manager]
18-Jul-2025 00:05:30.420 INFO [main] org.apache.jasper.servlet.TldScanner.scanJars At least one JAR was scanned for TLDs yet contained no TLDs. Enable debug logging for this logger for a complete list of JARs that were scanned but no TLDs were found in them. Skipping unneeded JARs during scanning can improve startup time and JSP compilation time.
18-Jul-2025 00:05:30.436 INFO [main] org.apache.catalina.startup.HostConfig.deployDirectory Deployment of web application directory [C:\Users\saksh\Desktop\InventoryManagementSystem\apache-tomcat-10.1.43\webapps\host-manager] has finished in [675] ms
18-Jul-2025 00:05:30.436 INFO [main] org.apache.catalina.startup.HostConfig.deployDirectory Deploying web application directory [C:\Users\saksh\Desktop\InventoryManagementSystem\apache-tomcat-10.1.43\webapps\manager]
18-Jul-2025 00:05:30.982 INFO [main] org.apache.jasper.servlet.TldScanner.scanJars At least one JAR was scanned for TLDs yet contained no TLDs. Enable debug logging for this logger for a complete list of JARs that were scanned but no TLDs were found in them. Skipping unneeded JARs during scanning can improve startup time and JSP compilation time.
18-Jul-2025 00:05:30.988 INFO [main] org.apache.catalina.startup.HostConfig.deployDirectory Deployment of web application directory [C:\Users\saksh\Desktop\InventoryManagementSystem\apache-tomcat-10.1.43\webapps\manager] has finished in [552] ms
18-Jul-2025 00:05:30.989 INFO [main] org.apache.catalina.startup.HostConfig.deployDirectory Deploying web application directory [C:\Users\saksh\Desktop\InventoryManagementSystem\apache-tomcat-10.1.43\webapps\ROOT]
18-Jul-2025 00:05:31.493 INFO [main] org.apache.jasper.servlet.TldScanner.scanJars At least one JAR was scanned for TLDs yet contained no TLDs. Enable debug logging for this logger for a complete list of JARs that were scanned but no TLDs were found in them. Skipping unneeded JARs during scanning can improve startup time and JSP compilation time.
18-Jul-2025 00:05:31.498 INFO [main] org.apache.catalina.startup.HostConfig.deployDirectory Deployment of web application directory [C:\Users\saksh\Desktop\InventoryManagementSystem\apache-tomcat-10.1.43\webapps\ROOT] has finished in [510] ms
18-Jul-2025 00:05:31.509 INFO [main] org.apache.coyote.AbstractProtocol.start Starting ProtocolHandler ["http-nio-8080"]
18-Jul-2025 00:05:31.895 INFO [main] org.apache.catalina.startup.Catalina.start Server startup in [8132] milliseconds
18-Jul-2025 00:10:55.764 INFO [Thread-1] org.apache.coyote.AbstractProtocol.pause Pausing ProtocolHandler ["http-nio-8080"]
18-Jul-2025 00:10:56.231 INFO [Thread-1] org.apache.catalina.core.StandardService.stopInternal Stopping service [Catalina]
18-Jul-2025 00:10:56.442 WARNING [Thread-1] org.apache.catalina.loader.WebappClassLoaderBase.clearReferencesThreads The web application [InventoryManagementSystem#index.html] appears to have started a thread named [mysql-cj-abandoned-connection-cleanup] but has failed to stop it. This is very likely to create a memory leak. Stack trace of thread:
 org.apache.tomcat.util.collections.ConcurrentLruCache.contains(ConcurrentLruCache.java:49)
 org.apache.catalina.loader.WebappClassLoaderBase.findResource(WebappClassLoaderBase.java:892)
 org.apache.catalina.loader.WebappClassLoaderBase.getResource(WebappClassLoaderBase.java:1008)
 com.mysql.cj.jdbc.AbandonedConnectionCleanupThread.checkThreadContextClassLoader(AbandonedConnectionCleanupThread.java:123)
 com.mysql.cj.jdbc.AbandonedConnectionCleanupThread.run(AbandonedConnectionCleanupThread.java:90)
 java.base@11.0.26/java.util.concurrent.ThreadPoolExecutor.runWorker(ThreadPoolExecutor.java:1128)
 java.base@11.0.26/java.util.concurrent.ThreadPoolExecutor$Worker.run(ThreadPoolExecutor.java:628)
 java.base@11.0.26/java.lang.Thread.run(Thread.java:834)
18-Jul-2025 00:10:56.482 INFO [Thread-1] org.apache.coyote.AbstractProtocol.stop Stopping ProtocolHandler ["http-nio-8080"]
18-Jul-2025 00:10:56.515 INFO [Thread-1] org.apache.coyote.AbstractProtocol.destroy Destroying ProtocolHandler ["http-nio-8080"]
18-Jul-2025 00:11:05.567 INFO [main] org.apache.catalina.startup.VersionLoggerListener.log Server version name:   Apache Tomcat/10.1.43
18-Jul-2025 00:11:05.578 INFO [main] org.apache.catalina.startup.VersionLoggerListener.log Server built:          Jul 1 2025 21:30:20 UTC
18-Jul-2025 00:11:05.580 INFO [main] org.apache.catalina.startup.VersionLoggerListener.log Server version number: 10.1.43.0
18-Jul-2025 00:11:05.580 INFO [main] org.apache.catalina.startup.VersionLoggerListener.log OS Name:               Windows 11
18-Jul-2025 00:11:05.581 INFO [main] org.apache.catalina.startup.VersionLoggerListener.log OS Version:            10.0
18-Jul-2025 00:11:05.581 INFO [main] org.apache.catalina.startup.VersionLoggerListener.log Architecture:          amd64
18-Jul-2025 00:11:05.581 INFO [main] org.apache.catalina.startup.VersionLoggerListener.log Java Home:             C:\Program Files\Java\jdk-11
18-Jul-2025 00:11:05.581 INFO [main] org.apache.catalina.startup.VersionLoggerListener.log JVM Version:           11.0.26+7-LTS-187
18-Jul-2025 00:11:05.582 INFO [main] org.apache.catalina.startup.VersionLoggerListener.log JVM Vendor:            Oracle Corporation
18-Jul-2025 00:11:05.582 INFO [main] org.apache.catalina.startup.VersionLoggerListener.log CATALINA_BASE:         C:\Users\saksh\Desktop\InventoryManagementSystem\apache-tomcat-10.1.43
18-Jul-2025 00:11:05.582 INFO [main] org.apache.catalina.startup.VersionLoggerListener.log CATALINA_HOME:         C:\Users\saksh\Desktop\InventoryManagementSystem\apache-tomcat-10.1.43
18-Jul-2025 00:11:05.633 INFO [main] org.apache.catalina.startup.VersionLoggerListener.log Command line argument: --add-opens=java.base/java.lang=ALL-UNNAMED
18-Jul-2025 00:11:05.633 INFO [main] org.apache.catalina.startup.VersionLoggerListener.log Command line argument: --add-opens=java.base/java.io=ALL-UNNAMED
18-Jul-2025 00:11:05.634 INFO [main] org.apache.catalina.startup.VersionLoggerListener.log Command line argument: --add-opens=java.base/java.util=ALL-UNNAMED
18-Jul-2025 00:11:05.634 INFO [main] org.apache.catalina.startup.VersionLoggerListener.log Command line argument: --add-opens=java.base/java.util.concurrent=ALL-UNNAMED
18-Jul-2025 00:11:05.634 INFO [main] org.apache.catalina.startup.VersionLoggerListener.log Command line argument: --add-opens=java.rmi/sun.rmi.transport=ALL-UNNAMED
18-Jul-2025 00:11:05.635 INFO [main] org.apache.catalina.startup.VersionLoggerListener.log Command line argument: -Dcatalina.home=C:\Users\saksh\Desktop\InventoryManagementSystem\apache-tomcat-10.1.43
18-Jul-2025 00:11:05.635 INFO [main] org.apache.catalina.startup.VersionLoggerListener.log Command line argument: -Dcatalina.base=C:\Users\saksh\Desktop\InventoryManagementSystem\apache-tomcat-10.1.43
18-Jul-2025 00:11:05.635 INFO [main] org.apache.catalina.startup.VersionLoggerListener.log Command line argument: -Djava.io.tmpdir=C:\Users\saksh\Desktop\InventoryManagementSystem\apache-tomcat-10.1.43\temp
18-Jul-2025 00:11:05.636 INFO [main] org.apache.catalina.startup.VersionLoggerListener.log Command line argument: -Djava.util.logging.config.file=C:\Users\saksh\Desktop\InventoryManagementSystem\apache-tomcat-10.1.43\conf\logging.properties
18-Jul-2025 00:11:05.636 INFO [main] org.apache.catalina.startup.VersionLoggerListener.log Command line argument: -Djava.util.logging.manager=org.apache.juli.ClassLoaderLogManager
18-Jul-2025 00:11:05.636 INFO [main] org.apache.catalina.startup.VersionLoggerListener.log Command line argument: -javaagent:C:\Program Files\JetBrains\IntelliJ IDEA Community Edition 2024.3.4.1\lib\idea_rt.jar=51994
18-Jul-2025 00:11:05.636 INFO [main] org.apache.catalina.startup.VersionLoggerListener.log Command line argument: -Dfile.encoding=UTF-8
18-Jul-2025 00:11:05.692 INFO [main] org.apache.catalina.core.AprLifecycleListener.lifecycleEvent The Apache Tomcat Native library which allows using OpenSSL was not found on the java.library.path: [C:\Program Files\Java\jdk-11\bin;C:\WINDOWS\Sun\Java\bin;C:\WINDOWS\system32;C:\WINDOWS;C:\Program Files\Eclipse Adoptium\jdk-11.0.27.6-hotspot\bin;C:\Program Files\Eclipse Adoptium\jre-17.0.15.6-hotspot\bin;C:\Program Files\Common Files\Oracle\Java\javapath;C:\Program Files (x86)\Common Files\Oracle\Java\java8path;C:\Program Files (x86)\Common Files\Oracle\Java\javapath;C:\Program Files\Java\jdk1.8.0_202

\bin;C:\Program Files\Java\jre1.8.0_431\bin;C:\Python312\Scripts\;C:\Python312\;C:\Python311\Scripts\;C:\Python311\;C:\WINDOWS\system32;C:\WINDOWS;C:\WINDOWS\System32\Wbem;C:\WINDOWS\System32\WindowsPowerShell\v1.0\;C:\WINDOWS\System32\OpenSSH\;C:\Program Files\dotnet\;C:\Users\saksh\Downloads;C:\Users\saksh\Downloads\ForwardNotifier-master\ForwardNotifier-master\ForwardNotifier Client Tools\Windows SSH Client tool;C:\Users\saksh\Downloads\app files\ForwardNotifier-master\ForwardNotifier-master\ForwardNotifier Client Tools\Windows SSH Client tool;C:\ProgramData\chocolatey\bin;C:\Android;C:\Windows\System32;C:\WINDOWS\system32;C:\WINDOWS;C:\WINDOWS\System32\Wbem;C:\WINDOWS\System32\WindowsPowerShell\v1.0\;C:\WINDOWS\System32\OpenSSH\;C:\Program Files\Calibre2\;C:\Program Files\nodejs\;C:\Program Files\HP\HP One Agent;C:\flutter;C:\Program Files\MySQL\MySQL Server 8.0\bin;C:\Program Files\Git\cmd;C:\Program Files\Git\cmd;C:\Windows\System32;C:\Windows;C:\Users\saksh\AppData\Local\Android\sdk\cmdline-tools\latest\bin;C:\Users\saksh\AppData\Local\Android\sdk\cmdline-tools\bin;C:\Users\saksh\Desktop\InventoryManagementSystem\apache-maven-3.9.10\bin;C:\Users\saksh\Desktop\InventoryManagementSystem\apache-maven-3.9.10\bin;C:\Program Files\MySQL\MySQL Shell 8.0\bin\;C:\Program Files\platform-tools;C:\Users\saksh\AppData\Local\Microsoft\WindowsApps;C:\Users\saksh\.dotnet\tools;C:\Program Files\JetBrains\PyCharm Community Edition 2022.1.2\bin;C:\Users\saksh\AppData\Local\spicetify;C:\Users\saksh\.dotnet\tools;C:\MinGW\bin;C:\Users\saksh\AppData\Local\Microsoft\WindowsApps;C:\Users\saksh\AppData\Roaming\npm;C:\flutter\bin;C:\Program Files\JetBrains\PyCharm Community Edition 2024.1.4\bin;C:\Users\saksh\AppData\Local\GitHubDesktop\bin;C:\Users\saksh\AppData\Roaming\Python\Python312\Scripts;C:\Program Files\Java\jdk-23\bin;C:\Users\saksh\AppData\Local\Programs\Ollama;C:\Users\saksh\AppData\Local\Programs\Microsoft VS Code\bin;C:\Program Files\Git\cmd;C:\flutter\bin;C:\Users\saksh\AppData\Roaming\npm;C:\Users\saksh\Desktop\InventoryManagementSystem\apache-maven-3.9.10\bin;C:\Program Files\Eclipse Adoptium\jdk-11.0.27.6-hotspot\bin;;.]
18-Jul-2025 00:11:06.548 INFO [main] org.apache.coyote.AbstractProtocol.init Initializing ProtocolHandler ["http-nio-8080"]
18-Jul-2025 00:11:06.610 INFO [main] org.apache.catalina.startup.Catalina.load Server initialization in [1687] milliseconds
18-Jul-2025 00:11:06.778 INFO [main] org.apache.catalina.core.StandardService.startInternal Starting service [Catalina]
18-Jul-2025 00:11:06.778 INFO [main] org.apache.catalina.core.StandardEngine.startInternal Starting Servlet engine: [Apache Tomcat/10.1.43]
18-Jul-2025 00:11:06.822 INFO [main] org.apache.catalina.startup.HostConfig.deployDescriptor Deploying deployment descriptor [C:\Users\saksh\Desktop\InventoryManagementSystem\apache-tomcat-10.1.43\conf\Catalina\localhost\InventoryManagementSystem#index.html.xml]
18-Jul-2025 00:11:06.975 WARNING [main] org.apache.catalina.webresources.DirResourceSet.initInternal Disabled the global canonical file name cache to protect against CVE-2024-56337 when starting the WebResourceSet at [C:\Users\saksh\Desktop\InventoryManagementSystem\target\classes] which is part of the web application [/InventoryManagementSystem/index.html]
18-Jul-2025 00:11:10.466 INFO [main] org.apache.jasper.servlet.TldScanner.scanJars At least one JAR was scanned for TLDs yet contained no TLDs. Enable debug logging for this logger for a complete list of JARs that were scanned but no TLDs were found in them. Skipping unneeded JARs during scanning can improve startup time and JSP compilation time.
18-Jul-2025 00:11:11.063 WARNING [main] org.apache.catalina.util.SessionIdGeneratorBase.createSecureRandom Creation of SecureRandom instance for session ID generation using [SHA1PRNG] took [429] milliseconds.
18-Jul-2025 00:11:11.127 INFO [main] org.apache.catalina.startup.HostConfig.deployDescriptor Deployment of deployment descriptor [C:\Users\saksh\Desktop\InventoryManagementSystem\apache-tomcat-10.1.43\conf\Catalina\localhost\InventoryManagementSystem#index.html.xml] has finished in [4,306] ms
18-Jul-2025 00:11:11.128 INFO [main] org.apache.catalina.startup.HostConfig.deployDirectory Deploying web application directory [C:\Users\saksh\Desktop\InventoryManagementSystem\apache-tomcat-10.1.43\webapps\docs]
18-Jul-2025 00:11:11.884 INFO [main] org.apache.jasper.servlet.TldScanner.scanJars At least one JAR was scanned for TLDs yet contained no TLDs. Enable debug logging for this logger for a complete list of JARs that were scanned but no TLDs were found in them. Skipping unneeded JARs during scanning can improve startup time and JSP compilation time.
18-Jul-2025 00:11:11.891 INFO [main] org.apache.catalina.startup.HostConfig.deployDirectory Deployment of web application directory [C:\Users\saksh\Desktop\InventoryManagementSystem\apache-tomcat-10.1.43\webapps\docs] has finished in [763] ms
18-Jul-2025 00:11:11.892 INFO [main] org.apache.catalina.startup.HostConfig.deployDirectory Deploying web application directory [C:\Users\saksh\Desktop\InventoryManagementSystem\apache-tomcat-10.1.43\webapps\examples]
18-Jul-2025 00:11:13.390 INFO [main] org.apache.jasper.servlet.TldScanner.scanJars At least one JAR was scanned for TLDs yet contained no TLDs. Enable debug logging for this logger for a complete list of JARs that were scanned but no TLDs were found in them. Skipping unneeded JARs during scanning can improve startup time and JSP compilation time.
18-Jul-2025 00:11:13.526 INFO [main] org.apache.catalina.startup.HostConfig.deployDirectory Deployment of web application directory [C:\Users\saksh\Desktop\InventoryManagementSystem\apache-tomcat-10.1.43\webapps\examples] has finished in [1,634] ms
18-Jul-2025 00:11:13.527 INFO [main] org.apache.catalina.startup.HostConfig.deployDirectory Deploying web application directory [C:\Users\saksh\Desktop\InventoryManagementSystem\apache-tomcat-10.1.43\webapps\host-manager]
18-Jul-2025 00:11:14.364 INFO [main] org.apache.jasper.servlet.TldScanner.scanJars At least one JAR was scanned for TLDs yet contained no TLDs. Enable debug logging for this logger for a complete list of JARs that were scanned but no TLDs were found in them. Skipping unneeded JARs during scanning can improve startup time and JSP compilation time.
18-Jul-2025 00:11:14.387 INFO [main] org.apache.catalina.startup.HostConfig.deployDirectory Deployment of web application directory [C:\Users\saksh\Desktop\InventoryManagementSystem\apache-tomcat-10.1.43\webapps\host-manager] has finished in [860] ms
18-Jul-2025 00:11:14.388 INFO [main] org.apache.catalina.startup.HostConfig.deployDirectory Deploying web application directory [C:\Users\saksh\Desktop\InventoryManagementSystem\apache-tomcat-10.1.43\webapps\manager]
18-Jul-2025 00:11:15.048 INFO [main] org.apache.jasper.servlet.TldScanner.scanJars At least one JAR was scanned for TLDs yet contained no TLDs. Enable debug logging for this logger for a complete list of JARs that were scanned but no TLDs were found in them. Skipping unneeded JARs during scanning can improve startup time and JSP compilation time.
18-Jul-2025 00:11:15.054 INFO [main] org.apache.catalina.startup.HostConfig.deployDirectory Deployment of web application directory [C:\Users\saksh\Desktop\InventoryManagementSystem\apache-tomcat-10.1.43\webapps\manager] has finished in [666] ms
18-Jul-2025 00:11:15.056 INFO [main] org.apache.catalina.startup.HostConfig.deployDirectory Deploying web application directory [C:\Users\saksh\Desktop\InventoryManagementSystem\apache-tomcat-10.1.43\webapps\ROOT]
18-Jul-2025 00:11:15.706 INFO [main] org.apache.jasper.servlet.TldScanner.scanJars At least one JAR was scanned for TLDs yet contained no TLDs. Enable debug logging for this logger for a complete list of JARs that were scanned but no TLDs were found in them. Skipping unneeded JARs during scanning can improve startup time and JSP compilation time.
18-Jul-2025 00:11:15.711 INFO [main] org.apache.catalina.startup.HostConfig.deployDirectory Deployment of web application directory [C:\Users\saksh\Desktop\InventoryManagementSystem\apache-tomcat-10.1.43\webapps\ROOT] has finished in [655] ms
18-Jul-2025 00:11:15.722 INFO [main] org.apache.coyote.AbstractProtocol.start Starting ProtocolHandler ["http-nio-8080"]
18-Jul-2025 00:11:16.190 INFO [main] org.apache.catalina.startup.Catalina.start Server startup in [9579] milliseconds
18-Jul-2025 00:18:01.398 INFO [Thread-1] org.apache.coyote.AbstractProtocol.pause Pausing ProtocolHandler ["http-nio-8080"]
18-Jul-2025 00:18:01.809 INFO [Thread-1] org.apache.catalina.core.StandardService.stopInternal Stopping service [Catalina]
18-Jul-2025 00:18:01.951 WARNING [Thread-1] org.apache.catalina.loader.WebappClassLoaderBase.clearReferencesJdbc The web application [InventoryManagementSystem#index.html] registered the JDBC driver [com.mysql.cj.jdbc.Driver] but failed to unregister it when the web application was stopped. To prevent a memory leak, the JDBC Driver has been forcibly unregistered.
18-Jul-2025 00:18:01.954 WARNING [Thread-1] org.apache.catalina.loader.WebappClassLoaderBase.clearReferencesThreads The web application [InventoryManagementSystem#index.html] appears to have started a thread named [mysql-cj-abandoned-connection-cleanup] but has failed to stop it. This is very likely to create a memory leak. Stack trace of thread:
 java.base@11.0.26/java.lang.Object.wait(Native Method)
 java.base@11.0.26/java.lang.ref.ReferenceQueue.remove(ReferenceQueue.java:155)
 com.mysql.cj.jdbc.AbandonedConnectionCleanupThread.run(AbandonedConnectionCleanupThread.java:91)
 java.base@11.0.26/java.util.concurrent.ThreadPoolExecutor.runWorker(ThreadPoolExecutor.java:1128)
 java.base@11.0.26/java.util.concurrent.ThreadPoolExecutor$Worker.run(ThreadPoolExecutor.java:628)
 java.base@11.0.26/java.lang.Thread.run(Thread.java:834)
18-Jul-2025 00:18:01.981 INFO [Thread-1] org.apache.coyote.AbstractProtocol.stop Stopping ProtocolHandler ["http-nio-8080"]
18-Jul-2025 00:18:02.021 INFO [Thread-1] org.apache.coyote.AbstractProtocol.destroy Destroying ProtocolHandler ["http-nio-8080"]
18-Jul-2025 00:18:06.968 INFO [main] org.apache.catalina.startup.VersionLoggerListener.log Server version name:   Apache Tomcat/10.1.43
18-Jul-2025 00:18:06.979 INFO [main] org.apache.catalina.startup.VersionLoggerListener.log Server built:          Jul 1 2025 21:30:20 UTC
18-Jul-2025 00:18:06.980 INFO [main] org.apache.catalina.startup.VersionLoggerListener.log Server version number: 10.1.43.0
18-Jul-2025 00:18:06.981 INFO [main] org.apache.catalina.startup.VersionLoggerListener.log OS Name:               Windows 11
18-Jul-2025 00:18:06.981 INFO [main] org.apache.catalina.startup.VersionLoggerListener.log OS Version:            10.0
18-Jul-2025 00:18:06.981 INFO [main] org.apache.catalina.startup.VersionLoggerListener.log Architecture:          amd64
18-Jul-2025 00:18:06.981 INFO [main] org.apache.catalina.startup.VersionLoggerListener.log Java Home:             C:\Program Files\Java\jdk-11
18-Jul-2025 00:18:06.982 INFO [main] org.apache.catalina.startup.VersionLoggerListener.log JVM Version:           11.0.26+7-LTS-187
18-Jul-2025 00:18:06.982 INFO [main] org.apache.catalina.startup.VersionLoggerListener.log JVM Vendor:            Oracle Corporation
18-Jul-2025 00:18:06.982 INFO [main] org.apache.catalina.startup.VersionLoggerListener.log CATALINA_BASE:         C:\Users\saksh\Desktop\InventoryManagementSystem\apache-tomcat-10.1.43
18-Jul-2025 00:18:06.983 INFO [main] org.apache.catalina.startup.VersionLoggerListener.log CATALINA_HOME:         C:\Users\saksh\Desktop\InventoryManagementSystem\apache-tomcat-10.1.43
18-Jul-2025 00:18:07.037 INFO [main] org.apache.catalina.startup.VersionLoggerListener.log Command line argument: --add-opens=java.base/java.lang=ALL-UNNAMED
18-Jul-2025 00:18:07.038 INFO [main] org.apache.catalina.startup.VersionLoggerListener.log Command line argument: --add-opens=java.base/java.io=ALL-UNNAMED
18-Jul-2025 00:18:07.038 INFO [main] org.apache.catalina.startup.VersionLoggerListener.log Command line argument: --add-opens=java.base/java.util=ALL-UNNAMED
18-Jul-2025 00:18:07.039 INFO [main] org.apache.catalina.startup.VersionLoggerListener.log Command line argument: --add-opens=java.base/java.util.concurrent=ALL-UNNAMED
18-Jul-2025 00:18:07.039 INFO [main] org.apache.catalina.startup.VersionLoggerListener.log Command line argument: --add-opens=java.rmi/sun.rmi.transport=ALL-UNNAMED
18-Jul-2025 00:18:07.040 INFO [main] org.apache.catalina.startup.VersionLoggerListener.log Command line argument: -Dcatalina.home=C:\Users\saksh\Desktop\InventoryManagementSystem\apache-tomcat-10.1.43
18-Jul-2025 00:18:07.041 INFO [main] org.apache.catalina.startup.VersionLoggerListener.log Command line argument: -Dcatalina.base=C:\Users\saksh\Desktop\InventoryManagementSystem\apache-tomcat-10.1.43
18-Jul-2025 00:18:07.041 INFO [main] org.apache.catalina.startup.VersionLoggerListener.log Command line argument: -Djava.io.tmpdir=C:\Users\saksh\Desktop\InventoryManagementSystem\apache-tomcat-10.1.43\temp
18-Jul-2025 00:18:07.041 INFO [main] org.apache.catalina.startup.VersionLoggerListener.log Command line argument: -Djava.util.logging.config.file=C:\Users\saksh\Desktop\InventoryManagementSystem\apache-tomcat-10.1.43\conf\logging.properties
18-Jul-2025 00:18:07.041 INFO [main] org.apache.catalina.startup.VersionLoggerListener.log Command line argument: -Djava.util.logging.manager=org.apache.juli.ClassLoaderLogManager
18-Jul-2025 00:18:07.042 INFO [main] org.apache.catalina.startup.VersionLoggerListener.log Command line argument: -javaagent:C:\Program Files\JetBrains\IntelliJ IDEA Community Edition 2024.3.4.1\lib\idea_rt.jar=52100
18-Jul-2025 00:18:07.042 INFO [main] org.apache.catalina.startup.VersionLoggerListener.log Command line argument: -Dfile.encoding=UTF-8
18-Jul-2025 00:18:07.099 INFO [main] org.apache.catalina.core.AprLifecycleListener.lifecycleEvent The Apache Tomcat Native library which allows using OpenSSL was not found on the java.library.path: [C:\Program Files\Java\jdk-11\bin;C:\WINDOWS\Sun\Java\bin;C:\WINDOWS\system32;C:\WINDOWS;C:\Program Files\Eclipse Adoptium\jdk-11.0.27.6-hotspot\bin;C:\Program Files\Eclipse Adoptium\jre-17.0.15.6-hotspot\bin;C:\Program Files\Common Files\Oracle\Java\javapath;C:\Program Files (x86)\Common Files\Oracle\Java\java8path;C:\Program Files (x86)\Common Files\Oracle\Java\javapath;C:\Program Files\Java\jdk1.8.0_202

\bin;C:\Program Files\Java\jre1.8.0_431\bin;C:\Python312\Scripts\;C:\Python312\;C:\Python311\Scripts\;C:\Python311\;C:\WINDOWS\system32;C:\WINDOWS;C:\WINDOWS\System32\Wbem;C:\WINDOWS\System32\WindowsPowerShell\v1.0\;C:\WINDOWS\System32\OpenSSH\;C:\Program Files\dotnet\;C:\Users\saksh\Downloads;C:\Users\saksh\Downloads\ForwardNotifier-master\ForwardNotifier-master\ForwardNotifier Client Tools\Windows SSH Client tool;C:\Users\saksh\Downloads\app files\ForwardNotifier-master\ForwardNotifier-master\ForwardNotifier Client Tools\Windows SSH Client tool;C:\ProgramData\chocolatey\bin;C:\Android;C:\Windows\System32;C:\WINDOWS\system32;C:\WINDOWS;C:\WINDOWS\System32\Wbem;C:\WINDOWS\System32\WindowsPowerShell\v1.0\;C:\WINDOWS\System32\OpenSSH\;C:\Program Files\Calibre2\;C:\Program Files\nodejs\;C:\Program Files\HP\HP One Agent;C:\flutter;C:\Program Files\MySQL\MySQL Server 8.0\bin;C:\Program Files\Git\cmd;C:\Program Files\Git\cmd;C:\Windows\System32;C:\Windows;C:\Users\saksh\AppData\Local\Android\sdk\cmdline-tools\latest\bin;C:\Users\saksh\AppData\Local\Android\sdk\cmdline-tools\bin;C:\Users\saksh\Desktop\InventoryManagementSystem\apache-maven-3.9.10\bin;C:\Users\saksh\Desktop\InventoryManagementSystem\apache-maven-3.9.10\bin;C:\Program Files\MySQL\MySQL Shell 8.0\bin\;C:\Program Files\platform-tools;C:\Users\saksh\AppData\Local\Microsoft\WindowsApps;C:\Users\saksh\.dotnet\tools;C:\Program Files\JetBrains\PyCharm Community Edition 2022.1.2\bin;C:\Users\saksh\AppData\Local\spicetify;C:\Users\saksh\.dotnet\tools;C:\MinGW\bin;C:\Users\saksh\AppData\Local\Microsoft\WindowsApps;C:\Users\saksh\AppData\Roaming\npm;C:\flutter\bin;C:\Program Files\JetBrains\PyCharm Community Edition 2024.1.4\bin;C:\Users\saksh\AppData\Local\GitHubDesktop\bin;C:\Users\saksh\AppData\Roaming\Python\Python312\Scripts;C:\Program Files\Java\jdk-23\bin;C:\Users\saksh\AppData\Local\Programs\Ollama;C:\Users\saksh\AppData\Local\Programs\Microsoft VS Code\bin;C:\Program Files\Git\cmd;C:\flutter\bin;C:\Users\saksh\AppData\Roaming\npm;C:\Users\saksh\Desktop\InventoryManagementSystem\apache-maven-3.9.10\bin;C:\Program Files\Eclipse Adoptium\jdk-11.0.27.6-hotspot\bin;;.]
18-Jul-2025 00:18:07.963 INFO [main] org.apache.coyote.AbstractProtocol.init Initializing ProtocolHandler ["http-nio-8080"]
18-Jul-2025 00:18:08.028 INFO [main] org.apache.catalina.startup.Catalina.load Server initialization in [1581] milliseconds
18-Jul-2025 00:18:08.215 INFO [main] org.apache.catalina.core.StandardService.startInternal Starting service [Catalina]
18-Jul-2025 00:18:08.217 INFO [main] org.apache.catalina.core.StandardEngine.startInternal Starting Servlet engine: [Apache Tomcat/10.1.43]
18-Jul-2025 00:18:08.258 INFO [main] org.apache.catalina.startup.HostConfig.deployDescriptor Deploying deployment descriptor [C:\Users\saksh\Desktop\InventoryManagementSystem\apache-tomcat-10.1.43\conf\Catalina\localhost\InventoryManagementSystem#index.html.xml]
18-Jul-2025 00:18:08.390 WARNING [main] org.apache.catalina.webresources.DirResourceSet.initInternal Disabled the global canonical file name cache to protect against CVE-2024-56337 when starting the WebResourceSet at [C:\Users\saksh\Desktop\InventoryManagementSystem\target\classes] which is part of the web application [/InventoryManagementSystem/index.html]
18-Jul-2025 00:18:11.500 INFO [main] org.apache.jasper.servlet.TldScanner.scanJars At least one JAR was scanned for TLDs yet contained no TLDs. Enable debug logging for this logger for a complete list of JARs that were scanned but no TLDs were found in them. Skipping unneeded JARs during scanning can improve startup time and JSP compilation time.
18-Jul-2025 00:18:12.004 WARNING [main] org.apache.catalina.util.SessionIdGeneratorBase.createSecureRandom Creation of SecureRandom instance for session ID generation using [SHA1PRNG] took [360] milliseconds.
18-Jul-2025 00:18:12.047 INFO [main] org.apache.catalina.startup.HostConfig.deployDescriptor Deployment of deployment descriptor [C:\Users\saksh\Desktop\InventoryManagementSystem\apache-tomcat-10.1.43\conf\Catalina\localhost\InventoryManagementSystem#index.html.xml] has finished in [3,789] ms
18-Jul-2025 00:18:12.049 INFO [main] org.apache.catalina.startup.HostConfig.deployDirectory Deploying web application directory [C:\Users\saksh\Desktop\InventoryManagementSystem\apache-tomcat-10.1.43\webapps\docs]
18-Jul-2025 00:18:12.679 INFO [main] org.apache.jasper.servlet.TldScanner.scanJars At least one JAR was scanned for TLDs yet contained no TLDs. Enable debug logging for this logger for a complete list of JARs that were scanned but no TLDs were found in them. Skipping unneeded JARs during scanning can improve startup time and JSP compilation time.
18-Jul-2025 00:18:12.687 INFO [main] org.apache.catalina.startup.HostConfig.deployDirectory Deployment of web application directory [C:\Users\saksh\Desktop\InventoryManagementSystem\apache-tomcat-10.1.43\webapps\docs] has finished in [636] ms
18-Jul-2025 00:18:12.687 INFO [main] org.apache.catalina.startup.HostConfig.deployDirectory Deploying web application directory [C:\Users\saksh\Desktop\InventoryManagementSystem\apache-tomcat-10.1.43\webapps\examples]
18-Jul-2025 00:18:13.949 INFO [main] org.apache.jasper.servlet.TldScanner.scanJars At least one JAR was scanned for TLDs yet contained no TLDs. Enable debug logging for this logger for a complete list of JARs that were scanned but no TLDs were found in them. Skipping unneeded JARs during scanning can improve startup time and JSP compilation time.
18-Jul-2025 00:18:14.057 INFO [main] org.apache.catalina.startup.HostConfig.deployDirectory Deployment of web application directory [C:\Users\saksh\Desktop\InventoryManagementSystem\apache-tomcat-10.1.43\webapps\examples] has finished in [1,370] ms
18-Jul-2025 00:18:14.057 INFO [main] org.apache.catalina.startup.HostConfig.deployDirectory Deploying web application directory [C:\Users\saksh\Desktop\InventoryManagementSystem\apache-tomcat-10.1.43\webapps\host-manager]
18-Jul-2025 00:18:14.727 INFO [main] org.apache.jasper.servlet.TldScanner.scanJars At least one JAR was scanned for TLDs yet contained no TLDs. Enable debug logging for this logger for a complete list of JARs that were scanned but no TLDs were found in them. Skipping unneeded JARs during scanning can improve startup time and JSP compilation time.
18-Jul-2025 00:18:14.740 INFO [main] org.apache.catalina.startup.HostConfig.deployDirectory Deployment of web application directory [C:\Users\saksh\Desktop\InventoryManagementSystem\apache-tomcat-10.1.43\webapps\host-manager] has finished in [683] ms
18-Jul-2025 00:18:14.741 INFO [main] org.apache.catalina.startup.HostConfig.deployDirectory Deploying web application directory [C:\Users\saksh\Desktop\InventoryManagementSystem\apache-tomcat-10.1.43\webapps\manager]
18-Jul-2025 00:18:15.266 INFO [main] org.apache.jasper.servlet.TldScanner.scanJars At least one JAR was scanned for TLDs yet contained no TLDs. Enable debug logging for this logger for a complete list of JARs that were scanned but no TLDs were found in them. Skipping unneeded JARs during scanning can improve startup time and JSP compilation time.
18-Jul-2025 00:18:15.272 INFO [main] org.apache.catalina.startup.HostConfig.deployDirectory Deployment of web application directory [C:\Users\saksh\Desktop\InventoryManagementSystem\apache-tomcat-10.1.43\webapps\manager] has finished in [531] ms
18-Jul-2025 00:18:15.273 INFO [main] org.apache.catalina.startup.HostConfig.deployDirectory Deploying web application directory [C:\Users\saksh\Desktop\InventoryManagementSystem\apache-tomcat-10.1.43\webapps\ROOT]
18-Jul-2025 00:18:15.784 INFO [main] org.apache.jasper.servlet.TldScanner.scanJars At least one JAR was scanned for TLDs yet contained no TLDs. Enable debug logging for this logger for a complete list of JARs that were scanned but no TLDs were found in them. Skipping unneeded JARs during scanning can improve startup time and JSP compilation time.
18-Jul-2025 00:18:15.791 INFO [main] org.apache.catalina.startup.HostConfig.deployDirectory Deployment of web application directory [C:\Users\saksh\Desktop\InventoryManagementSystem\apache-tomcat-10.1.43\webapps\ROOT] has finished in [518] ms
18-Jul-2025 00:18:15.801 INFO [main] org.apache.coyote.AbstractProtocol.start Starting ProtocolHandler ["http-nio-8080"]
18-Jul-2025 00:18:16.193 INFO [main] org.apache.catalina.startup.Catalina.start Server startup in [8165] milliseconds
18-Jul-2025 00:25:20.864 INFO [Thread-1] org.apache.coyote.AbstractProtocol.pause Pausing ProtocolHandler ["http-nio-8080"]
18-Jul-2025 00:25:21.360 INFO [Thread-1] org.apache.catalina.core.StandardService.stopInternal Stopping service [Catalina]
18-Jul-2025 00:25:21.446 WARNING [Thread-1] org.apache.catalina.loader.WebappClassLoaderBase.clearReferencesJdbc The web application [InventoryManagementSystem#index.html] registered the JDBC driver [com.mysql.cj.jdbc.Driver] but failed to unregister it when the web application was stopped. To prevent a memory leak, the JDBC Driver has been forcibly unregistered.
18-Jul-2025 00:25:21.446 WARNING [Thread-1] org.apache.catalina.loader.WebappClassLoaderBase.clearReferencesThreads The web application [InventoryManagementSystem#index.html] appears to have started a thread named [mysql-cj-abandoned-connection-cleanup] but has failed to stop it. This is very likely to create a memory leak. Stack trace of thread:
 java.base@11.0.26/java.lang.Object.wait(Native Method)
 java.base@11.0.26/java.lang.ref.ReferenceQueue.remove(ReferenceQueue.java:155)
 com.mysql.cj.jdbc.AbandonedConnectionCleanupThread.run(AbandonedConnectionCleanupThread.java:91)
 java.base@11.0.26/java.util.concurrent.ThreadPoolExecutor.runWorker(ThreadPoolExecutor.java:1128)
 java.base@11.0.26/java.util.concurrent.ThreadPoolExecutor$Worker.run(ThreadPoolExecutor.java:628)
 java.base@11.0.26/java.lang.Thread.run(Thread.java:834)
18-Jul-2025 00:25:21.470 INFO [Thread-1] org.apache.coyote.AbstractProtocol.stop Stopping ProtocolHandler ["http-nio-8080"]
18-Jul-2025 00:25:21.490 INFO [Thread-1] org.apache.coyote.AbstractProtocol.destroy Destroying ProtocolHandler ["http-nio-8080"]
18-Jul-2025 00:25:34.808 INFO [main] org.apache.catalina.startup.VersionLoggerListener.log Server version name:   Apache Tomcat/10.1.43
18-Jul-2025 00:25:34.821 INFO [main] org.apache.catalina.startup.VersionLoggerListener.log Server built:          Jul 1 2025 21:30:20 UTC
18-Jul-2025 00:25:34.822 INFO [main] org.apache.catalina.startup.VersionLoggerListener.log Server version number: 10.1.43.0
18-Jul-2025 00:25:34.822 INFO [main] org.apache.catalina.startup.VersionLoggerListener.log OS Name:               Windows 11
18-Jul-2025 00:25:34.822 INFO [main] org.apache.catalina.startup.VersionLoggerListener.log OS Version:            10.0
18-Jul-2025 00:25:34.822 INFO [main] org.apache.catalina.startup.VersionLoggerListener.log Architecture:          amd64
18-Jul-2025 00:25:34.822 INFO [main] org.apache.catalina.startup.VersionLoggerListener.log Java Home:             C:\Program Files\Java\jdk-11
18-Jul-2025 00:25:34.823 INFO [main] org.apache.catalina.startup.VersionLoggerListener.log JVM Version:           11.0.26+7-LTS-187
18-Jul-2025 00:25:34.823 INFO [main] org.apache.catalina.startup.VersionLoggerListener.log JVM Vendor:            Oracle Corporation
18-Jul-2025 00:25:34.823 INFO [main] org.apache.catalina.startup.VersionLoggerListener.log CATALINA_BASE:         C:\Users\saksh\Desktop\InventoryManagementSystem\apache-tomcat-10.1.43
18-Jul-2025 00:25:34.823 INFO [main] org.apache.catalina.startup.VersionLoggerListener.log CATALINA_HOME:         C:\Users\saksh\Desktop\InventoryManagementSystem\apache-tomcat-10.1.43
18-Jul-2025 00:25:34.892 INFO [main] org.apache.catalina.startup.VersionLoggerListener.log Command line argument: --add-opens=java.base/java.lang=ALL-UNNAMED
18-Jul-2025 00:25:34.892 INFO [main] org.apache.catalina.startup.VersionLoggerListener.log Command line argument: --add-opens=java.base/java.io=ALL-UNNAMED
18-Jul-2025 00:25:34.892 INFO [main] org.apache.catalina.startup.VersionLoggerListener.log Command line argument: --add-opens=java.base/java.util=ALL-UNNAMED
18-Jul-2025 00:25:34.892 INFO [main] org.apache.catalina.startup.VersionLoggerListener.log Command line argument: --add-opens=java.base/java.util.concurrent=ALL-UNNAMED
18-Jul-2025 00:25:34.893 INFO [main] org.apache.catalina.startup.VersionLoggerListener.log Command line argument: --add-opens=java.rmi/sun.rmi.transport=ALL-UNNAMED
18-Jul-2025 00:25:34.893 INFO [main] org.apache.catalina.startup.VersionLoggerListener.log Command line argument: -Dcatalina.home=C:\Users\saksh\Desktop\InventoryManagementSystem\apache-tomcat-10.1.43
18-Jul-2025 00:25:34.893 INFO [main] org.apache.catalina.startup.VersionLoggerListener.log Command line argument: -Dcatalina.base=C:\Users\saksh\Desktop\InventoryManagementSystem\apache-tomcat-10.1.43
18-Jul-2025 00:25:34.893 INFO [main] org.apache.catalina.startup.VersionLoggerListener.log Command line argument: -Djava.io.tmpdir=C:\Users\saksh\Desktop\InventoryManagementSystem\apache-tomcat-10.1.43\temp
18-Jul-2025 00:25:34.893 INFO [main] org.apache.catalina.startup.VersionLoggerListener.log Command line argument: -Djava.util.logging.config.file=C:\Users\saksh\Desktop\InventoryManagementSystem\apache-tomcat-10.1.43\conf\logging.properties
18-Jul-2025 00:25:34.893 INFO [main] org.apache.catalina.startup.VersionLoggerListener.log Command line argument: -Djava.util.logging.manager=org.apache.juli.ClassLoaderLogManager
18-Jul-2025 00:25:34.893 INFO [main] org.apache.catalina.startup.VersionLoggerListener.log Command line argument: -javaagent:C:\Program Files\JetBrains\IntelliJ IDEA Community Edition 2024.3.4.1\lib\idea_rt.jar=52227
18-Jul-2025 00:25:34.893 INFO [main] org.apache.catalina.startup.VersionLoggerListener.log Command line argument: -Dfile.encoding=UTF-8
18-Jul-2025 00:25:34.955 INFO [main] org.apache.catalina.core.AprLifecycleListener.lifecycleEvent The Apache Tomcat Native library which allows using OpenSSL was not found on the java.library.path: [C:\Program Files\Java\jdk-11\bin;C:\WINDOWS\Sun\Java\bin;C:\WINDOWS\system32;C:\WINDOWS;C:\Program Files\Eclipse Adoptium\jdk-11.0.27.6-hotspot\bin;C:\Program Files\Eclipse Adoptium\jre-17.0.15.6-hotspot\bin;C:\Program Files\Common Files\Oracle\Java\javapath;C:\Program Files (x86)\Common Files\Oracle\Java\java8path;C:\Program Files (x86)\Common Files\Oracle\Java\javapath;C:\Program Files\Java\jdk1.8.0_202

\bin;C:\Program Files\Java\jre1.8.0_431\bin;C:\Python312\Scripts\;C:\Python312\;C:\Python311\Scripts\;C:\Python311\;C:\WINDOWS\system32;C:\WINDOWS;C:\WINDOWS\System32\Wbem;C:\WINDOWS\System32\WindowsPowerShell\v1.0\;C:\WINDOWS\System32\OpenSSH\;C:\Program Files\dotnet\;C:\Users\saksh\Downloads;C:\Users\saksh\Downloads\ForwardNotifier-master\ForwardNotifier-master\ForwardNotifier Client Tools\Windows SSH Client tool;C:\Users\saksh\Downloads\app files\ForwardNotifier-master\ForwardNotifier-master\ForwardNotifier Client Tools\Windows SSH Client tool;C:\ProgramData\chocolatey\bin;C:\Android;C:\Windows\System32;C:\WINDOWS\system32;C:\WINDOWS;C:\WINDOWS\System32\Wbem;C:\WINDOWS\System32\WindowsPowerShell\v1.0\;C:\WINDOWS\System32\OpenSSH\;C:\Program Files\Calibre2\;C:\Program Files\nodejs\;C:\Program Files\HP\HP One Agent;C:\flutter;C:\Program Files\MySQL\MySQL Server 8.0\bin;C:\Program Files\Git\cmd;C:\Program Files\Git\cmd;C:\Windows\System32;C:\Windows;C:\Users\saksh\AppData\Local\Android\sdk\cmdline-tools\latest\bin;C:\Users\saksh\AppData\Local\Android\sdk\cmdline-tools\bin;C:\Users\saksh\Desktop\InventoryManagementSystem\apache-maven-3.9.10\bin;C:\Users\saksh\Desktop\InventoryManagementSystem\apache-maven-3.9.10\bin;C:\Program Files\MySQL\MySQL Shell 8.0\bin\;C:\Program Files\platform-tools;C:\Users\saksh\AppData\Local\Microsoft\WindowsApps;C:\Users\saksh\.dotnet\tools;C:\Program Files\JetBrains\PyCharm Community Edition 2022.1.2\bin;C:\Users\saksh\AppData\Local\spicetify;C:\Users\saksh\.dotnet\tools;C:\MinGW\bin;C:\Users\saksh\AppData\Local\Microsoft\WindowsApps;C:\Users\saksh\AppData\Roaming\npm;C:\flutter\bin;C:\Program Files\JetBrains\PyCharm Community Edition 2024.1.4\bin;C:\Users\saksh\AppData\Local\GitHubDesktop\bin;C:\Users\saksh\AppData\Roaming\Python\Python312\Scripts;C:\Program Files\Java\jdk-23\bin;C:\Users\saksh\AppData\Local\Programs\Ollama;C:\Users\saksh\AppData\Local\Programs\Microsoft VS Code\bin;C:\Program Files\Git\cmd;C:\flutter\bin;C:\Users\saksh\AppData\Roaming\npm;C:\Users\saksh\Desktop\InventoryManagementSystem\apache-maven-3.9.10\bin;C:\Program Files\Eclipse Adoptium\jdk-11.0.27.6-hotspot\bin;;.]
18-Jul-2025 00:25:36.113 INFO [main] org.apache.coyote.AbstractProtocol.init Initializing ProtocolHandler ["http-nio-8080"]
18-Jul-2025 00:25:36.231 INFO [main] org.apache.catalina.startup.Catalina.load Server initialization in [2052] milliseconds
18-Jul-2025 00:25:36.516 INFO [main] org.apache.catalina.core.StandardService.startInternal Starting service [Catalina]
18-Jul-2025 00:25:36.517 INFO [main] org.apache.catalina.core.StandardEngine.startInternal Starting Servlet engine: [Apache Tomcat/10.1.43]
18-Jul-2025 00:25:36.582 INFO [main] org.apache.catalina.startup.HostConfig.deployDescriptor Deploying deployment descriptor [C:\Users\saksh\Desktop\InventoryManagementSystem\apache-tomcat-10.1.43\conf\Catalina\localhost\InventoryManagementSystem#index.html.xml]
18-Jul-2025 00:25:36.856 WARNING [main] org.apache.catalina.webresources.DirResourceSet.initInternal Disabled the global canonical file name cache to protect against CVE-2024-56337 when starting the WebResourceSet at [C:\Users\saksh\Desktop\InventoryManagementSystem\target\classes] which is part of the web application [/InventoryManagementSystem/index.html]
18-Jul-2025 00:28:24.575 INFO [main] org.apache.catalina.startup.VersionLoggerListener.log Server version name:   Apache Tomcat/10.1.43
18-Jul-2025 00:28:24.584 INFO [main] org.apache.catalina.startup.VersionLoggerListener.log Server built:          Jul 1 2025 21:30:20 UTC
18-Jul-2025 00:28:24.585 INFO [main] org.apache.catalina.startup.VersionLoggerListener.log Server version number: 10.1.43.0
18-Jul-2025 00:28:24.585 INFO [main] org.apache.catalina.startup.VersionLoggerListener.log OS Name:               Windows 11
18-Jul-2025 00:28:24.585 INFO [main] org.apache.catalina.startup.VersionLoggerListener.log OS Version:            10.0
18-Jul-2025 00:28:24.586 INFO [main] org.apache.catalina.startup.VersionLoggerListener.log Architecture:          amd64
18-Jul-2025 00:28:24.587 INFO [main] org.apache.catalina.startup.VersionLoggerListener.log Java Home:             C:\Program Files\Java\jdk-11
18-Jul-2025 00:28:24.587 INFO [main] org.apache.catalina.startup.VersionLoggerListener.log JVM Version:           11.0.26+7-LTS-187
18-Jul-2025 00:28:24.587 INFO [main] org.apache.catalina.startup.VersionLoggerListener.log JVM Vendor:            Oracle Corporation
18-Jul-2025 00:28:24.587 INFO [main] org.apache.catalina.startup.VersionLoggerListener.log CATALINA_BASE:         C:\Users\saksh\Desktop\InventoryManagementSystem\apache-tomcat-10.1.43
18-Jul-2025 00:28:24.588 INFO [main] org.apache.catalina.startup.VersionLoggerListener.log CATALINA_HOME:         C:\Users\saksh\Desktop\InventoryManagementSystem\apache-tomcat-10.1.43
18-Jul-2025 00:28:24.611 INFO [main] org.apache.catalina.startup.VersionLoggerListener.log Command line argument: --add-opens=java.base/java.lang=ALL-UNNAMED
18-Jul-2025 00:28:24.612 INFO [main] org.apache.catalina.startup.VersionLoggerListener.log Command line argument: --add-opens=java.base/java.io=ALL-UNNAMED
18-Jul-2025 00:28:24.612 INFO [main] org.apache.catalina.startup.VersionLoggerListener.log Command line argument: --add-opens=java.base/java.util=ALL-UNNAMED
18-Jul-2025 00:28:24.612 INFO [main] org.apache.catalina.startup.VersionLoggerListener.log Command line argument: --add-opens=java.base/java.util.concurrent=ALL-UNNAMED
18-Jul-2025 00:28:24.613 INFO [main] org.apache.catalina.startup.VersionLoggerListener.log Command line argument: --add-opens=java.rmi/sun.rmi.transport=ALL-UNNAMED
18-Jul-2025 00:28:24.613 INFO [main] org.apache.catalina.startup.VersionLoggerListener.log Command line argument: -Dcatalina.home=C:\Users\saksh\Desktop\InventoryManagementSystem\apache-tomcat-10.1.43
18-Jul-2025 00:28:24.613 INFO [main] org.apache.catalina.startup.VersionLoggerListener.log Command line argument: -Dcatalina.base=C:\Users\saksh\Desktop\InventoryManagementSystem\apache-tomcat-10.1.43
18-Jul-2025 00:28:24.613 INFO [main] org.apache.catalina.startup.VersionLoggerListener.log Command line argument: -Djava.io.tmpdir=C:\Users\saksh\Desktop\InventoryManagementSystem\apache-tomcat-10.1.43\temp
18-Jul-2025 00:28:24.614 INFO [main] org.apache.catalina.startup.VersionLoggerListener.log Command line argument: -Djava.util.logging.config.file=C:\Users\saksh\Desktop\InventoryManagementSystem\apache-tomcat-10.1.43\conf\logging.properties
18-Jul-2025 00:28:24.614 INFO [main] org.apache.catalina.startup.VersionLoggerListener.log Command line argument: -Djava.util.logging.manager=org.apache.juli.ClassLoaderLogManager
18-Jul-2025 00:28:24.614 INFO [main] org.apache.catalina.startup.VersionLoggerListener.log Command line argument: -javaagent:C:\Program Files\JetBrains\IntelliJ IDEA Community Edition 2024.3.4.1\lib\idea_rt.jar=52282
18-Jul-2025 00:28:24.614 INFO [main] org.apache.catalina.startup.VersionLoggerListener.log Command line argument: -Dfile.encoding=UTF-8
18-Jul-2025 00:28:24.648 INFO [main] org.apache.catalina.core.AprLifecycleListener.lifecycleEvent The Apache Tomcat Native library which allows using OpenSSL was not found on the java.library.path: [C:\Program Files\Java\jdk-11\bin;C:\WINDOWS\Sun\Java\bin;C:\WINDOWS\system32;C:\WINDOWS;C:\Program Files\Eclipse Adoptium\jdk-11.0.27.6-hotspot\bin;C:\Program Files\Eclipse Adoptium\jre-17.0.15.6-hotspot\bin;C:\Program Files\Common Files\Oracle\Java\javapath;C:\Program Files (x86)\Common Files\Oracle\Java\java8path;C:\Program Files (x86)\Common Files\Oracle\Java\javapath;C:\Program Files\Java\jdk1.8.0_202

\bin;C:\Program Files\Java\jre1.8.0_431\bin;C:\Python312\Scripts\;C:\Python312\;C:\Python311\Scripts\;C:\Python311\;C:\WINDOWS\system32;C:\WINDOWS;C:\WINDOWS\System32\Wbem;C:\WINDOWS\System32\WindowsPowerShell\v1.0\;C:\WINDOWS\System32\OpenSSH\;C:\Program Files\dotnet\;C:\Users\saksh\Downloads;C:\Users\saksh\Downloads\ForwardNotifier-master\ForwardNotifier-master\ForwardNotifier Client Tools\Windows SSH Client tool;C:\Users\saksh\Downloads\app files\ForwardNotifier-master\ForwardNotifier-master\ForwardNotifier Client Tools\Windows SSH Client tool;C:\ProgramData\chocolatey\bin;C:\Android;C:\Windows\System32;C:\WINDOWS\system32;C:\WINDOWS;C:\WINDOWS\System32\Wbem;C:\WINDOWS\System32\WindowsPowerShell\v1.0\;C:\WINDOWS\System32\OpenSSH\;C:\Program Files\Calibre2\;C:\Program Files\nodejs\;C:\Program Files\HP\HP One Agent;C:\flutter;C:\Program Files\MySQL\MySQL Server 8.0\bin;C:\Program Files\Git\cmd;C:\Program Files\Git\cmd;C:\Windows\System32;C:\Windows;C:\Users\saksh\AppData\Local\Android\sdk\cmdline-tools\latest\bin;C:\Users\saksh\AppData\Local\Android\sdk\cmdline-tools\bin;C:\Users\saksh\Desktop\InventoryManagementSystem\apache-maven-3.9.10\bin;C:\Users\saksh\Desktop\InventoryManagementSystem\apache-maven-3.9.10\bin;C:\Program Files\MySQL\MySQL Shell 8.0\bin\;C:\Program Files\platform-tools;C:\Users\saksh\AppData\Local\Microsoft\WindowsApps;C:\Users\saksh\.dotnet\tools;C:\Program Files\JetBrains\PyCharm Community Edition 2022.1.2\bin;C:\Users\saksh\AppData\Local\spicetify;C:\Users\saksh\.dotnet\tools;C:\MinGW\bin;C:\Users\saksh\AppData\Local\Microsoft\WindowsApps;C:\Users\saksh\AppData\Roaming\npm;C:\flutter\bin;C:\Program Files\JetBrains\PyCharm Community Edition 2024.1.4\bin;C:\Users\saksh\AppData\Local\GitHubDesktop\bin;C:\Users\saksh\AppData\Roaming\Python\Python312\Scripts;C:\Program Files\Java\jdk-23\bin;C:\Users\saksh\AppData\Local\Programs\Ollama;C:\Users\saksh\AppData\Local\Programs\Microsoft VS Code\bin;C:\Program Files\Git\cmd;C:\flutter\bin;C:\Users\saksh\AppData\Roaming\npm;C:\Users\saksh\Desktop\InventoryManagementSystem\apache-maven-3.9.10\bin;C:\Program Files\Eclipse Adoptium\jdk-11.0.27.6-hotspot\bin;;.]
18-Jul-2025 00:28:25.303 INFO [main] org.apache.coyote.AbstractProtocol.init Initializing ProtocolHandler ["http-nio-8080"]
18-Jul-2025 00:28:25.349 INFO [main] org.apache.catalina.startup.Catalina.load Server initialization in [1251] milliseconds
18-Jul-2025 00:28:25.466 INFO [main] org.apache.catalina.core.StandardService.startInternal Starting service [Catalina]
18-Jul-2025 00:28:25.466 INFO [main] org.apache.catalina.core.StandardEngine.startInternal Starting Servlet engine: [Apache Tomcat/10.1.43]
18-Jul-2025 00:28:25.498 INFO [main] org.apache.catalina.startup.HostConfig.deployDescriptor Deploying deployment descriptor [C:\Users\saksh\Desktop\InventoryManagementSystem\apache-tomcat-10.1.43\conf\Catalina\localhost\InventoryManagementSystem#index.html.xml]
18-Jul-2025 00:28:25.665 WARNING [main] org.apache.catalina.webresources.DirResourceSet.initInternal Disabled the global canonical file name cache to protect against CVE-2024-56337 when starting the WebResourceSet at [C:\Users\saksh\Desktop\InventoryManagementSystem\target\classes] which is part of the web application [/InventoryManagementSystem/index.html]
18-Jul-2025 00:28:28.589 INFO [main] org.apache.jasper.servlet.TldScanner.scanJars At least one JAR was scanned for TLDs yet contained no TLDs. Enable debug logging for this logger for a complete list of JARs that were scanned but no TLDs were found in them. Skipping unneeded JARs during scanning can improve startup time and JSP compilation time.
18-Jul-2025 00:28:29.128 WARNING [main] org.apache.catalina.util.SessionIdGeneratorBase.createSecureRandom Creation of SecureRandom instance for session ID generation using [SHA1PRNG] took [384] milliseconds.
18-Jul-2025 00:28:29.182 INFO [main] org.apache.catalina.startup.HostConfig.deployDescriptor Deployment of deployment descriptor [C:\Users\saksh\Desktop\InventoryManagementSystem\apache-tomcat-10.1.43\conf\Catalina\localhost\InventoryManagementSystem#index.html.xml] has finished in [3,684] ms
18-Jul-2025 00:28:29.185 INFO [main] org.apache.catalina.startup.HostConfig.deployDirectory Deploying web application directory [C:\Users\saksh\Desktop\InventoryManagementSystem\apache-tomcat-10.1.43\webapps\docs]
18-Jul-2025 00:28:29.835 INFO [main] org.apache.jasper.servlet.TldScanner.scanJars At least one JAR was scanned for TLDs yet contained no TLDs. Enable debug logging for this logger for a complete list of JARs that were scanned but no TLDs were found in them. Skipping unneeded JARs during scanning can improve startup time and JSP compilation time.
18-Jul-2025 00:28:29.841 INFO [main] org.apache.catalina.startup.HostConfig.deployDirectory Deployment of web application directory [C:\Users\saksh\Desktop\InventoryManagementSystem\apache-tomcat-10.1.43\webapps\docs] has finished in [657] ms
18-Jul-2025 00:28:29.842 INFO [main] org.apache.catalina.startup.HostConfig.deployDirectory Deploying web application directory [C:\Users\saksh\Desktop\InventoryManagementSystem\apache-tomcat-10.1.43\webapps\examples]
18-Jul-2025 00:28:31.178 INFO [main] org.apache.jasper.servlet.TldScanner.scanJars At least one JAR was scanned for TLDs yet contained no TLDs. Enable debug logging for this logger for a complete list of JARs that were scanned but no TLDs were found in them. Skipping unneeded JARs during scanning can improve startup time and JSP compilation time.
18-Jul-2025 00:28:31.303 INFO [main] org.apache.catalina.startup.HostConfig.deployDirectory Deployment of web application directory [C:\Users\saksh\Desktop\InventoryManagementSystem\apache-tomcat-10.1.43\webapps\examples] has finished in [1,461] ms
18-Jul-2025 00:28:31.304 INFO [main] org.apache.catalina.startup.HostConfig.deployDirectory Deploying web application directory [C:\Users\saksh\Desktop\InventoryManagementSystem\apache-tomcat-10.1.43\webapps\host-manager]
18-Jul-2025 00:28:31.934 INFO [main] org.apache.jasper.servlet.TldScanner.scanJars At least one JAR was scanned for TLDs yet contained no TLDs. Enable debug logging for this logger for a complete list of JARs that were scanned but no TLDs were found in them. Skipping unneeded JARs during scanning can improve startup time and JSP compilation time.
18-Jul-2025 00:28:31.949 INFO [main] org.apache.catalina.startup.HostConfig.deployDirectory Deployment of web application directory [C:\Users\saksh\Desktop\InventoryManagementSystem\apache-tomcat-10.1.43\webapps\host-manager] has finished in [645] ms
18-Jul-2025 00:28:31.950 INFO [main] org.apache.catalina.startup.HostConfig.deployDirectory Deploying web application directory [C:\Users\saksh\Desktop\InventoryManagementSystem\apache-tomcat-10.1.43\webapps\manager]
18-Jul-2025 00:28:32.574 INFO [main] org.apache.jasper.servlet.TldScanner.scanJars At least one JAR was scanned for TLDs yet contained no TLDs. Enable debug logging for this logger for a complete list of JARs that were scanned but no TLDs were found in them. Skipping unneeded JARs during scanning can improve startup time and JSP compilation time.
18-Jul-2025 00:28:32.581 INFO [main] org.apache.catalina.startup.HostConfig.deployDirectory Deployment of web application directory [C:\Users\saksh\Desktop\InventoryManagementSystem\apache-tomcat-10.1.43\webapps\manager] has finished in [631] ms
18-Jul-2025 00:28:32.581 INFO [main] org.apache.catalina.startup.HostConfig.deployDirectory Deploying web application directory [C:\Users\saksh\Desktop\InventoryManagementSystem\apache-tomcat-10.1.43\webapps\ROOT]
18-Jul-2025 00:28:33.086 INFO [main] org.apache.jasper.servlet.TldScanner.scanJars At least one JAR was scanned for TLDs yet contained no TLDs. Enable debug logging for this logger for a complete list of JARs that were scanned but no TLDs were found in them. Skipping unneeded JARs during scanning can improve startup time and JSP compilation time.
18-Jul-2025 00:28:33.093 INFO [main] org.apache.catalina.startup.HostConfig.deployDirectory Deployment of web application directory [C:\Users\saksh\Desktop\InventoryManagementSystem\apache-tomcat-10.1.43\webapps\ROOT] has finished in [512] ms
18-Jul-2025 00:28:33.104 INFO [main] org.apache.coyote.AbstractProtocol.start Starting ProtocolHandler ["http-nio-8080"]
18-Jul-2025 00:28:33.528 INFO [main] org.apache.catalina.startup.Catalina.start Server startup in [8179] milliseconds
18-Jul-2025 00:37:26.935 INFO [Thread-1] org.apache.coyote.AbstractProtocol.pause Pausing ProtocolHandler ["http-nio-8080"]
18-Jul-2025 00:37:27.461 INFO [Thread-1] org.apache.catalina.core.StandardService.stopInternal Stopping service [Catalina]
18-Jul-2025 00:37:27.869 WARNING [Thread-1] org.apache.catalina.loader.WebappClassLoaderBase.clearReferencesJdbc The web application [InventoryManagementSystem#index.html] registered the JDBC driver [com.mysql.cj.jdbc.Driver] but failed to unregister it when the web application was stopped. To prevent a memory leak, the JDBC Driver has been forcibly unregistered.
18-Jul-2025 00:37:27.874 WARNING [Thread-1] org.apache.catalina.loader.WebappClassLoaderBase.clearReferencesThreads The web application [InventoryManagementSystem#index.html] appears to have started a thread named [mysql-cj-abandoned-connection-cleanup] but has failed to stop it. This is very likely to create a memory leak. Stack trace of thread:
 java.base@11.0.26/java.lang.Object.wait(Native Method)
 java.base@11.0.26/java.lang.ref.ReferenceQueue.remove(ReferenceQueue.java:155)
 com.mysql.cj.jdbc.AbandonedConnectionCleanupThread.run(AbandonedConnectionCleanupThread.java:91)
 java.base@11.0.26/java.util.concurrent.ThreadPoolExecutor.runWorker(ThreadPoolExecutor.java:1128)
 java.base@11.0.26/java.util.concurrent.ThreadPoolExecutor$Worker.run(ThreadPoolExecutor.java:628)
 java.base@11.0.26/java.lang.Thread.run(Thread.java:834)
18-Jul-2025 00:37:27.995 INFO [Thread-1] org.apache.coyote.AbstractProtocol.stop Stopping ProtocolHandler ["http-nio-8080"]
18-Jul-2025 00:37:28.094 INFO [Thread-1] org.apache.coyote.AbstractProtocol.destroy Destroying ProtocolHandler ["http-nio-8080"]
18-Jul-2025 00:37:33.682 INFO [main] org.apache.catalina.startup.VersionLoggerListener.log Server version name:   Apache Tomcat/10.1.43
18-Jul-2025 00:37:33.714 INFO [main] org.apache.catalina.startup.VersionLoggerListener.log Server built:          Jul 1 2025 21:30:20 UTC
18-Jul-2025 00:37:33.715 INFO [main] org.apache.catalina.startup.VersionLoggerListener.log Server version number: 10.1.43.0
18-Jul-2025 00:37:33.716 INFO [main] org.apache.catalina.startup.VersionLoggerListener.log OS Name:               Windows 11
18-Jul-2025 00:37:33.716 INFO [main] org.apache.catalina.startup.VersionLoggerListener.log OS Version:            10.0
18-Jul-2025 00:37:33.716 INFO [main] org.apache.catalina.startup.VersionLoggerListener.log Architecture:          amd64
18-Jul-2025 00:37:33.716 INFO [main] org.apache.catalina.startup.VersionLoggerListener.log Java Home:             C:\Program Files\Java\jdk-11
18-Jul-2025 00:37:33.716 INFO [main] org.apache.catalina.startup.VersionLoggerListener.log JVM Version:           11.0.26+7-LTS-187
18-Jul-2025 00:37:33.717 INFO [main] org.apache.catalina.startup.VersionLoggerListener.log JVM Vendor:            Oracle Corporation
18-Jul-2025 00:37:33.717 INFO [main] org.apache.catalina.startup.VersionLoggerListener.log CATALINA_BASE:         C:\Users\saksh\Desktop\InventoryManagementSystem\apache-tomcat-10.1.43
18-Jul-2025 00:37:33.717 INFO [main] org.apache.catalina.startup.VersionLoggerListener.log CATALINA_HOME:         C:\Users\saksh\Desktop\InventoryManagementSystem\apache-tomcat-10.1.43
18-Jul-2025 00:37:33.791 INFO [main] org.apache.catalina.startup.VersionLoggerListener.log Command line argument: --add-opens=java.base/java.lang=ALL-UNNAMED
18-Jul-2025 00:37:33.791 INFO [main] org.apache.catalina.startup.VersionLoggerListener.log Command line argument: --add-opens=java.base/java.io=ALL-UNNAMED
18-Jul-2025 00:37:33.792 INFO [main] org.apache.catalina.startup.VersionLoggerListener.log Command line argument: --add-opens=java.base/java.util=ALL-UNNAMED
18-Jul-2025 00:37:33.792 INFO [main] org.apache.catalina.startup.VersionLoggerListener.log Command line argument: --add-opens=java.base/java.util.concurrent=ALL-UNNAMED
18-Jul-2025 00:37:33.792 INFO [main] org.apache.catalina.startup.VersionLoggerListener.log Command line argument: --add-opens=java.rmi/sun.rmi.transport=ALL-UNNAMED
18-Jul-2025 00:37:33.792 INFO [main] org.apache.catalina.startup.VersionLoggerListener.log Command line argument: -Dcatalina.home=C:\Users\saksh\Desktop\InventoryManagementSystem\apache-tomcat-10.1.43
18-Jul-2025 00:37:33.792 INFO [main] org.apache.catalina.startup.VersionLoggerListener.log Command line argument: -Dcatalina.base=C:\Users\saksh\Desktop\InventoryManagementSystem\apache-tomcat-10.1.43
18-Jul-2025 00:37:33.794 INFO [main] org.apache.catalina.startup.VersionLoggerListener.log Command line argument: -Djava.io.tmpdir=C:\Users\saksh\Desktop\InventoryManagementSystem\apache-tomcat-10.1.43\temp
18-Jul-2025 00:37:33.794 INFO [main] org.apache.catalina.startup.VersionLoggerListener.log Command line argument: -Djava.util.logging.config.file=C:\Users\saksh\Desktop\InventoryManagementSystem\apache-tomcat-10.1.43\conf\logging.properties
18-Jul-2025 00:37:33.794 INFO [main] org.apache.catalina.startup.VersionLoggerListener.log Command line argument: -Djava.util.logging.manager=org.apache.juli.ClassLoaderLogManager
18-Jul-2025 00:37:33.794 INFO [main] org.apache.catalina.startup.VersionLoggerListener.log Command line argument: -javaagent:C:\Program Files\JetBrains\IntelliJ IDEA Community Edition 2024.3.4.1\lib\idea_rt.jar=52398
18-Jul-2025 00:37:33.795 INFO [main] org.apache.catalina.startup.VersionLoggerListener.log Command line argument: -Dfile.encoding=UTF-8
18-Jul-2025 00:37:33.856 INFO [main] org.apache.catalina.core.AprLifecycleListener.lifecycleEvent The Apache Tomcat Native library which allows using OpenSSL was not found on the java.library.path: [C:\Program Files\Java\jdk-11\bin;C:\WINDOWS\Sun\Java\bin;C:\WINDOWS\system32;C:\WINDOWS;C:\Program Files\Eclipse Adoptium\jdk-11.0.27.6-hotspot\bin;C:\Program Files\Eclipse Adoptium\jre-17.0.15.6-hotspot\bin;C:\Program Files\Common Files\Oracle\Java\javapath;C:\Program Files (x86)\Common Files\Oracle\Java\java8path;C:\Program Files (x86)\Common Files\Oracle\Java\javapath;C:\Program Files\Java\jdk1.8.0_202

\bin;C:\Program Files\Java\jre1.8.0_431\bin;C:\Python312\Scripts\;C:\Python312\;C:\Python311\Scripts\;C:\Python311\;C:\WINDOWS\system32;C:\WINDOWS;C:\WINDOWS\System32\Wbem;C:\WINDOWS\System32\WindowsPowerShell\v1.0\;C:\WINDOWS\System32\OpenSSH\;C:\Program Files\dotnet\;C:\Users\saksh\Downloads;C:\Users\saksh\Downloads\ForwardNotifier-master\ForwardNotifier-master\ForwardNotifier Client Tools\Windows SSH Client tool;C:\Users\saksh\Downloads\app files\ForwardNotifier-master\ForwardNotifier-master\ForwardNotifier Client Tools\Windows SSH Client tool;C:\ProgramData\chocolatey\bin;C:\Android;C:\Windows\System32;C:\WINDOWS\system32;C:\WINDOWS;C:\WINDOWS\System32\Wbem;C:\WINDOWS\System32\WindowsPowerShell\v1.0\;C:\WINDOWS\System32\OpenSSH\;C:\Program Files\Calibre2\;C:\Program Files\nodejs\;C:\Program Files\HP\HP One Agent;C:\flutter;C:\Program Files\MySQL\MySQL Server 8.0\bin;C:\Program Files\Git\cmd;C:\Program Files\Git\cmd;C:\Windows\System32;C:\Windows;C:\Users\saksh\AppData\Local\Android\sdk\cmdline-tools\latest\bin;C:\Users\saksh\AppData\Local\Android\sdk\cmdline-tools\bin;C:\Users\saksh\Desktop\InventoryManagementSystem\apache-maven-3.9.10\bin;C:\Users\saksh\Desktop\InventoryManagementSystem\apache-maven-3.9.10\bin;C:\Program Files\MySQL\MySQL Shell 8.0\bin\;C:\Program Files\platform-tools;C:\Users\saksh\AppData\Local\Microsoft\WindowsApps;C:\Users\saksh\.dotnet\tools;C:\Program Files\JetBrains\PyCharm Community Edition 2022.1.2\bin;C:\Users\saksh\AppData\Local\spicetify;C:\Users\saksh\.dotnet\tools;C:\MinGW\bin;C:\Users\saksh\AppData\Local\Microsoft\WindowsApps;C:\Users\saksh\AppData\Roaming\npm;C:\flutter\bin;C:\Program Files\JetBrains\PyCharm Community Edition 2024.1.4\bin;C:\Users\saksh\AppData\Local\GitHubDesktop\bin;C:\Users\saksh\AppData\Roaming\Python\Python312\Scripts;C:\Program Files\Java\jdk-23\bin;C:\Users\saksh\AppData\Local\Programs\Ollama;C:\Users\saksh\AppData\Local\Programs\Microsoft VS Code\bin;C:\Program Files\Git\cmd;C:\flutter\bin;C:\Users\saksh\AppData\Roaming\npm;C:\Users\saksh\Desktop\InventoryManagementSystem\apache-maven-3.9.10\bin;C:\Program Files\Eclipse Adoptium\jdk-11.0.27.6-hotspot\bin;;.]
18-Jul-2025 00:37:34.706 INFO [main] org.apache.coyote.AbstractProtocol.init Initializing ProtocolHandler ["http-nio-8080"]
18-Jul-2025 00:37:34.761 INFO [main] org.apache.catalina.startup.Catalina.load Server initialization in [1709] milliseconds
18-Jul-2025 00:37:34.969 INFO [main] org.apache.catalina.core.StandardService.startInternal Starting service [Catalina]
18-Jul-2025 00:37:34.969 INFO [main] org.apache.catalina.core.StandardEngine.startInternal Starting Servlet engine: [Apache Tomcat/10.1.43]
18-Jul-2025 00:37:35.032 INFO [main] org.apache.catalina.startup.HostConfig.deployDescriptor Deploying deployment descriptor [C:\Users\saksh\Desktop\InventoryManagementSystem\apache-tomcat-10.1.43\conf\Catalina\localhost\InventoryManagementSystem#index.html.xml]
18-Jul-2025 00:37:35.253 WARNING [main] org.apache.catalina.webresources.DirResourceSet.initInternal Disabled the global canonical file name cache to protect against CVE-2024-56337 when starting the WebResourceSet at [C:\Users\saksh\Desktop\InventoryManagementSystem\target\classes] which is part of the web application [/InventoryManagementSystem/index.html]
18-Jul-2025 00:37:38.797 INFO [main] org.apache.jasper.servlet.TldScanner.scanJars At least one JAR was scanned for TLDs yet contained no TLDs. Enable debug logging for this logger for a complete list of JARs that were scanned but no TLDs were found in them. Skipping unneeded JARs during scanning can improve startup time and JSP compilation time.
18-Jul-2025 00:37:39.369 WARNING [main] org.apache.catalina.util.SessionIdGeneratorBase.createSecureRandom Creation of SecureRandom instance for session ID generation using [SHA1PRNG] took [374] milliseconds.
18-Jul-2025 00:37:39.412 INFO [main] org.apache.catalina.startup.HostConfig.deployDescriptor Deployment of deployment descriptor [C:\Users\saksh\Desktop\InventoryManagementSystem\apache-tomcat-10.1.43\conf\Catalina\localhost\InventoryManagementSystem#index.html.xml] has finished in [4,380] ms
18-Jul-2025 00:37:39.414 INFO [main] org.apache.catalina.startup.HostConfig.deployDirectory Deploying web application directory [C:\Users\saksh\Desktop\InventoryManagementSystem\apache-tomcat-10.1.43\webapps\docs]
18-Jul-2025 00:37:40.199 INFO [main] org.apache.jasper.servlet.TldScanner.scanJars At least one JAR was scanned for TLDs yet contained no TLDs. Enable debug logging for this logger for a complete list of JARs that were scanned but no TLDs were found in them. Skipping unneeded JARs during scanning can improve startup time and JSP compilation time.
18-Jul-2025 00:37:40.206 INFO [main] org.apache.catalina.startup.HostConfig.deployDirectory Deployment of web application directory [C:\Users\saksh\Desktop\InventoryManagementSystem\apache-tomcat-10.1.43\webapps\docs] has finished in [791] ms
18-Jul-2025 00:37:40.206 INFO [main] org.apache.catalina.startup.HostConfig.deployDirectory Deploying web application directory [C:\Users\saksh\Desktop\InventoryManagementSystem\apache-tomcat-10.1.43\webapps\examples]
18-Jul-2025 00:37:41.818 INFO [main] org.apache.jasper.servlet.TldScanner.scanJars At least one JAR was scanned for TLDs yet contained no TLDs. Enable debug logging for this logger for a complete list of JARs that were scanned but no TLDs were found in them. Skipping unneeded JARs during scanning can improve startup time and JSP compilation time.
18-Jul-2025 00:37:41.927 INFO [main] org.apache.catalina.startup.HostConfig.deployDirectory Deployment of web application directory [C:\Users\saksh\Desktop\InventoryManagementSystem\apache-tomcat-10.1.43\webapps\examples] has finished in [1,721] ms
18-Jul-2025 00:37:41.928 INFO [main] org.apache.catalina.startup.HostConfig.deployDirectory Deploying web application directory [C:\Users\saksh\Desktop\InventoryManagementSystem\apache-tomcat-10.1.43\webapps\host-manager]
18-Jul-2025 00:37:43.036 INFO [main] org.apache.jasper.servlet.TldScanner.scanJars At least one JAR was scanned for TLDs yet contained no TLDs. Enable debug logging for this logger for a complete list of JARs that were scanned but no TLDs were found in them. Skipping unneeded JARs during scanning can improve startup time and JSP compilation time.
18-Jul-2025 00:37:43.050 INFO [main] org.apache.catalina.startup.HostConfig.deployDirectory Deployment of web application directory [C:\Users\saksh\Desktop\InventoryManagementSystem\apache-tomcat-10.1.43\webapps\host-manager] has finished in [1,121] ms
18-Jul-2025 00:37:43.050 INFO [main] org.apache.catalina.startup.HostConfig.deployDirectory Deploying web application directory [C:\Users\saksh\Desktop\InventoryManagementSystem\apache-tomcat-10.1.43\webapps\manager]
18-Jul-2025 00:37:43.701 INFO [main] org.apache.jasper.servlet.TldScanner.scanJars At least one JAR was scanned for TLDs yet contained no TLDs. Enable debug logging for this logger for a complete list of JARs that were scanned but no TLDs were found in them. Skipping unneeded JARs during scanning can improve startup time and JSP compilation time.
18-Jul-2025 00:37:43.706 INFO [main] org.apache.catalina.startup.HostConfig.deployDirectory Deployment of web application directory [C:\Users\saksh\Desktop\InventoryManagementSystem\apache-tomcat-10.1.43\webapps\manager] has finished in [656] ms
18-Jul-2025 00:37:43.706 INFO [main] org.apache.catalina.startup.HostConfig.deployDirectory Deploying web application directory [C:\Users\saksh\Desktop\InventoryManagementSystem\apache-tomcat-10.1.43\webapps\ROOT]
18-Jul-2025 00:37:44.222 INFO [main] org.apache.jasper.servlet.TldScanner.scanJars At least one JAR was scanned for TLDs yet contained no TLDs. Enable debug logging for this logger for a complete list of JARs that were scanned but no TLDs were found in them. Skipping unneeded JARs during scanning can improve startup time and JSP compilation time.
18-Jul-2025 00:37:44.228 INFO [main] org.apache.catalina.startup.HostConfig.deployDirectory Deployment of web application directory [C:\Users\saksh\Desktop\InventoryManagementSystem\apache-tomcat-10.1.43\webapps\ROOT] has finished in [522] ms
18-Jul-2025 00:37:44.240 INFO [main] org.apache.coyote.AbstractProtocol.start Starting ProtocolHandler ["http-nio-8080"]
18-Jul-2025 00:37:44.688 INFO [main] org.apache.catalina.startup.Catalina.start Server startup in [9927] milliseconds
18-Jul-2025 00:41:47.076 INFO [Thread-1] org.apache.coyote.AbstractProtocol.pause Pausing ProtocolHandler ["http-nio-8080"]
18-Jul-2025 00:41:47.528 INFO [Thread-1] org.apache.catalina.core.StandardService.stopInternal Stopping service [Catalina]
18-Jul-2025 00:41:47.596 WARNING [Thread-1] org.apache.catalina.loader.WebappClassLoaderBase.clearReferencesJdbc The web application [InventoryManagementSystem#index.html] registered the JDBC driver [com.mysql.cj.jdbc.Driver] but failed to unregister it when the web application was stopped. To prevent a memory leak, the JDBC Driver has been forcibly unregistered.
18-Jul-2025 00:41:47.597 WARNING [Thread-1] org.apache.catalina.loader.WebappClassLoaderBase.clearReferencesThreads The web application [InventoryManagementSystem#index.html] appears to have started a thread named [mysql-cj-abandoned-connection-cleanup] but has failed to stop it. This is very likely to create a memory leak. Stack trace of thread:
 java.base@11.0.26/java.lang.Object.wait(Native Method)
 java.base@11.0.26/java.lang.ref.ReferenceQueue.remove(ReferenceQueue.java:155)
 com.mysql.cj.jdbc.AbandonedConnectionCleanupThread.run(AbandonedConnectionCleanupThread.java:91)
 java.base@11.0.26/java.util.concurrent.ThreadPoolExecutor.runWorker(ThreadPoolExecutor.java:1128)
 java.base@11.0.26/java.util.concurrent.ThreadPoolExecutor$Worker.run(ThreadPoolExecutor.java:628)
 java.base@11.0.26/java.lang.Thread.run(Thread.java:834)
18-Jul-2025 00:41:47.616 INFO [Thread-1] org.apache.coyote.AbstractProtocol.stop Stopping ProtocolHandler ["http-nio-8080"]
18-Jul-2025 00:41:47.632 INFO [Thread-1] org.apache.coyote.AbstractProtocol.destroy Destroying ProtocolHandler ["http-nio-8080"]
18-Jul-2025 00:41:54.075 INFO [main] org.apache.catalina.startup.VersionLoggerListener.log Server version name:   Apache Tomcat/10.1.43
18-Jul-2025 00:41:54.088 INFO [main] org.apache.catalina.startup.VersionLoggerListener.log Server built:          Jul 1 2025 21:30:20 UTC
18-Jul-2025 00:41:54.089 INFO [main] org.apache.catalina.startup.VersionLoggerListener.log Server version number: 10.1.43.0
18-Jul-2025 00:41:54.090 INFO [main] org.apache.catalina.startup.VersionLoggerListener.log OS Name:               Windows 11
18-Jul-2025 00:41:54.090 INFO [main] org.apache.catalina.startup.VersionLoggerListener.log OS Version:            10.0
18-Jul-2025 00:41:54.090 INFO [main] org.apache.catalina.startup.VersionLoggerListener.log Architecture:          amd64
18-Jul-2025 00:41:54.091 INFO [main] org.apache.catalina.startup.VersionLoggerListener.log Java Home:             C:\Program Files\Java\jdk-11
18-Jul-2025 00:41:54.091 INFO [main] org.apache.catalina.startup.VersionLoggerListener.log JVM Version:           11.0.26+7-LTS-187
18-Jul-2025 00:41:54.091 INFO [main] org.apache.catalina.startup.VersionLoggerListener.log JVM Vendor:            Oracle Corporation
18-Jul-2025 00:41:54.091 INFO [main] org.apache.catalina.startup.VersionLoggerListener.log CATALINA_BASE:         C:\Users\saksh\Desktop\InventoryManagementSystem\apache-tomcat-10.1.43
18-Jul-2025 00:41:54.091 INFO [main] org.apache.catalina.startup.VersionLoggerListener.log CATALINA_HOME:         C:\Users\saksh\Desktop\InventoryManagementSystem\apache-tomcat-10.1.43
18-Jul-2025 00:41:54.128 INFO [main] org.apache.catalina.startup.VersionLoggerListener.log Command line argument: --add-opens=java.base/java.lang=ALL-UNNAMED
18-Jul-2025 00:41:54.129 INFO [main] org.apache.catalina.startup.VersionLoggerListener.log Command line argument: --add-opens=java.base/java.io=ALL-UNNAMED
18-Jul-2025 00:41:54.129 INFO [main] org.apache.catalina.startup.VersionLoggerListener.log Command line argument: --add-opens=java.base/java.util=ALL-UNNAMED
18-Jul-2025 00:41:54.130 INFO [main] org.apache.catalina.startup.VersionLoggerListener.log Command line argument: --add-opens=java.base/java.util.concurrent=ALL-UNNAMED
18-Jul-2025 00:41:54.130 INFO [main] org.apache.catalina.startup.VersionLoggerListener.log Command line argument: --add-opens=java.rmi/sun.rmi.transport=ALL-UNNAMED
18-Jul-2025 00:41:54.130 INFO [main] org.apache.catalina.startup.VersionLoggerListener.log Command line argument: -Dcatalina.home=C:\Users\saksh\Desktop\InventoryManagementSystem\apache-tomcat-10.1.43
18-Jul-2025 00:41:54.131 INFO [main] org.apache.catalina.startup.VersionLoggerListener.log Command line argument: -Dcatalina.base=C:\Users\saksh\Desktop\InventoryManagementSystem\apache-tomcat-10.1.43
18-Jul-2025 00:41:54.131 INFO [main] org.apache.catalina.startup.VersionLoggerListener.log Command line argument: -Djava.io.tmpdir=C:\Users\saksh\Desktop\InventoryManagementSystem\apache-tomcat-10.1.43\temp
18-Jul-2025 00:41:54.131 INFO [main] org.apache.catalina.startup.VersionLoggerListener.log Command line argument: -Djava.util.logging.config.file=C:\Users\saksh\Desktop\InventoryManagementSystem\apache-tomcat-10.1.43\conf\logging.properties
18-Jul-2025 00:41:54.131 INFO [main] org.apache.catalina.startup.VersionLoggerListener.log Command line argument: -Djava.util.logging.manager=org.apache.juli.ClassLoaderLogManager
18-Jul-2025 00:41:54.132 INFO [main] org.apache.catalina.startup.VersionLoggerListener.log Command line argument: -javaagent:C:\Program Files\JetBrains\IntelliJ IDEA Community Edition 2024.3.4.1\lib\idea_rt.jar=52453
18-Jul-2025 00:41:54.133 INFO [main] org.apache.catalina.startup.VersionLoggerListener.log Command line argument: -Dfile.encoding=UTF-8
18-Jul-2025 00:41:54.162 INFO [main] org.apache.catalina.core.AprLifecycleListener.lifecycleEvent The Apache Tomcat Native library which allows using OpenSSL was not found on the java.library.path: [C:\Program Files\Java\jdk-11\bin;C:\WINDOWS\Sun\Java\bin;C:\WINDOWS\system32;C:\WINDOWS;C:\Program Files\Eclipse Adoptium\jdk-11.0.27.6-hotspot\bin;C:\Program Files\Eclipse Adoptium\jre-17.0.15.6-hotspot\bin;C:\Program Files\Common Files\Oracle\Java\javapath;C:\Program Files (x86)\Common Files\Oracle\Java\java8path;C:\Program Files (x86)\Common Files\Oracle\Java\javapath;C:\Program Files\Java\jdk1.8.0_202

\bin;C:\Program Files\Java\jre1.8.0_431\bin;C:\Python312\Scripts\;C:\Python312\;C:\Python311\Scripts\;C:\Python311\;C:\WINDOWS\system32;C:\WINDOWS;C:\WINDOWS\System32\Wbem;C:\WINDOWS\System32\WindowsPowerShell\v1.0\;C:\WINDOWS\System32\OpenSSH\;C:\Program Files\dotnet\;C:\Users\saksh\Downloads;C:\Users\saksh\Downloads\ForwardNotifier-master\ForwardNotifier-master\ForwardNotifier Client Tools\Windows SSH Client tool;C:\Users\saksh\Downloads\app files\ForwardNotifier-master\ForwardNotifier-master\ForwardNotifier Client Tools\Windows SSH Client tool;C:\ProgramData\chocolatey\bin;C:\Android;C:\Windows\System32;C:\WINDOWS\system32;C:\WINDOWS;C:\WINDOWS\System32\Wbem;C:\WINDOWS\System32\WindowsPowerShell\v1.0\;C:\WINDOWS\System32\OpenSSH\;C:\Program Files\Calibre2\;C:\Program Files\nodejs\;C:\Program Files\HP\HP One Agent;C:\flutter;C:\Program Files\MySQL\MySQL Server 8.0\bin;C:\Program Files\Git\cmd;C:\Program Files\Git\cmd;C:\Windows\System32;C:\Windows;C:\Users\saksh\AppData\Local\Android\sdk\cmdline-tools\latest\bin;C:\Users\saksh\AppData\Local\Android\sdk\cmdline-tools\bin;C:\Users\saksh\Desktop\InventoryManagementSystem\apache-maven-3.9.10\bin;C:\Users\saksh\Desktop\InventoryManagementSystem\apache-maven-3.9.10\bin;C:\Program Files\MySQL\MySQL Shell 8.0\bin\;C:\Program Files\platform-tools;C:\Users\saksh\AppData\Local\Microsoft\WindowsApps;C:\Users\saksh\.dotnet\tools;C:\Program Files\JetBrains\PyCharm Community Edition 2022.1.2\bin;C:\Users\saksh\AppData\Local\spicetify;C:\Users\saksh\.dotnet\tools;C:\MinGW\bin;C:\Users\saksh\AppData\Local\Microsoft\WindowsApps;C:\Users\saksh\AppData\Roaming\npm;C:\flutter\bin;C:\Program Files\JetBrains\PyCharm Community Edition 2024.1.4\bin;C:\Users\saksh\AppData\Local\GitHubDesktop\bin;C:\Users\saksh\AppData\Roaming\Python\Python312\Scripts;C:\Program Files\Java\jdk-23\bin;C:\Users\saksh\AppData\Local\Programs\Ollama;C:\Users\saksh\AppData\Local\Programs\Microsoft VS Code\bin;C:\Program Files\Git\cmd;C:\flutter\bin;C:\Users\saksh\AppData\Roaming\npm;C:\Users\saksh\Desktop\InventoryManagementSystem\apache-maven-3.9.10\bin;C:\Program Files\Eclipse Adoptium\jdk-11.0.27.6-hotspot\bin;;.]
18-Jul-2025 00:41:54.884 INFO [main] org.apache.coyote.AbstractProtocol.init Initializing ProtocolHandler ["http-nio-8080"]
18-Jul-2025 00:41:54.925 INFO [main] org.apache.catalina.startup.Catalina.load Server initialization in [1418] milliseconds
18-Jul-2025 00:41:55.034 INFO [main] org.apache.catalina.core.StandardService.startInternal Starting service [Catalina]
18-Jul-2025 00:41:55.034 INFO [main] org.apache.catalina.core.StandardEngine.startInternal Starting Servlet engine: [Apache Tomcat/10.1.43]
18-Jul-2025 00:41:55.064 INFO [main] org.apache.catalina.startup.HostConfig.deployDescriptor Deploying deployment descriptor [C:\Users\saksh\Desktop\InventoryManagementSystem\apache-tomcat-10.1.43\conf\Catalina\localhost\InventoryManagementSystem#index.html.xml]
18-Jul-2025 00:41:55.211 WARNING [main] org.apache.catalina.webresources.DirResourceSet.initInternal Disabled the global canonical file name cache to protect against CVE-2024-56337 when starting the WebResourceSet at [C:\Users\saksh\Desktop\InventoryManagementSystem\target\classes] which is part of the web application [/InventoryManagementSystem/index.html]
18-Jul-2025 00:41:58.157 INFO [main] org.apache.jasper.servlet.TldScanner.scanJars At least one JAR was scanned for TLDs yet contained no TLDs. Enable debug logging for this logger for a complete list of JARs that were scanned but no TLDs were found in them. Skipping unneeded JARs during scanning can improve startup time and JSP compilation time.
18-Jul-2025 00:41:58.659 WARNING [main] org.apache.catalina.util.SessionIdGeneratorBase.createSecureRandom Creation of SecureRandom instance for session ID generation using [SHA1PRNG] took [378] milliseconds.
18-Jul-2025 00:41:58.704 INFO [main] org.apache.catalina.startup.HostConfig.deployDescriptor Deployment of deployment descriptor [C:\Users\saksh\Desktop\InventoryManagementSystem\apache-tomcat-10.1.43\conf\Catalina\localhost\InventoryManagementSystem#index.html.xml] has finished in [3,640] ms
18-Jul-2025 00:41:58.706 INFO [main] org.apache.catalina.startup.HostConfig.deployDirectory Deploying web application directory [C:\Users\saksh\Desktop\InventoryManagementSystem\apache-tomcat-10.1.43\webapps\docs]
18-Jul-2025 00:41:59.340 INFO [main] org.apache.jasper.servlet.TldScanner.scanJars At least one JAR was scanned for TLDs yet contained no TLDs. Enable debug logging for this logger for a complete list of JARs that were scanned but no TLDs were found in them. Skipping unneeded JARs during scanning can improve startup time and JSP compilation time.
18-Jul-2025 00:41:59.348 INFO [main] org.apache.catalina.startup.HostConfig.deployDirectory Deployment of web application directory [C:\Users\saksh\Desktop\InventoryManagementSystem\apache-tomcat-10.1.43\webapps\docs] has finished in [644] ms
18-Jul-2025 00:41:59.349 INFO [main] org.apache.catalina.startup.HostConfig.deployDirectory Deploying web application directory [C:\Users\saksh\Desktop\InventoryManagementSystem\apache-tomcat-10.1.43\webapps\examples]
18-Jul-2025 00:42:00.701 INFO [main] org.apache.jasper.servlet.TldScanner.scanJars At least one JAR was scanned for TLDs yet contained no TLDs. Enable debug logging for this logger for a complete list of JARs that were scanned but no TLDs were found in them. Skipping unneeded JARs during scanning can improve startup time and JSP compilation time.
18-Jul-2025 00:42:00.816 INFO [main] org.apache.catalina.startup.HostConfig.deployDirectory Deployment of web application directory [C:\Users\saksh\Desktop\InventoryManagementSystem\apache-tomcat-10.1.43\webapps\examples] has finished in [1,467] ms
18-Jul-2025 00:42:00.817 INFO [main] org.apache.catalina.startup.HostConfig.deployDirectory Deploying web application directory [C:\Users\saksh\Desktop\InventoryManagementSystem\apache-tomcat-10.1.43\webapps\host-manager]
18-Jul-2025 00:42:01.458 INFO [main] org.apache.jasper.servlet.TldScanner.scanJars At least one JAR was scanned for TLDs yet contained no TLDs. Enable debug logging for this logger for a complete list of JARs that were scanned but no TLDs were found in them. Skipping unneeded JARs during scanning can improve startup time and JSP compilation time.
18-Jul-2025 00:42:01.472 INFO [main] org.apache.catalina.startup.HostConfig.deployDirectory Deployment of web application directory [C:\Users\saksh\Desktop\InventoryManagementSystem\apache-tomcat-10.1.43\webapps\host-manager] has finished in [655] ms
18-Jul-2025 00:42:01.473 INFO [main] org.apache.catalina.startup.HostConfig.deployDirectory Deploying web application directory [C:\Users\saksh\Desktop\InventoryManagementSystem\apache-tomcat-10.1.43\webapps\manager]
18-Jul-2025 00:42:02.018 INFO [main] org.apache.jasper.servlet.TldScanner.scanJars At least one JAR was scanned for TLDs yet contained no TLDs. Enable debug logging for this logger for a complete list of JARs that were scanned but no TLDs were found in them. Skipping unneeded JARs during scanning can improve startup time and JSP compilation time.
18-Jul-2025 00:42:02.024 INFO [main] org.apache.catalina.startup.HostConfig.deployDirectory Deployment of web application directory [C:\Users\saksh\Desktop\InventoryManagementSystem\apache-tomcat-10.1.43\webapps\manager] has finished in [552] ms
18-Jul-2025 00:42:02.025 INFO [main] org.apache.catalina.startup.HostConfig.deployDirectory Deploying web application directory [C:\Users\saksh\Desktop\InventoryManagementSystem\apache-tomcat-10.1.43\webapps\ROOT]
18-Jul-2025 00:42:02.485 INFO [main] org.apache.jasper.servlet.TldScanner.scanJars At least one JAR was scanned for TLDs yet contained no TLDs. Enable debug logging for this logger for a complete list of JARs that were scanned but no TLDs were found in them. Skipping unneeded JARs during scanning can improve startup time and JSP compilation time.
18-Jul-2025 00:42:02.490 INFO [main] org.apache.catalina.startup.HostConfig.deployDirectory Deployment of web application directory [C:\Users\saksh\Desktop\InventoryManagementSystem\apache-tomcat-10.1.43\webapps\ROOT] has finished in [466] ms
18-Jul-2025 00:42:02.498 INFO [main] org.apache.coyote.AbstractProtocol.start Starting ProtocolHandler ["http-nio-8080"]
18-Jul-2025 00:42:02.873 INFO [main] org.apache.catalina.startup.Catalina.start Server startup in [7946] milliseconds
18-Jul-2025 00:47:21.628 INFO [Thread-1] org.apache.coyote.AbstractProtocol.pause Pausing ProtocolHandler ["http-nio-8080"]
18-Jul-2025 00:47:22.118 INFO [Thread-1] org.apache.catalina.core.StandardService.stopInternal Stopping service [Catalina]
18-Jul-2025 00:47:22.296 WARNING [Thread-1] org.apache.catalina.loader.WebappClassLoaderBase.clearReferencesJdbc The web application [InventoryManagementSystem#index.html] registered the JDBC driver [com.mysql.cj.jdbc.Driver] but failed to unregister it when the web application was stopped. To prevent a memory leak, the JDBC Driver has been forcibly unregistered.
18-Jul-2025 00:47:22.298 WARNING [Thread-1] org.apache.catalina.loader.WebappClassLoaderBase.clearReferencesThreads The web application [InventoryManagementSystem#index.html] appears to have started a thread named [mysql-cj-abandoned-connection-cleanup] but has failed to stop it. This is very likely to create a memory leak. Stack trace of thread:
 java.base@11.0.26/java.lang.Object.wait(Native Method)
 java.base@11.0.26/java.lang.ref.ReferenceQueue.remove(ReferenceQueue.java:155)
 com.mysql.cj.jdbc.AbandonedConnectionCleanupThread.run(AbandonedConnectionCleanupThread.java:91)
 java.base@11.0.26/java.util.concurrent.ThreadPoolExecutor.runWorker(ThreadPoolExecutor.java:1128)
 java.base@11.0.26/java.util.concurrent.ThreadPoolExecutor$Worker.run(ThreadPoolExecutor.java:628)
 java.base@11.0.26/java.lang.Thread.run(Thread.java:834)
18-Jul-2025 00:47:22.346 INFO [Thread-1] org.apache.coyote.AbstractProtocol.stop Stopping ProtocolHandler ["http-nio-8080"]
18-Jul-2025 00:47:22.382 INFO [Thread-1] org.apache.coyote.AbstractProtocol.destroy Destroying ProtocolHandler ["http-nio-8080"]
18-Jul-2025 00:48:47.912 INFO [main] org.apache.catalina.startup.VersionLoggerListener.log Server version name:   Apache Tomcat/10.1.43
18-Jul-2025 00:48:47.930 INFO [main] org.apache.catalina.startup.VersionLoggerListener.log Server built:          Jul 1 2025 21:30:20 UTC
18-Jul-2025 00:48:47.932 INFO [main] org.apache.catalina.startup.VersionLoggerListener.log Server version number: 10.1.43.0
18-Jul-2025 00:48:47.932 INFO [main] org.apache.catalina.startup.VersionLoggerListener.log OS Name:               Windows 11
18-Jul-2025 00:48:47.932 INFO [main] org.apache.catalina.startup.VersionLoggerListener.log OS Version:            10.0
18-Jul-2025 00:48:47.933 INFO [main] org.apache.catalina.startup.VersionLoggerListener.log Architecture:          amd64
18-Jul-2025 00:48:47.933 INFO [main] org.apache.catalina.startup.VersionLoggerListener.log Java Home:             C:\Program Files\Java\jdk-11
18-Jul-2025 00:48:47.933 INFO [main] org.apache.catalina.startup.VersionLoggerListener.log JVM Version:           11.0.26+7-LTS-187
18-Jul-2025 00:48:47.933 INFO [main] org.apache.catalina.startup.VersionLoggerListener.log JVM Vendor:            Oracle Corporation
18-Jul-2025 00:48:47.933 INFO [main] org.apache.catalina.startup.VersionLoggerListener.log CATALINA_BASE:         C:\Users\saksh\Desktop\InventoryManagementSystem\apache-tomcat-10.1.43
18-Jul-2025 00:48:47.934 INFO [main] org.apache.catalina.startup.VersionLoggerListener.log CATALINA_HOME:         C:\Users\saksh\Desktop\InventoryManagementSystem\apache-tomcat-10.1.43
18-Jul-2025 00:48:47.968 INFO [main] org.apache.catalina.startup.VersionLoggerListener.log Command line argument: --add-opens=java.base/java.lang=ALL-UNNAMED
18-Jul-2025 00:48:47.968 INFO [main] org.apache.catalina.startup.VersionLoggerListener.log Command line argument: --add-opens=java.base/java.io=ALL-UNNAMED
18-Jul-2025 00:48:47.968 INFO [main] org.apache.catalina.startup.VersionLoggerListener.log Command line argument: --add-opens=java.base/java.util=ALL-UNNAMED
18-Jul-2025 00:48:47.969 INFO [main] org.apache.catalina.startup.VersionLoggerListener.log Command line argument: --add-opens=java.base/java.util.concurrent=ALL-UNNAMED
18-Jul-2025 00:48:47.969 INFO [main] org.apache.catalina.startup.VersionLoggerListener.log Command line argument: --add-opens=java.rmi/sun.rmi.transport=ALL-UNNAMED
18-Jul-2025 00:48:47.969 INFO [main] org.apache.catalina.startup.VersionLoggerListener.log Command line argument: -Dcatalina.home=C:\Users\saksh\Desktop\InventoryManagementSystem\apache-tomcat-10.1.43
18-Jul-2025 00:48:47.969 INFO [main] org.apache.catalina.startup.VersionLoggerListener.log Command line argument: -Dcatalina.base=C:\Users\saksh\Desktop\InventoryManagementSystem\apache-tomcat-10.1.43
18-Jul-2025 00:48:47.969 INFO [main] org.apache.catalina.startup.VersionLoggerListener.log Command line argument: -Djava.io.tmpdir=C:\Users\saksh\Desktop\InventoryManagementSystem\apache-tomcat-10.1.43\temp
18-Jul-2025 00:48:47.970 INFO [main] org.apache.catalina.startup.VersionLoggerListener.log Command line argument: -Djava.util.logging.config.file=C:\Users\saksh\Desktop\InventoryManagementSystem\apache-tomcat-10.1.43\conf\logging.properties
18-Jul-2025 00:48:47.970 INFO [main] org.apache.catalina.startup.VersionLoggerListener.log Command line argument: -Djava.util.logging.manager=org.apache.juli.ClassLoaderLogManager
18-Jul-2025 00:48:47.970 INFO [main] org.apache.catalina.startup.VersionLoggerListener.log Command line argument: -javaagent:C:\Program Files\JetBrains\IntelliJ IDEA Community Edition 2024.3.4.1\lib\idea_rt.jar=52571
18-Jul-2025 00:48:47.970 INFO [main] org.apache.catalina.startup.VersionLoggerListener.log Command line argument: -Dfile.encoding=UTF-8
18-Jul-2025 00:48:48.034 INFO [main] org.apache.catalina.core.AprLifecycleListener.lifecycleEvent The Apache Tomcat Native library which allows using OpenSSL was not found on the java.library.path: [C:\Program Files\Java\jdk-11\bin;C:\WINDOWS\Sun\Java\bin;C:\WINDOWS\system32;C:\WINDOWS;C:\Program Files\Eclipse Adoptium\jdk-11.0.27.6-hotspot\bin;C:\Program Files\Eclipse Adoptium\jre-17.0.15.6-hotspot\bin;C:\Program Files\Common Files\Oracle\Java\javapath;C:\Program Files (x86)\Common Files\Oracle\Java\java8path;C:\Program Files (x86)\Common Files\Oracle\Java\javapath;C:\Program Files\Java\jdk1.8.0_202

\bin;C:\Program Files\Java\jre1.8.0_431\bin;C:\Python312\Scripts\;C:\Python312\;C:\Python311\Scripts\;C:\Python311\;C:\WINDOWS\system32;C:\WINDOWS;C:\WINDOWS\System32\Wbem;C:\WINDOWS\System32\WindowsPowerShell\v1.0\;C:\WINDOWS\System32\OpenSSH\;C:\Program Files\dotnet\;C:\Users\saksh\Downloads;C:\Users\saksh\Downloads\ForwardNotifier-master\ForwardNotifier-master\ForwardNotifier Client Tools\Windows SSH Client tool;C:\Users\saksh\Downloads\app files\ForwardNotifier-master\ForwardNotifier-master\ForwardNotifier Client Tools\Windows SSH Client tool;C:\ProgramData\chocolatey\bin;C:\Android;C:\Windows\System32;C:\WINDOWS\system32;C:\WINDOWS;C:\WINDOWS\System32\Wbem;C:\WINDOWS\System32\WindowsPowerShell\v1.0\;C:\WINDOWS\System32\OpenSSH\;C:\Program Files\Calibre2\;C:\Program Files\nodejs\;C:\Program Files\HP\HP One Agent;C:\flutter;C:\Program Files\MySQL\MySQL Server 8.0\bin;C:\Program Files\Git\cmd;C:\Program Files\Git\cmd;C:\Windows\System32;C:\Windows;C:\Users\saksh\AppData\Local\Android\sdk\cmdline-tools\latest\bin;C:\Users\saksh\AppData\Local\Android\sdk\cmdline-tools\bin;C:\Users\saksh\Desktop\InventoryManagementSystem\apache-maven-3.9.10\bin;C:\Users\saksh\Desktop\InventoryManagementSystem\apache-maven-3.9.10\bin;C:\Program Files\MySQL\MySQL Shell 8.0\bin\;C:\Program Files\platform-tools;C:\Users\saksh\AppData\Local\Microsoft\WindowsApps;C:\Users\saksh\.dotnet\tools;C:\Program Files\JetBrains\PyCharm Community Edition 2022.1.2\bin;C:\Users\saksh\AppData\Local\spicetify;C:\Users\saksh\.dotnet\tools;C:\MinGW\bin;C:\Users\saksh\AppData\Local\Microsoft\WindowsApps;C:\Users\saksh\AppData\Roaming\npm;C:\flutter\bin;C:\Program Files\JetBrains\PyCharm Community Edition 2024.1.4\bin;C:\Users\saksh\AppData\Local\GitHubDesktop\bin;C:\Users\saksh\AppData\Roaming\Python\Python312\Scripts;C:\Program Files\Java\jdk-23\bin;C:\Users\saksh\AppData\Local\Programs\Ollama;C:\Users\saksh\AppData\Local\Programs\Microsoft VS Code\bin;C:\Program Files\Git\cmd;C:\flutter\bin;C:\Users\saksh\AppData\Roaming\npm;C:\Users\saksh\Desktop\InventoryManagementSystem\apache-maven-3.9.10\bin;C:\Program Files\Eclipse Adoptium\jdk-11.0.27.6-hotspot\bin;;.]
18-Jul-2025 00:48:48.982 INFO [main] org.apache.coyote.AbstractProtocol.init Initializing ProtocolHandler ["http-nio-8080"]
18-Jul-2025 00:48:49.045 INFO [main] org.apache.catalina.startup.Catalina.load Server initialization in [1865] milliseconds
18-Jul-2025 00:48:49.252 INFO [main] org.apache.catalina.core.StandardService.startInternal Starting service [Catalina]
18-Jul-2025 00:48:49.253 INFO [main] org.apache.catalina.core.StandardEngine.startInternal Starting Servlet engine: [Apache Tomcat/10.1.43]
18-Jul-2025 00:48:49.298 INFO [main] org.apache.catalina.startup.HostConfig.deployDescriptor Deploying deployment descriptor [C:\Users\saksh\Desktop\InventoryManagementSystem\apache-tomcat-10.1.43\conf\Catalina\localhost\InventoryManagementSystem#index.html.xml]
18-Jul-2025 00:48:49.498 WARNING [main] org.apache.catalina.webresources.DirResourceSet.initInternal Disabled the global canonical file name cache to protect against CVE-2024-56337 when starting the WebResourceSet at [C:\Users\saksh\Desktop\InventoryManagementSystem\target\classes] which is part of the web application [/InventoryManagementSystem/index.html]
18-Jul-2025 00:48:53.425 INFO [main] org.apache.jasper.servlet.TldScanner.scanJars At least one JAR was scanned for TLDs yet contained no TLDs. Enable debug logging for this logger for a complete list of JARs that were scanned but no TLDs were found in them. Skipping unneeded JARs during scanning can improve startup time and JSP compilation time.
18-Jul-2025 00:48:54.076 WARNING [main] org.apache.catalina.util.SessionIdGeneratorBase.createSecureRandom Creation of SecureRandom instance for session ID generation using [SHA1PRNG] took [482] milliseconds.
18-Jul-2025 00:48:54.132 INFO [main] org.apache.catalina.startup.HostConfig.deployDescriptor Deployment of deployment descriptor [C:\Users\saksh\Desktop\InventoryManagementSystem\apache-tomcat-10.1.43\conf\Catalina\localhost\InventoryManagementSystem#index.html.xml] has finished in [4,834] ms
18-Jul-2025 00:48:54.134 INFO [main] org.apache.catalina.startup.HostConfig.deployDirectory Deploying web application directory [C:\Users\saksh\Desktop\InventoryManagementSystem\apache-tomcat-10.1.43\webapps\docs]
18-Jul-2025 00:48:54.985 INFO [main] org.apache.jasper.servlet.TldScanner.scanJars At least one JAR was scanned for TLDs yet contained no TLDs. Enable debug logging for this logger for a complete list of JARs that were scanned but no TLDs were found in them. Skipping unneeded JARs during scanning can improve startup time and JSP compilation time.
18-Jul-2025 00:48:54.993 INFO [main] org.apache.catalina.startup.HostConfig.deployDirectory Deployment of web application directory [C:\Users\saksh\Desktop\InventoryManagementSystem\apache-tomcat-10.1.43\webapps\docs] has finished in [859] ms
18-Jul-2025 00:48:54.995 INFO [main] org.apache.catalina.startup.HostConfig.deployDirectory Deploying web application directory [C:\Users\saksh\Desktop\InventoryManagementSystem\apache-tomcat-10.1.43\webapps\examples]
18-Jul-2025 00:48:56.599 INFO [main] org.apache.jasper.servlet.TldScanner.scanJars At least one JAR was scanned for TLDs yet contained no TLDs. Enable debug logging for this logger for a complete list of JARs that were scanned but no TLDs were found in them. Skipping unneeded JARs during scanning can improve startup time and JSP compilation time.
18-Jul-2025 00:48:56.738 INFO [main] org.apache.catalina.startup.HostConfig.deployDirectory Deployment of web application directory [C:\Users\saksh\Desktop\InventoryManagementSystem\apache-tomcat-10.1.43\webapps\examples] has finished in [1,744] ms
18-Jul-2025 00:48:56.738 INFO [main] org.apache.catalina.startup.HostConfig.deployDirectory Deploying web application directory [C:\Users\saksh\Desktop\InventoryManagementSystem\apache-tomcat-10.1.43\webapps\host-manager]
18-Jul-2025 00:48:57.510 INFO [main] org.apache.jasper.servlet.TldScanner.scanJars At least one JAR was scanned for TLDs yet contained no TLDs. Enable debug logging for this logger for a complete list of JARs that were scanned but no TLDs were found in them. Skipping unneeded JARs during scanning can improve startup time and JSP compilation time.
18-Jul-2025 00:48:57.528 INFO [main] org.apache.catalina.startup.HostConfig.deployDirectory Deployment of web application directory [C:\Users\saksh\Desktop\InventoryManagementSystem\apache-tomcat-10.1.43\webapps\host-manager] has finished in [789] ms
18-Jul-2025 00:48:57.528 INFO [main] org.apache.catalina.startup.HostConfig.deployDirectory Deploying web application directory [C:\Users\saksh\Desktop\InventoryManagementSystem\apache-tomcat-10.1.43\webapps\manager]
18-Jul-2025 00:48:58.246 INFO [main] org.apache.jasper.servlet.TldScanner.scanJars At least one JAR was scanned for TLDs yet contained no TLDs. Enable debug logging for this logger for a complete list of JARs that were scanned but no TLDs were found in them. Skipping unneeded JARs during scanning can improve startup time and JSP compilation time.
18-Jul-2025 00:48:58.253 INFO [main] org.apache.catalina.startup.HostConfig.deployDirectory Deployment of web application directory [C:\Users\saksh\Desktop\InventoryManagementSystem\apache-tomcat-10.1.43\webapps\manager] has finished in [724] ms
18-Jul-2025 00:48:58.253 INFO [main] org.apache.catalina.startup.HostConfig.deployDirectory Deploying web application directory [C:\Users\saksh\Desktop\InventoryManagementSystem\apache-tomcat-10.1.43\webapps\ROOT]
18-Jul-2025 00:48:58.808 INFO [main] org.apache.jasper.servlet.TldScanner.scanJars At least one JAR was scanned for TLDs yet contained no TLDs. Enable debug logging for this logger for a complete list of JARs that were scanned but no TLDs were found in them. Skipping unneeded JARs during scanning can improve startup time and JSP compilation time.
18-Jul-2025 00:48:58.816 INFO [main] org.apache.catalina.startup.HostConfig.deployDirectory Deployment of web application directory [C:\Users\saksh\Desktop\InventoryManagementSystem\apache-tomcat-10.1.43\webapps\ROOT] has finished in [562] ms
18-Jul-2025 00:48:58.827 INFO [main] org.apache.coyote.AbstractProtocol.start Starting ProtocolHandler ["http-nio-8080"]
18-Jul-2025 00:48:59.297 INFO [main] org.apache.catalina.startup.Catalina.start Server startup in [10252] milliseconds
18-Jul-2025 00:57:23.215 INFO [Thread-1] org.apache.coyote.AbstractProtocol.pause Pausing ProtocolHandler ["http-nio-8080"]
18-Jul-2025 00:57:23.678 INFO [Thread-1] org.apache.catalina.core.StandardService.stopInternal Stopping service [Catalina]
18-Jul-2025 00:57:23.915 WARNING [Thread-1] org.apache.catalina.loader.WebappClassLoaderBase.clearReferencesJdbc The web application [InventoryManagementSystem#index.html] registered the JDBC driver [com.mysql.cj.jdbc.Driver] but failed to unregister it when the web application was stopped. To prevent a memory leak, the JDBC Driver has been forcibly unregistered.
18-Jul-2025 00:57:23.918 WARNING [Thread-1] org.apache.catalina.loader.WebappClassLoaderBase.clearReferencesThreads The web application [InventoryManagementSystem#index.html] appears to have started a thread named [mysql-cj-abandoned-connection-cleanup] but has failed to stop it. This is very likely to create a memory leak. Stack trace of thread:
 java.base@11.0.26/java.lang.Object.wait(Native Method)
 java.base@11.0.26/java.lang.ref.ReferenceQueue.remove(ReferenceQueue.java:155)
 com.mysql.cj.jdbc.AbandonedConnectionCleanupThread.run(AbandonedConnectionCleanupThread.java:91)
 java.base@11.0.26/java.util.concurrent.ThreadPoolExecutor.runWorker(ThreadPoolExecutor.java:1128)
 java.base@11.0.26/java.util.concurrent.ThreadPoolExecutor$Worker.run(ThreadPoolExecutor.java:628)
 java.base@11.0.26/java.lang.Thread.run(Thread.java:834)
18-Jul-2025 00:57:23.992 INFO [Thread-1] org.apache.coyote.AbstractProtocol.stop Stopping ProtocolHandler ["http-nio-8080"]
18-Jul-2025 00:57:24.028 INFO [Thread-1] org.apache.coyote.AbstractProtocol.destroy Destroying ProtocolHandler ["http-nio-8080"]
18-Jul-2025 00:57:29.697 INFO [main] org.apache.catalina.startup.VersionLoggerListener.log Server version name:   Apache Tomcat/10.1.43
18-Jul-2025 00:57:29.710 INFO [main] org.apache.catalina.startup.VersionLoggerListener.log Server built:          Jul 1 2025 21:30:20 UTC
18-Jul-2025 00:57:29.710 INFO [main] org.apache.catalina.startup.VersionLoggerListener.log Server version number: 10.1.43.0
18-Jul-2025 00:57:29.711 INFO [main] org.apache.catalina.startup.VersionLoggerListener.log OS Name:               Windows 11
18-Jul-2025 00:57:29.711 INFO [main] org.apache.catalina.startup.VersionLoggerListener.log OS Version:            10.0
18-Jul-2025 00:57:29.712 INFO [main] org.apache.catalina.startup.VersionLoggerListener.log Architecture:          amd64
18-Jul-2025 00:57:29.712 INFO [main] org.apache.catalina.startup.VersionLoggerListener.log Java Home:             C:\Program Files\Java\jdk-11
18-Jul-2025 00:57:29.712 INFO [main] org.apache.catalina.startup.VersionLoggerListener.log JVM Version:           11.0.26+7-LTS-187
18-Jul-2025 00:57:29.712 INFO [main] org.apache.catalina.startup.VersionLoggerListener.log JVM Vendor:            Oracle Corporation
18-Jul-2025 00:57:29.712 INFO [main] org.apache.catalina.startup.VersionLoggerListener.log CATALINA_BASE:         C:\Users\saksh\Desktop\InventoryManagementSystem\apache-tomcat-10.1.43
18-Jul-2025 00:57:29.712 INFO [main] org.apache.catalina.startup.VersionLoggerListener.log CATALINA_HOME:         C:\Users\saksh\Desktop\InventoryManagementSystem\apache-tomcat-10.1.43
18-Jul-2025 00:57:29.763 INFO [main] org.apache.catalina.startup.VersionLoggerListener.log Command line argument: --add-opens=java.base/java.lang=ALL-UNNAMED
18-Jul-2025 00:57:29.763 INFO [main] org.apache.catalina.startup.VersionLoggerListener.log Command line argument: --add-opens=java.base/java.io=ALL-UNNAMED
18-Jul-2025 00:57:29.763 INFO [main] org.apache.catalina.startup.VersionLoggerListener.log Command line argument: --add-opens=java.base/java.util=ALL-UNNAMED
18-Jul-2025 00:57:29.763 INFO [main] org.apache.catalina.startup.VersionLoggerListener.log Command line argument: --add-opens=java.base/java.util.concurrent=ALL-UNNAMED
18-Jul-2025 00:57:29.765 INFO [main] org.apache.catalina.startup.VersionLoggerListener.log Command line argument: --add-opens=java.rmi/sun.rmi.transport=ALL-UNNAMED
18-Jul-2025 00:57:29.765 INFO [main] org.apache.catalina.startup.VersionLoggerListener.log Command line argument: -Dcatalina.home=C:\Users\saksh\Desktop\InventoryManagementSystem\apache-tomcat-10.1.43
18-Jul-2025 00:57:29.765 INFO [main] org.apache.catalina.startup.VersionLoggerListener.log Command line argument: -Dcatalina.base=C:\Users\saksh\Desktop\InventoryManagementSystem\apache-tomcat-10.1.43
18-Jul-2025 00:57:29.765 INFO [main] org.apache.catalina.startup.VersionLoggerListener.log Command line argument: -Djava.io.tmpdir=C:\Users\saksh\Desktop\InventoryManagementSystem\apache-tomcat-10.1.43\temp
18-Jul-2025 00:57:29.767 INFO [main] org.apache.catalina.startup.VersionLoggerListener.log Command line argument: -Djava.util.logging.config.file=C:\Users\saksh\Desktop\InventoryManagementSystem\apache-tomcat-10.1.43\conf\logging.properties
18-Jul-2025 00:57:29.768 INFO [main] org.apache.catalina.startup.VersionLoggerListener.log Command line argument: -Djava.util.logging.manager=org.apache.juli.ClassLoaderLogManager
18-Jul-2025 00:57:29.768 INFO [main] org.apache.catalina.startup.VersionLoggerListener.log Command line argument: -javaagent:C:\Program Files\JetBrains\IntelliJ IDEA Community Edition 2024.3.4.1\lib\idea_rt.jar=52702
18-Jul-2025 00:57:29.768 INFO [main] org.apache.catalina.startup.VersionLoggerListener.log Command line argument: -Dfile.encoding=UTF-8
18-Jul-2025 00:57:29.835 INFO [main] org.apache.catalina.core.AprLifecycleListener.lifecycleEvent The Apache Tomcat Native library which allows using OpenSSL was not found on the java.library.path: [C:\Program Files\Java\jdk-11\bin;C:\WINDOWS\Sun\Java\bin;C:\WINDOWS\system32;C:\WINDOWS;C:\Program Files\Eclipse Adoptium\jdk-11.0.27.6-hotspot\bin;C:\Program Files\Eclipse Adoptium\jre-17.0.15.6-hotspot\bin;C:\Program Files\Common Files\Oracle\Java\javapath;C:\Program Files (x86)\Common Files\Oracle\Java\java8path;C:\Program Files (x86)\Common Files\Oracle\Java\javapath;C:\Program Files\Java\jdk1.8.0_202

\bin;C:\Program Files\Java\jre1.8.0_431\bin;C:\Python312\Scripts\;C:\Python312\;C:\Python311\Scripts\;C:\Python311\;C:\WINDOWS\system32;C:\WINDOWS;C:\WINDOWS\System32\Wbem;C:\WINDOWS\System32\WindowsPowerShell\v1.0\;C:\WINDOWS\System32\OpenSSH\;C:\Program Files\dotnet\;C:\Users\saksh\Downloads;C:\Users\saksh\Downloads\ForwardNotifier-master\ForwardNotifier-master\ForwardNotifier Client Tools\Windows SSH Client tool;C:\Users\saksh\Downloads\app files\ForwardNotifier-master\ForwardNotifier-master\ForwardNotifier Client Tools\Windows SSH Client tool;C:\ProgramData\chocolatey\bin;C:\Android;C:\Windows\System32;C:\WINDOWS\system32;C:\WINDOWS;C:\WINDOWS\System32\Wbem;C:\WINDOWS\System32\WindowsPowerShell\v1.0\;C:\WINDOWS\System32\OpenSSH\;C:\Program Files\Calibre2\;C:\Program Files\nodejs\;C:\Program Files\HP\HP One Agent;C:\flutter;C:\Program Files\MySQL\MySQL Server 8.0\bin;C:\Program Files\Git\cmd;C:\Program Files\Git\cmd;C:\Windows\System32;C:\Windows;C:\Users\saksh\AppData\Local\Android\sdk\cmdline-tools\latest\bin;C:\Users\saksh\AppData\Local\Android\sdk\cmdline-tools\bin;C:\Users\saksh\Desktop\InventoryManagementSystem\apache-maven-3.9.10\bin;C:\Users\saksh\Desktop\InventoryManagementSystem\apache-maven-3.9.10\bin;C:\Program Files\MySQL\MySQL Shell 8.0\bin\;C:\Program Files\platform-tools;C:\Users\saksh\AppData\Local\Microsoft\WindowsApps;C:\Users\saksh\.dotnet\tools;C:\Program Files\JetBrains\PyCharm Community Edition 2022.1.2\bin;C:\Users\saksh\AppData\Local\spicetify;C:\Users\saksh\.dotnet\tools;C:\MinGW\bin;C:\Users\saksh\AppData\Local\Microsoft\WindowsApps;C:\Users\saksh\AppData\Roaming\npm;C:\flutter\bin;C:\Program Files\JetBrains\PyCharm Community Edition 2024.1.4\bin;C:\Users\saksh\AppData\Local\GitHubDesktop\bin;C:\Users\saksh\AppData\Roaming\Python\Python312\Scripts;C:\Program Files\Java\jdk-23\bin;C:\Users\saksh\AppData\Local\Programs\Ollama;C:\Users\saksh\AppData\Local\Programs\Microsoft VS Code\bin;C:\Program Files\Git\cmd;C:\flutter\bin;C:\Users\saksh\AppData\Roaming\npm;C:\Users\saksh\Desktop\InventoryManagementSystem\apache-maven-3.9.10\bin;C:\Program Files\Eclipse Adoptium\jdk-11.0.27.6-hotspot\bin;;.]
18-Jul-2025 00:57:30.771 INFO [main] org.apache.coyote.AbstractProtocol.init Initializing ProtocolHandler ["http-nio-8080"]
18-Jul-2025 00:57:30.833 INFO [main] org.apache.catalina.startup.Catalina.load Server initialization in [1874] milliseconds
18-Jul-2025 00:57:31.042 INFO [main] org.apache.catalina.core.StandardService.startInternal Starting service [Catalina]
18-Jul-2025 00:57:31.044 INFO [main] org.apache.catalina.core.StandardEngine.startInternal Starting Servlet engine: [Apache Tomcat/10.1.43]
18-Jul-2025 00:57:31.088 INFO [main] org.apache.catalina.startup.HostConfig.deployDescriptor Deploying deployment descriptor [C:\Users\saksh\Desktop\InventoryManagementSystem\apache-tomcat-10.1.43\conf\Catalina\localhost\InventoryManagementSystem#index.html.xml]
18-Jul-2025 00:57:31.260 WARNING [main] org.apache.catalina.webresources.DirResourceSet.initInternal Disabled the global canonical file name cache to protect against CVE-2024-56337 when starting the WebResourceSet at [C:\Users\saksh\Desktop\InventoryManagementSystem\target\classes] which is part of the web application [/InventoryManagementSystem/index.html]
18-Jul-2025 00:57:34.580 INFO [main] org.apache.jasper.servlet.TldScanner.scanJars At least one JAR was scanned for TLDs yet contained no TLDs. Enable debug logging for this logger for a complete list of JARs that were scanned but no TLDs were found in them. Skipping unneeded JARs during scanning can improve startup time and JSP compilation time.
18-Jul-2025 00:57:35.051 WARNING [main] org.apache.catalina.util.SessionIdGeneratorBase.createSecureRandom Creation of SecureRandom instance for session ID generation using [SHA1PRNG] took [303] milliseconds.
18-Jul-2025 00:57:35.090 INFO [main] org.apache.catalina.startup.HostConfig.deployDescriptor Deployment of deployment descriptor [C:\Users\saksh\Desktop\InventoryManagementSystem\apache-tomcat-10.1.43\conf\Catalina\localhost\InventoryManagementSystem#index.html.xml] has finished in [4,002] ms
18-Jul-2025 00:57:35.091 INFO [main] org.apache.catalina.startup.HostConfig.deployDirectory Deploying web application directory [C:\Users\saksh\Desktop\InventoryManagementSystem\apache-tomcat-10.1.43\webapps\docs]
18-Jul-2025 00:57:35.639 INFO [main] org.apache.jasper.servlet.TldScanner.scanJars At least one JAR was scanned for TLDs yet contained no TLDs. Enable debug logging for this logger for a complete list of JARs that were scanned but no TLDs were found in them. Skipping unneeded JARs during scanning can improve startup time and JSP compilation time.
18-Jul-2025 00:57:35.646 INFO [main] org.apache.catalina.startup.HostConfig.deployDirectory Deployment of web application directory [C:\Users\saksh\Desktop\InventoryManagementSystem\apache-tomcat-10.1.43\webapps\docs] has finished in [555] ms
18-Jul-2025 00:57:35.647 INFO [main] org.apache.catalina.startup.HostConfig.deployDirectory Deploying web application directory [C:\Users\saksh\Desktop\InventoryManagementSystem\apache-tomcat-10.1.43\webapps\examples]
18-Jul-2025 00:57:36.951 INFO [main] org.apache.jasper.servlet.TldScanner.scanJars At least one JAR was scanned for TLDs yet contained no TLDs. Enable debug logging for this logger for a complete list of JARs that were scanned but no TLDs were found in them. Skipping unneeded JARs during scanning can improve startup time and JSP compilation time.
18-Jul-2025 00:57:37.294 INFO [main] org.apache.catalina.startup.HostConfig.deployDirectory Deployment of web application directory [C:\Users\saksh\Desktop\InventoryManagementSystem\apache-tomcat-10.1.43\webapps\examples] has finished in [1,647] ms
18-Jul-2025 00:57:37.295 INFO [main] org.apache.catalina.startup.HostConfig.deployDirectory Deploying web application directory [C:\Users\saksh\Desktop\InventoryManagementSystem\apache-tomcat-10.1.43\webapps\host-manager]
18-Jul-2025 00:57:38.277 INFO [main] org.apache.jasper.servlet.TldScanner.scanJars At least one JAR was scanned for TLDs yet contained no TLDs. Enable debug logging for this logger for a complete list of JARs that were scanned but no TLDs were found in them. Skipping unneeded JARs during scanning can improve startup time and JSP compilation time.
18-Jul-2025 00:57:38.299 INFO [main] org.apache.catalina.startup.HostConfig.deployDirectory Deployment of web application directory [C:\Users\saksh\Desktop\InventoryManagementSystem\apache-tomcat-10.1.43\webapps\host-manager] has finished in [1,004] ms
18-Jul-2025 00:57:38.300 INFO [main] org.apache.catalina.startup.HostConfig.deployDirectory Deploying web application directory [C:\Users\saksh\Desktop\InventoryManagementSystem\apache-tomcat-10.1.43\webapps\manager]
18-Jul-2025 00:57:39.069 INFO [main] org.apache.jasper.servlet.TldScanner.scanJars At least one JAR was scanned for TLDs yet contained no TLDs. Enable debug logging for this logger for a complete list of JARs that were scanned but no TLDs were found in them. Skipping unneeded JARs during scanning can improve startup time and JSP compilation time.
18-Jul-2025 00:57:39.076 INFO [main] org.apache.catalina.startup.HostConfig.deployDirectory Deployment of web application directory [C:\Users\saksh\Desktop\InventoryManagementSystem\apache-tomcat-10.1.43\webapps\manager] has finished in [777] ms
18-Jul-2025 00:57:39.076 INFO [main] org.apache.catalina.startup.HostConfig.deployDirectory Deploying web application directory [C:\Users\saksh\Desktop\InventoryManagementSystem\apache-tomcat-10.1.43\webapps\ROOT]
18-Jul-2025 00:57:39.585 INFO [main] org.apache.jasper.servlet.TldScanner.scanJars At least one JAR was scanned for TLDs yet contained no TLDs. Enable debug logging for this logger for a complete list of JARs that were scanned but no TLDs were found in them. Skipping unneeded JARs during scanning can improve startup time and JSP compilation time.
18-Jul-2025 00:57:39.590 INFO [main] org.apache.catalina.startup.HostConfig.deployDirectory Deployment of web application directory [C:\Users\saksh\Desktop\InventoryManagementSystem\apache-tomcat-10.1.43\webapps\ROOT] has finished in [513] ms
18-Jul-2025 00:57:39.599 INFO [main] org.apache.coyote.AbstractProtocol.start Starting ProtocolHandler ["http-nio-8080"]
18-Jul-2025 00:57:39.971 INFO [main] org.apache.catalina.startup.Catalina.start Server startup in [9136] milliseconds
18-Jul-2025 01:04:13.537 INFO [Thread-1] org.apache.coyote.AbstractProtocol.pause Pausing ProtocolHandler ["http-nio-8080"]
18-Jul-2025 01:04:13.985 INFO [Thread-1] org.apache.catalina.core.StandardService.stopInternal Stopping service [Catalina]
18-Jul-2025 01:04:14.309 WARNING [Thread-1] org.apache.catalina.loader.WebappClassLoaderBase.clearReferencesJdbc The web application [InventoryManagementSystem#index.html] registered the JDBC driver [com.mysql.cj.jdbc.Driver] but failed to unregister it when the web application was stopped. To prevent a memory leak, the JDBC Driver has been forcibly unregistered.
18-Jul-2025 01:04:14.314 WARNING [Thread-1] org.apache.catalina.loader.WebappClassLoaderBase.clearReferencesThreads The web application [InventoryManagementSystem#index.html] appears to have started a thread named [mysql-cj-abandoned-connection-cleanup] but has failed to stop it. This is very likely to create a memory leak. Stack trace of thread:
 java.base@11.0.26/java.lang.Object.wait(Native Method)
 java.base@11.0.26/java.lang.ref.ReferenceQueue.remove(ReferenceQueue.java:155)
 com.mysql.cj.jdbc.AbandonedConnectionCleanupThread.run(AbandonedConnectionCleanupThread.java:91)
 java.base@11.0.26/java.util.concurrent.ThreadPoolExecutor.runWorker(ThreadPoolExecutor.java:1128)
 java.base@11.0.26/java.util.concurrent.ThreadPoolExecutor$Worker.run(ThreadPoolExecutor.java:628)
 java.base@11.0.26/java.lang.Thread.run(Thread.java:834)
18-Jul-2025 01:04:14.404 INFO [Thread-1] org.apache.coyote.AbstractProtocol.stop Stopping ProtocolHandler ["http-nio-8080"]
18-Jul-2025 01:04:14.450 INFO [Thread-1] org.apache.coyote.AbstractProtocol.destroy Destroying ProtocolHandler ["http-nio-8080"]
