16-Jul-2025 22:09:37.308 INFO [main] org.apache.catalina.startup.VersionLoggerListener.log Server version name:   Apache Tomcat/10.1.43
16-Jul-2025 22:09:37.329 INFO [main] org.apache.catalina.startup.VersionLoggerListener.log Server built:          Jul 1 2025 21:30:20 UTC
16-Jul-2025 22:09:37.332 INFO [main] org.apache.catalina.startup.VersionLoggerListener.log Server version number: 10.1.43.0
16-Jul-2025 22:09:37.334 INFO [main] org.apache.catalina.startup.VersionLoggerListener.log OS Name:               Windows 11
16-Jul-2025 22:09:37.334 INFO [main] org.apache.catalina.startup.VersionLoggerListener.log OS Version:            10.0
16-Jul-2025 22:09:37.334 INFO [main] org.apache.catalina.startup.VersionLoggerListener.log Architecture:          amd64
16-Jul-2025 22:09:37.334 INFO [main] org.apache.catalina.startup.VersionLoggerListener.log Java Home:             C:\Program Files\Java\jdk-11
16-Jul-2025 22:09:37.335 INFO [main] org.apache.catalina.startup.VersionLoggerListener.log JVM Version:           11.0.26+7-LTS-187
16-Jul-2025 22:09:37.335 INFO [main] org.apache.catalina.startup.VersionLoggerListener.log JVM Vendor:            Oracle Corporation
16-Jul-2025 22:09:37.335 INFO [main] org.apache.catalina.startup.VersionLoggerListener.log CATALINA_BASE:         C:\Users\saksh\Desktop\InventoryManagementSystem\apache-tomcat-10.1.43
16-Jul-2025 22:09:37.335 INFO [main] org.apache.catalina.startup.VersionLoggerListener.log CATALINA_HOME:         C:\Users\saksh\Desktop\InventoryManagementSystem\apache-tomcat-10.1.43
16-Jul-2025 22:09:37.389 INFO [main] org.apache.catalina.startup.VersionLoggerListener.log Command line argument: --add-opens=java.base/java.lang=ALL-UNNAMED
16-Jul-2025 22:09:37.390 INFO [main] org.apache.catalina.startup.VersionLoggerListener.log Command line argument: --add-opens=java.base/java.io=ALL-UNNAMED
16-Jul-2025 22:09:37.390 INFO [main] org.apache.catalina.startup.VersionLoggerListener.log Command line argument: --add-opens=java.base/java.util=ALL-UNNAMED
16-Jul-2025 22:09:37.391 INFO [main] org.apache.catalina.startup.VersionLoggerListener.log Command line argument: --add-opens=java.base/java.util.concurrent=ALL-UNNAMED
16-Jul-2025 22:09:37.391 INFO [main] org.apache.catalina.startup.VersionLoggerListener.log Command line argument: --add-opens=java.rmi/sun.rmi.transport=ALL-UNNAMED
16-Jul-2025 22:09:37.391 INFO [main] org.apache.catalina.startup.VersionLoggerListener.log Command line argument: -Dcatalina.home=C:\Users\saksh\Desktop\InventoryManagementSystem\apache-tomcat-10.1.43
16-Jul-2025 22:09:37.391 INFO [main] org.apache.catalina.startup.VersionLoggerListener.log Command line argument: -Dcatalina.base=C:\Users\saksh\Desktop\InventoryManagementSystem\apache-tomcat-10.1.43
16-Jul-2025 22:09:37.391 INFO [main] org.apache.catalina.startup.VersionLoggerListener.log Command line argument: -Djava.io.tmpdir=C:\Users\saksh\Desktop\InventoryManagementSystem\apache-tomcat-10.1.43\temp
16-Jul-2025 22:09:37.391 INFO [main] org.apache.catalina.startup.VersionLoggerListener.log Command line argument: -Djava.util.logging.config.file=C:\Users\saksh\Desktop\InventoryManagementSystem\apache-tomcat-10.1.43\conf\logging.properties
16-Jul-2025 22:09:37.391 INFO [main] org.apache.catalina.startup.VersionLoggerListener.log Command line argument: -Djava.util.logging.manager=org.apache.juli.ClassLoaderLogManager
16-Jul-2025 22:09:37.391 INFO [main] org.apache.catalina.startup.VersionLoggerListener.log Command line argument: -javaagent:C:\Program Files\JetBrains\IntelliJ IDEA Community Edition 2024.3.4.1\lib\idea_rt.jar=50373
16-Jul-2025 22:09:37.391 INFO [main] org.apache.catalina.startup.VersionLoggerListener.log Command line argument: -Dfile.encoding=UTF-8
16-Jul-2025 22:09:37.513 INFO [main] org.apache.catalina.core.AprLifecycleListener.lifecycleEvent The Apache Tomcat Native library which allows using OpenSSL was not found on the java.library.path: [C:\Program Files\Java\jdk-11\bin;C:\WINDOWS\Sun\Java\bin;C:\WINDOWS\system32;C:\WINDOWS;C:\Program Files\Eclipse Adoptium\jdk-11.0.27.6-hotspot\bin;C:\Program Files\Eclipse Adoptium\jre-17.0.15.6-hotspot\bin;C:\Program Files\Common Files\Oracle\Java\javapath;C:\Program Files (x86)\Common Files\Oracle\Java\java8path;C:\Program Files (x86)\Common Files\Oracle\Java\javapath;C:\Program Files\Java\jdk1.8.0_202

\bin;C:\Program Files\Java\jre1.8.0_431\bin;C:\Python312\Scripts\;C:\Python312\;C:\Python311\Scripts\;C:\Python311\;C:\WINDOWS\system32;C:\WINDOWS;C:\WINDOWS\System32\Wbem;C:\WINDOWS\System32\WindowsPowerShell\v1.0\;C:\WINDOWS\System32\OpenSSH\;C:\Program Files\dotnet\;C:\Users\saksh\Downloads;C:\Users\saksh\Downloads\ForwardNotifier-master\ForwardNotifier-master\ForwardNotifier Client Tools\Windows SSH Client tool;C:\Users\saksh\Downloads\app files\ForwardNotifier-master\ForwardNotifier-master\ForwardNotifier Client Tools\Windows SSH Client tool;C:\ProgramData\chocolatey\bin;C:\Android;C:\Windows\System32;C:\WINDOWS\system32;C:\WINDOWS;C:\WINDOWS\System32\Wbem;C:\WINDOWS\System32\WindowsPowerShell\v1.0\;C:\WINDOWS\System32\OpenSSH\;C:\Program Files\Calibre2\;C:\Program Files\nodejs\;C:\Program Files\HP\HP One Agent;C:\flutter;C:\Program Files\MySQL\MySQL Server 8.0\bin;C:\Program Files\Git\cmd;C:\Program Files\Git\cmd;C:\Windows\System32;C:\Windows;C:\Users\saksh\AppData\Local\Android\sdk\cmdline-tools\latest\bin;C:\Users\saksh\AppData\Local\Android\sdk\cmdline-tools\bin;C:\Users\saksh\Desktop\InventoryManagementSystem\apache-maven-3.9.10\bin;C:\Users\saksh\Desktop\InventoryManagementSystem\apache-maven-3.9.10\bin;C:\Program Files\MySQL\MySQL Shell 8.0\bin\;C:\Program Files\platform-tools;C:\Users\saksh\AppData\Local\Microsoft\WindowsApps;C:\Users\saksh\.dotnet\tools;C:\Program Files\JetBrains\PyCharm Community Edition 2022.1.2\bin;C:\Users\saksh\AppData\Local\spicetify;C:\Users\saksh\.dotnet\tools;C:\MinGW\bin;C:\Users\saksh\AppData\Local\Microsoft\WindowsApps;C:\Users\saksh\AppData\Roaming\npm;C:\flutter\bin;C:\Program Files\JetBrains\PyCharm Community Edition 2024.1.4\bin;C:\Users\saksh\AppData\Local\GitHubDesktop\bin;C:\Users\saksh\AppData\Roaming\Python\Python312\Scripts;C:\Program Files\Java\jdk-23\bin;C:\Users\saksh\AppData\Local\Programs\Ollama;C:\Users\saksh\AppData\Local\Programs\Microsoft VS Code\bin;C:\Program Files\Git\cmd;C:\flutter\bin;C:\Users\saksh\AppData\Roaming\npm;C:\Users\saksh\Desktop\InventoryManagementSystem\apache-maven-3.9.10\bin;C:\Program Files\Eclipse Adoptium\jdk-11.0.27.6-hotspot\bin;;.]
16-Jul-2025 22:09:38.907 INFO [main] org.apache.coyote.AbstractProtocol.init Initializing ProtocolHandler ["http-nio-8080"]
16-Jul-2025 22:09:38.991 INFO [main] org.apache.catalina.startup.Catalina.load Server initialization in [2636] milliseconds
16-Jul-2025 22:09:39.271 INFO [main] org.apache.catalina.core.StandardService.startInternal Starting service [Catalina]
16-Jul-2025 22:09:39.273 INFO [main] org.apache.catalina.core.StandardEngine.startInternal Starting Servlet engine: [Apache Tomcat/10.1.43]
16-Jul-2025 22:09:39.364 INFO [main] org.apache.catalina.startup.HostConfig.deployDescriptor Deploying deployment descriptor [C:\Users\saksh\Desktop\InventoryManagementSystem\apache-tomcat-10.1.43\conf\Catalina\localhost\InventoryManagementSystem#index.html.xml]
16-Jul-2025 22:09:39.705 WARNING [main] org.apache.catalina.webresources.DirResourceSet.initInternal Disabled the global canonical file name cache to protect against CVE-2024-56337 when starting the WebResourceSet at [C:\Users\saksh\Desktop\InventoryManagementSystem\target\classes] which is part of the web application [/InventoryManagementSystem/index.html]
16-Jul-2025 22:09:49.664 INFO [main] org.apache.jasper.servlet.TldScanner.scanJars At least one JAR was scanned for TLDs yet contained no TLDs. Enable debug logging for this logger for a complete list of JARs that were scanned but no TLDs were found in them. Skipping unneeded JARs during scanning can improve startup time and JSP compilation time.
16-Jul-2025 22:09:55.838 WARNING [main] org.apache.catalina.util.SessionIdGeneratorBase.createSecureRandom Creation of SecureRandom instance for session ID generation using [SHA1PRNG] took [3,528] milliseconds.
16-Jul-2025 22:09:56.140 INFO [main] org.apache.catalina.startup.HostConfig.deployDescriptor Deployment of deployment descriptor [C:\Users\saksh\Desktop\InventoryManagementSystem\apache-tomcat-10.1.43\conf\Catalina\localhost\InventoryManagementSystem#index.html.xml] has finished in [16,775] ms
16-Jul-2025 22:09:56.143 INFO [main] org.apache.catalina.startup.HostConfig.deployDirectory Deploying web application directory [C:\Users\saksh\Desktop\InventoryManagementSystem\apache-tomcat-10.1.43\webapps\docs]
16-Jul-2025 22:09:58.798 INFO [main] org.apache.jasper.servlet.TldScanner.scanJars At least one JAR was scanned for TLDs yet contained no TLDs. Enable debug logging for this logger for a complete list of JARs that were scanned but no TLDs were found in them. Skipping unneeded JARs during scanning can improve startup time and JSP compilation time.
16-Jul-2025 22:09:58.811 INFO [main] org.apache.catalina.startup.HostConfig.deployDirectory Deployment of web application directory [C:\Users\saksh\Desktop\InventoryManagementSystem\apache-tomcat-10.1.43\webapps\docs] has finished in [2,667] ms
16-Jul-2025 22:09:58.813 INFO [main] org.apache.catalina.startup.HostConfig.deployDirectory Deploying web application directory [C:\Users\saksh\Desktop\InventoryManagementSystem\apache-tomcat-10.1.43\webapps\examples]
16-Jul-2025 22:10:02.825 INFO [main] org.apache.jasper.servlet.TldScanner.scanJars At least one JAR was scanned for TLDs yet contained no TLDs. Enable debug logging for this logger for a complete list of JARs that were scanned but no TLDs were found in them. Skipping unneeded JARs during scanning can improve startup time and JSP compilation time.
16-Jul-2025 22:10:03.244 INFO [main] org.apache.catalina.startup.HostConfig.deployDirectory Deployment of web application directory [C:\Users\saksh\Desktop\InventoryManagementSystem\apache-tomcat-10.1.43\webapps\examples] has finished in [4,429] ms
16-Jul-2025 22:10:03.250 INFO [main] org.apache.catalina.startup.HostConfig.deployDirectory Deploying web application directory [C:\Users\saksh\Desktop\InventoryManagementSystem\apache-tomcat-10.1.43\webapps\host-manager]
16-Jul-2025 22:10:04.440 INFO [main] org.apache.jasper.servlet.TldScanner.scanJars At least one JAR was scanned for TLDs yet contained no TLDs. Enable debug logging for this logger for a complete list of JARs that were scanned but no TLDs were found in them. Skipping unneeded JARs during scanning can improve startup time and JSP compilation time.
16-Jul-2025 22:10:04.569 INFO [main] org.apache.catalina.startup.HostConfig.deployDirectory Deployment of web application directory [C:\Users\saksh\Desktop\InventoryManagementSystem\apache-tomcat-10.1.43\webapps\host-manager] has finished in [1,319] ms
16-Jul-2025 22:10:04.571 INFO [main] org.apache.catalina.startup.HostConfig.deployDirectory Deploying web application directory [C:\Users\saksh\Desktop\InventoryManagementSystem\apache-tomcat-10.1.43\webapps\InventoryManagementSystem]
16-Jul-2025 22:10:05.502 SEVERE [main] org.apache.catalina.startup.HostConfig.deployDirectory Error deploying web application directory [C:\Users\saksh\Desktop\InventoryManagementSystem\apache-tomcat-10.1.43\webapps\InventoryManagementSystem]
	java.lang.IllegalStateException: Error starting child
		at org.apache.catalina.core.ContainerBase.addChildInternal(ContainerBase.java:602)
		at org.apache.catalina.core.ContainerBase.addChild(ContainerBase.java:571)
		at org.apache.catalina.core.StandardHost.addChild(StandardHost.java:654)
		at org.apache.catalina.startup.HostConfig.deployDirectory(HostConfig.java:1126)
		at org.apache.catalina.startup.HostConfig$DeployDirectory.run(HostConfig.java:1925)
		at java.base/java.util.concurrent.Executors$RunnableAdapter.call(Executors.java:515)
		at java.base/java.util.concurrent.FutureTask.run(FutureTask.java:264)
		at org.apache.tomcat.util.threads.InlineExecutorService.execute(InlineExecutorService.java:75)
		at java.base/java.util.concurrent.AbstractExecutorService.submit(AbstractExecutorService.java:118)
		at org.apache.catalina.startup.HostConfig.deployDirectories(HostConfig.java:1037)
		at org.apache.catalina.startup.HostConfig.deployApps(HostConfig.java:422)
		at org.apache.catalina.startup.HostConfig.start(HostConfig.java:1621)
		at org.apache.catalina.startup.HostConfig.lifecycleEvent(HostConfig.java:303)
		at org.apache.catalina.util.LifecycleBase.fireLifecycleEvent(LifecycleBase.java:109)
		at org.apache.catalina.util.LifecycleBase.setStateInternal(LifecycleBase.java:389)
		at org.apache.catalina.util.LifecycleBase.setState(LifecycleBase.java:336)
		at org.apache.catalina.core.ContainerBase.startInternal(ContainerBase.java:776)
		at org.apache.catalina.core.StandardHost.startInternal(StandardHost.java:772)
		at org.apache.catalina.util.LifecycleBase.start(LifecycleBase.java:164)
		at org.apache.catalina.core.ContainerBase$StartChild.call(ContainerBase.java:1203)
		at org.apache.catalina.core.ContainerBase$StartChild.call(ContainerBase.java:1193)
		at java.base/java.util.concurrent.FutureTask.run(FutureTask.java:264)
		at org.apache.tomcat.util.threads.InlineExecutorService.execute(InlineExecutorService.java:75)
		at java.base/java.util.concurrent.AbstractExecutorService.submit(AbstractExecutorService.java:140)
		at org.apache.catalina.core.ContainerBase.startInternal(ContainerBase.java:749)
		at org.apache.catalina.core.StandardEngine.startInternal(StandardEngine.java:203)
		at org.apache.catalina.util.LifecycleBase.start(LifecycleBase.java:164)
		at org.apache.catalina.core.StandardService.startInternal(StandardService.java:412)
		at org.apache.catalina.util.LifecycleBase.start(LifecycleBase.java:164)
		at org.apache.catalina.core.StandardServer.startInternal(StandardServer.java:870)
		at org.apache.catalina.util.LifecycleBase.start(LifecycleBase.java:164)
		at org.apache.catalina.startup.Catalina.start(Catalina.java:761)
		at java.base/jdk.internal.reflect.NativeMethodAccessorImpl.invoke0(Native Method)
		at java.base/jdk.internal.reflect.NativeMethodAccessorImpl.invoke(NativeMethodAccessorImpl.java:62)
		at java.base/jdk.internal.reflect.DelegatingMethodAccessorImpl.invoke(DelegatingMethodAccessorImpl.java:43)
		at java.base/java.lang.reflect.Method.invoke(Method.java:566)
		at org.apache.catalina.startup.Bootstrap.start(Bootstrap.java:345)
		at org.apache.catalina.startup.Bootstrap.main(Bootstrap.java:476)
	Caused by: org.apache.catalina.LifecycleException: Failed to start component [StandardEngine[Catalina].StandardHost[localhost].StandardContext[/InventoryManagementSystem]]
		at org.apache.catalina.util.LifecycleBase.handleSubClassException(LifecycleBase.java:406)
		at org.apache.catalina.util.LifecycleBase.start(LifecycleBase.java:179)
		at org.apache.catalina.core.ContainerBase.addChildInternal(ContainerBase.java:599)
		... 37 more
	Caused by: java.lang.IllegalArgumentException: The servlets named [LoginServlet] and [com.ims.servlet.LoginServlet] are both mapped to the url-pattern [/LoginServlet] which is not permitted
		at org.apache.tomcat.util.descriptor.web.WebXml.addServletMappingDecoded(WebXml.java:415)
		at org.apache.tomcat.util.descriptor.web.WebXml.addServletMapping(WebXml.java:406)
		at org.apache.catalina.startup.ContextConfig.processAnnotationWebServlet(ContextConfig.java:2547)
		at org.apache.catalina.startup.ContextConfig.processClass(ContextConfig.java:2253)
		at org.apache.catalina.startup.ContextConfig.processAnnotationsStream(ContextConfig.java:2242)
		at org.apache.catalina.startup.ContextConfig.processAnnotationsWebResource(ContextConfig.java:2153)
		at org.apache.catalina.startup.ContextConfig.processAnnotationsWebResource(ContextConfig.java:2148)
		at org.apache.catalina.startup.ContextConfig.processAnnotationsWebResource(ContextConfig.java:2148)
		at org.apache.catalina.startup.ContextConfig.processAnnotationsWebResource(ContextConfig.java:2148)
		at org.apache.catalina.startup.ContextConfig.processClasses(ContextConfig.java:1361)
		at org.apache.catalina.startup.ContextConfig.webConfig(ContextConfig.java:1271)
		at org.apache.catalina.startup.ContextConfig.configureStart(ContextConfig.java:972)
		at org.apache.catalina.startup.ContextConfig.lifecycleEvent(ContextConfig.java:290)
		at org.apache.catalina.util.LifecycleBase.fireLifecycleEvent(LifecycleBase.java:109)
		at org.apache.catalina.core.StandardContext.startInternal(StandardContext.java:4380)
		at org.apache.catalina.util.LifecycleBase.start(LifecycleBase.java:164)
		... 38 more
16-Jul-2025 22:10:05.545 INFO [main] org.apache.catalina.startup.HostConfig.deployDirectory Deployment of web application directory [C:\Users\saksh\Desktop\InventoryManagementSystem\apache-tomcat-10.1.43\webapps\InventoryManagementSystem] has finished in [972] ms
16-Jul-2025 22:10:05.564 INFO [main] org.apache.catalina.startup.HostConfig.deployDirectory Deploying web application directory [C:\Users\saksh\Desktop\InventoryManagementSystem\apache-tomcat-10.1.43\webapps\manager]
16-Jul-2025 22:10:09.782 INFO [main] org.apache.jasper.servlet.TldScanner.scanJars At least one JAR was scanned for TLDs yet contained no TLDs. Enable debug logging for this logger for a complete list of JARs that were scanned but no TLDs were found in them. Skipping unneeded JARs during scanning can improve startup time and JSP compilation time.
16-Jul-2025 22:10:09.794 INFO [main] org.apache.catalina.startup.HostConfig.deployDirectory Deployment of web application directory [C:\Users\saksh\Desktop\InventoryManagementSystem\apache-tomcat-10.1.43\webapps\manager] has finished in [4,228] ms
16-Jul-2025 22:10:09.795 INFO [main] org.apache.catalina.startup.HostConfig.deployDirectory Deploying web application directory [C:\Users\saksh\Desktop\InventoryManagementSystem\apache-tomcat-10.1.43\webapps\ROOT]
16-Jul-2025 22:10:10.851 INFO [main] org.apache.jasper.servlet.TldScanner.scanJars At least one JAR was scanned for TLDs yet contained no TLDs. Enable debug logging for this logger for a complete list of JARs that were scanned but no TLDs were found in them. Skipping unneeded JARs during scanning can improve startup time and JSP compilation time.
16-Jul-2025 22:10:10.867 INFO [main] org.apache.catalina.startup.HostConfig.deployDirectory Deployment of web application directory [C:\Users\saksh\Desktop\InventoryManagementSystem\apache-tomcat-10.1.43\webapps\ROOT] has finished in [1,071] ms
16-Jul-2025 22:10:10.879 INFO [main] org.apache.coyote.AbstractProtocol.start Starting ProtocolHandler ["http-nio-8080"]
16-Jul-2025 22:10:11.511 INFO [main] org.apache.catalina.startup.Catalina.start Server startup in [32518] milliseconds
16-Jul-2025 22:42:24.221 INFO [Thread-1] org.apache.coyote.AbstractProtocol.pause Pausing ProtocolHandler ["http-nio-8080"]
16-Jul-2025 22:42:24.533 INFO [Thread-1] org.apache.catalina.core.StandardService.stopInternal Stopping service [Catalina]
16-Jul-2025 22:42:24.889 WARNING [Thread-1] org.apache.catalina.loader.WebappClassLoaderBase.clearReferencesJdbc The web application [InventoryManagementSystem#index.html] registered the JDBC driver [com.mysql.cj.jdbc.Driver] but failed to unregister it when the web application was stopped. To prevent a memory leak, the JDBC Driver has been forcibly unregistered.
16-Jul-2025 22:42:24.893 WARNING [Thread-1] org.apache.catalina.loader.WebappClassLoaderBase.clearReferencesThreads The web application [InventoryManagementSystem#index.html] appears to have started a thread named [mysql-cj-abandoned-connection-cleanup] but has failed to stop it. This is very likely to create a memory leak. Stack trace of thread:
 java.base@11.0.26/java.lang.Object.wait(Native Method)
 java.base@11.0.26/java.lang.ref.ReferenceQueue.remove(ReferenceQueue.java:155)
 com.mysql.cj.jdbc.AbandonedConnectionCleanupThread.run(AbandonedConnectionCleanupThread.java:91)
 java.base@11.0.26/java.util.concurrent.ThreadPoolExecutor.runWorker(ThreadPoolExecutor.java:1128)
 java.base@11.0.26/java.util.concurrent.ThreadPoolExecutor$Worker.run(ThreadPoolExecutor.java:628)
 java.base@11.0.26/java.lang.Thread.run(Thread.java:834)
16-Jul-2025 22:42:24.991 INFO [Thread-1] org.apache.coyote.AbstractProtocol.stop Stopping ProtocolHandler ["http-nio-8080"]
16-Jul-2025 22:42:25.173 INFO [Thread-1] org.apache.coyote.AbstractProtocol.destroy Destroying ProtocolHandler ["http-nio-8080"]
16-Jul-2025 22:42:33.970 INFO [main] org.apache.catalina.startup.VersionLoggerListener.log Server version name:   Apache Tomcat/10.1.43
16-Jul-2025 22:42:33.979 INFO [main] org.apache.catalina.startup.VersionLoggerListener.log Server built:          Jul 1 2025 21:30:20 UTC
16-Jul-2025 22:42:33.979 INFO [main] org.apache.catalina.startup.VersionLoggerListener.log Server version number: 10.1.43.0
16-Jul-2025 22:42:33.980 INFO [main] org.apache.catalina.startup.VersionLoggerListener.log OS Name:               Windows 11
16-Jul-2025 22:42:33.980 INFO [main] org.apache.catalina.startup.VersionLoggerListener.log OS Version:            10.0
16-Jul-2025 22:42:33.980 INFO [main] org.apache.catalina.startup.VersionLoggerListener.log Architecture:          amd64
16-Jul-2025 22:42:33.980 INFO [main] org.apache.catalina.startup.VersionLoggerListener.log Java Home:             C:\Program Files\Java\jdk-11
16-Jul-2025 22:42:33.980 INFO [main] org.apache.catalina.startup.VersionLoggerListener.log JVM Version:           11.0.26+7-LTS-187
16-Jul-2025 22:42:33.980 INFO [main] org.apache.catalina.startup.VersionLoggerListener.log JVM Vendor:            Oracle Corporation
16-Jul-2025 22:42:33.980 INFO [main] org.apache.catalina.startup.VersionLoggerListener.log CATALINA_BASE:         C:\Users\saksh\Desktop\InventoryManagementSystem\apache-tomcat-10.1.43
16-Jul-2025 22:42:33.980 INFO [main] org.apache.catalina.startup.VersionLoggerListener.log CATALINA_HOME:         C:\Users\saksh\Desktop\InventoryManagementSystem\apache-tomcat-10.1.43
16-Jul-2025 22:42:34.024 INFO [main] org.apache.catalina.startup.VersionLoggerListener.log Command line argument: --add-opens=java.base/java.lang=ALL-UNNAMED
16-Jul-2025 22:42:34.024 INFO [main] org.apache.catalina.startup.VersionLoggerListener.log Command line argument: --add-opens=java.base/java.io=ALL-UNNAMED
16-Jul-2025 22:42:34.024 INFO [main] org.apache.catalina.startup.VersionLoggerListener.log Command line argument: --add-opens=java.base/java.util=ALL-UNNAMED
16-Jul-2025 22:42:34.024 INFO [main] org.apache.catalina.startup.VersionLoggerListener.log Command line argument: --add-opens=java.base/java.util.concurrent=ALL-UNNAMED
16-Jul-2025 22:42:34.024 INFO [main] org.apache.catalina.startup.VersionLoggerListener.log Command line argument: --add-opens=java.rmi/sun.rmi.transport=ALL-UNNAMED
16-Jul-2025 22:42:34.024 INFO [main] org.apache.catalina.startup.VersionLoggerListener.log Command line argument: -Dcatalina.home=C:\Users\saksh\Desktop\InventoryManagementSystem\apache-tomcat-10.1.43
16-Jul-2025 22:42:34.024 INFO [main] org.apache.catalina.startup.VersionLoggerListener.log Command line argument: -Dcatalina.base=C:\Users\saksh\Desktop\InventoryManagementSystem\apache-tomcat-10.1.43
16-Jul-2025 22:42:34.025 INFO [main] org.apache.catalina.startup.VersionLoggerListener.log Command line argument: -Djava.io.tmpdir=C:\Users\saksh\Desktop\InventoryManagementSystem\apache-tomcat-10.1.43\temp
16-Jul-2025 22:42:34.025 INFO [main] org.apache.catalina.startup.VersionLoggerListener.log Command line argument: -Djava.util.logging.config.file=C:\Users\saksh\Desktop\InventoryManagementSystem\apache-tomcat-10.1.43\conf\logging.properties
16-Jul-2025 22:42:34.025 INFO [main] org.apache.catalina.startup.VersionLoggerListener.log Command line argument: -Djava.util.logging.manager=org.apache.juli.ClassLoaderLogManager
16-Jul-2025 22:42:34.025 INFO [main] org.apache.catalina.startup.VersionLoggerListener.log Command line argument: -javaagent:C:\Program Files\JetBrains\IntelliJ IDEA Community Edition 2024.3.4.1\lib\idea_rt.jar=50983
16-Jul-2025 22:42:34.025 INFO [main] org.apache.catalina.startup.VersionLoggerListener.log Command line argument: -Dfile.encoding=UTF-8
16-Jul-2025 22:42:34.083 INFO [main] org.apache.catalina.core.AprLifecycleListener.lifecycleEvent The Apache Tomcat Native library which allows using OpenSSL was not found on the java.library.path: [C:\Program Files\Java\jdk-11\bin;C:\WINDOWS\Sun\Java\bin;C:\WINDOWS\system32;C:\WINDOWS;C:\Program Files\Eclipse Adoptium\jdk-11.0.27.6-hotspot\bin;C:\Program Files\Eclipse Adoptium\jre-17.0.15.6-hotspot\bin;C:\Program Files\Common Files\Oracle\Java\javapath;C:\Program Files (x86)\Common Files\Oracle\Java\java8path;C:\Program Files (x86)\Common Files\Oracle\Java\javapath;C:\Program Files\Java\jdk1.8.0_202

\bin;C:\Program Files\Java\jre1.8.0_431\bin;C:\Python312\Scripts\;C:\Python312\;C:\Python311\Scripts\;C:\Python311\;C:\WINDOWS\system32;C:\WINDOWS;C:\WINDOWS\System32\Wbem;C:\WINDOWS\System32\WindowsPowerShell\v1.0\;C:\WINDOWS\System32\OpenSSH\;C:\Program Files\dotnet\;C:\Users\saksh\Downloads;C:\Users\saksh\Downloads\ForwardNotifier-master\ForwardNotifier-master\ForwardNotifier Client Tools\Windows SSH Client tool;C:\Users\saksh\Downloads\app files\ForwardNotifier-master\ForwardNotifier-master\ForwardNotifier Client Tools\Windows SSH Client tool;C:\ProgramData\chocolatey\bin;C:\Android;C:\Windows\System32;C:\WINDOWS\system32;C:\WINDOWS;C:\WINDOWS\System32\Wbem;C:\WINDOWS\System32\WindowsPowerShell\v1.0\;C:\WINDOWS\System32\OpenSSH\;C:\Program Files\Calibre2\;C:\Program Files\nodejs\;C:\Program Files\HP\HP One Agent;C:\flutter;C:\Program Files\MySQL\MySQL Server 8.0\bin;C:\Program Files\Git\cmd;C:\Program Files\Git\cmd;C:\Windows\System32;C:\Windows;C:\Users\saksh\AppData\Local\Android\sdk\cmdline-tools\latest\bin;C:\Users\saksh\AppData\Local\Android\sdk\cmdline-tools\bin;C:\Users\saksh\Desktop\InventoryManagementSystem\apache-maven-3.9.10\bin;C:\Users\saksh\Desktop\InventoryManagementSystem\apache-maven-3.9.10\bin;C:\Program Files\MySQL\MySQL Shell 8.0\bin\;C:\Program Files\platform-tools;C:\Users\saksh\AppData\Local\Microsoft\WindowsApps;C:\Users\saksh\.dotnet\tools;C:\Program Files\JetBrains\PyCharm Community Edition 2022.1.2\bin;C:\Users\saksh\AppData\Local\spicetify;C:\Users\saksh\.dotnet\tools;C:\MinGW\bin;C:\Users\saksh\AppData\Local\Microsoft\WindowsApps;C:\Users\saksh\AppData\Roaming\npm;C:\flutter\bin;C:\Program Files\JetBrains\PyCharm Community Edition 2024.1.4\bin;C:\Users\saksh\AppData\Local\GitHubDesktop\bin;C:\Users\saksh\AppData\Roaming\Python\Python312\Scripts;C:\Program Files\Java\jdk-23\bin;C:\Users\saksh\AppData\Local\Programs\Ollama;C:\Users\saksh\AppData\Local\Programs\Microsoft VS Code\bin;C:\Program Files\Git\cmd;C:\flutter\bin;C:\Users\saksh\AppData\Roaming\npm;C:\Users\saksh\Desktop\InventoryManagementSystem\apache-maven-3.9.10\bin;C:\Program Files\Eclipse Adoptium\jdk-11.0.27.6-hotspot\bin;;.]
16-Jul-2025 22:42:34.881 INFO [main] org.apache.coyote.AbstractProtocol.init Initializing ProtocolHandler ["http-nio-8080"]
16-Jul-2025 22:42:34.929 INFO [main] org.apache.catalina.startup.Catalina.load Server initialization in [1574] milliseconds
16-Jul-2025 22:42:35.041 INFO [main] org.apache.catalina.core.StandardService.startInternal Starting service [Catalina]
16-Jul-2025 22:42:35.042 INFO [main] org.apache.catalina.core.StandardEngine.startInternal Starting Servlet engine: [Apache Tomcat/10.1.43]
16-Jul-2025 22:42:35.079 INFO [main] org.apache.catalina.startup.HostConfig.deployDescriptor Deploying deployment descriptor [C:\Users\saksh\Desktop\InventoryManagementSystem\apache-tomcat-10.1.43\conf\Catalina\localhost\InventoryManagementSystem#index.html.xml]
16-Jul-2025 22:42:35.300 WARNING [main] org.apache.catalina.webresources.DirResourceSet.initInternal Disabled the global canonical file name cache to protect against CVE-2024-56337 when starting the WebResourceSet at [C:\Users\saksh\Desktop\InventoryManagementSystem\target\classes] which is part of the web application [/InventoryManagementSystem/index.html]
16-Jul-2025 22:42:39.806 INFO [main] org.apache.jasper.servlet.TldScanner.scanJars At least one JAR was scanned for TLDs yet contained no TLDs. Enable debug logging for this logger for a complete list of JARs that were scanned but no TLDs were found in them. Skipping unneeded JARs during scanning can improve startup time and JSP compilation time.
16-Jul-2025 22:42:40.312 WARNING [main] org.apache.catalina.util.SessionIdGeneratorBase.createSecureRandom Creation of SecureRandom instance for session ID generation using [SHA1PRNG] took [318] milliseconds.
16-Jul-2025 22:42:40.373 INFO [main] org.apache.catalina.startup.HostConfig.deployDescriptor Deployment of deployment descriptor [C:\Users\saksh\Desktop\InventoryManagementSystem\apache-tomcat-10.1.43\conf\Catalina\localhost\InventoryManagementSystem#index.html.xml] has finished in [5,293] ms
16-Jul-2025 22:42:40.375 INFO [main] org.apache.catalina.startup.HostConfig.deployDirectory Deploying web application directory [C:\Users\saksh\Desktop\InventoryManagementSystem\apache-tomcat-10.1.43\webapps\docs]
16-Jul-2025 22:42:41.305 INFO [main] org.apache.jasper.servlet.TldScanner.scanJars At least one JAR was scanned for TLDs yet contained no TLDs. Enable debug logging for this logger for a complete list of JARs that were scanned but no TLDs were found in them. Skipping unneeded JARs during scanning can improve startup time and JSP compilation time.
16-Jul-2025 22:42:41.316 INFO [main] org.apache.catalina.startup.HostConfig.deployDirectory Deployment of web application directory [C:\Users\saksh\Desktop\InventoryManagementSystem\apache-tomcat-10.1.43\webapps\docs] has finished in [940] ms
16-Jul-2025 22:42:41.316 INFO [main] org.apache.catalina.startup.HostConfig.deployDirectory Deploying web application directory [C:\Users\saksh\Desktop\InventoryManagementSystem\apache-tomcat-10.1.43\webapps\examples]
16-Jul-2025 22:42:43.343 INFO [main] org.apache.jasper.servlet.TldScanner.scanJars At least one JAR was scanned for TLDs yet contained no TLDs. Enable debug logging for this logger for a complete list of JARs that were scanned but no TLDs were found in them. Skipping unneeded JARs during scanning can improve startup time and JSP compilation time.
16-Jul-2025 22:42:43.564 INFO [main] org.apache.catalina.startup.HostConfig.deployDirectory Deployment of web application directory [C:\Users\saksh\Desktop\InventoryManagementSystem\apache-tomcat-10.1.43\webapps\examples] has finished in [2,248] ms
16-Jul-2025 22:42:43.571 INFO [main] org.apache.catalina.startup.HostConfig.deployDirectory Deploying web application directory [C:\Users\saksh\Desktop\InventoryManagementSystem\apache-tomcat-10.1.43\webapps\host-manager]
16-Jul-2025 22:42:44.346 INFO [main] org.apache.jasper.servlet.TldScanner.scanJars At least one JAR was scanned for TLDs yet contained no TLDs. Enable debug logging for this logger for a complete list of JARs that were scanned but no TLDs were found in them. Skipping unneeded JARs during scanning can improve startup time and JSP compilation time.
16-Jul-2025 22:42:44.360 INFO [main] org.apache.catalina.startup.HostConfig.deployDirectory Deployment of web application directory [C:\Users\saksh\Desktop\InventoryManagementSystem\apache-tomcat-10.1.43\webapps\host-manager] has finished in [791] ms
16-Jul-2025 22:42:44.361 INFO [main] org.apache.catalina.startup.HostConfig.deployDirectory Deploying web application directory [C:\Users\saksh\Desktop\InventoryManagementSystem\apache-tomcat-10.1.43\webapps\InventoryManagementSystem]
16-Jul-2025 22:42:44.433 SEVERE [main] org.apache.catalina.startup.HostConfig.deployDirectory Error deploying web application directory [C:\Users\saksh\Desktop\InventoryManagementSystem\apache-tomcat-10.1.43\webapps\InventoryManagementSystem]
	java.lang.IllegalStateException: Error starting child
		at org.apache.catalina.core.ContainerBase.addChildInternal(ContainerBase.java:602)
		at org.apache.catalina.core.ContainerBase.addChild(ContainerBase.java:571)
		at org.apache.catalina.core.StandardHost.addChild(StandardHost.java:654)
		at org.apache.catalina.startup.HostConfig.deployDirectory(HostConfig.java:1126)
		at org.apache.catalina.startup.HostConfig$DeployDirectory.run(HostConfig.java:1925)
		at java.base/java.util.concurrent.Executors$RunnableAdapter.call(Executors.java:515)
		at java.base/java.util.concurrent.FutureTask.run(FutureTask.java:264)
		at org.apache.tomcat.util.threads.InlineExecutorService.execute(InlineExecutorService.java:75)
		at java.base/java.util.concurrent.AbstractExecutorService.submit(AbstractExecutorService.java:118)
		at org.apache.catalina.startup.HostConfig.deployDirectories(HostConfig.java:1037)
		at org.apache.catalina.startup.HostConfig.deployApps(HostConfig.java:422)
		at org.apache.catalina.startup.HostConfig.start(HostConfig.java:1621)
		at org.apache.catalina.startup.HostConfig.lifecycleEvent(HostConfig.java:303)
		at org.apache.catalina.util.LifecycleBase.fireLifecycleEvent(LifecycleBase.java:109)
		at org.apache.catalina.util.LifecycleBase.setStateInternal(LifecycleBase.java:389)
		at org.apache.catalina.util.LifecycleBase.setState(LifecycleBase.java:336)
		at org.apache.catalina.core.ContainerBase.startInternal(ContainerBase.java:776)
		at org.apache.catalina.core.StandardHost.startInternal(StandardHost.java:772)
		at org.apache.catalina.util.LifecycleBase.start(LifecycleBase.java:164)
		at org.apache.catalina.core.ContainerBase$StartChild.call(ContainerBase.java:1203)
		at org.apache.catalina.core.ContainerBase$StartChild.call(ContainerBase.java:1193)
		at java.base/java.util.concurrent.FutureTask.run(FutureTask.java:264)
		at org.apache.tomcat.util.threads.InlineExecutorService.execute(InlineExecutorService.java:75)
		at java.base/java.util.concurrent.AbstractExecutorService.submit(AbstractExecutorService.java:140)
		at org.apache.catalina.core.ContainerBase.startInternal(ContainerBase.java:749)
		at org.apache.catalina.core.StandardEngine.startInternal(StandardEngine.java:203)
		at org.apache.catalina.util.LifecycleBase.start(LifecycleBase.java:164)
		at org.apache.catalina.core.StandardService.startInternal(StandardService.java:412)
		at org.apache.catalina.util.LifecycleBase.start(LifecycleBase.java:164)
		at org.apache.catalina.core.StandardServer.startInternal(StandardServer.java:870)
		at org.apache.catalina.util.LifecycleBase.start(LifecycleBase.java:164)
		at org.apache.catalina.startup.Catalina.start(Catalina.java:761)
		at java.base/jdk.internal.reflect.NativeMethodAccessorImpl.invoke0(Native Method)
		at java.base/jdk.internal.reflect.NativeMethodAccessorImpl.invoke(NativeMethodAccessorImpl.java:62)
		at java.base/jdk.internal.reflect.DelegatingMethodAccessorImpl.invoke(DelegatingMethodAccessorImpl.java:43)
		at java.base/java.lang.reflect.Method.invoke(Method.java:566)
		at org.apache.catalina.startup.Bootstrap.start(Bootstrap.java:345)
		at org.apache.catalina.startup.Bootstrap.main(Bootstrap.java:476)
	Caused by: org.apache.catalina.LifecycleException: Failed to start component [StandardEngine[Catalina].StandardHost[localhost].StandardContext[/InventoryManagementSystem]]
		at org.apache.catalina.util.LifecycleBase.handleSubClassException(LifecycleBase.java:406)
		at org.apache.catalina.util.LifecycleBase.start(LifecycleBase.java:179)
		at org.apache.catalina.core.ContainerBase.addChildInternal(ContainerBase.java:599)
		... 37 more
	Caused by: java.lang.IllegalArgumentException: The servlets named [LoginServlet] and [com.ims.servlet.LoginServlet] are both mapped to the url-pattern [/LoginServlet] which is not permitted
		at org.apache.tomcat.util.descriptor.web.WebXml.addServletMappingDecoded(WebXml.java:415)
		at org.apache.tomcat.util.descriptor.web.WebXml.addServletMapping(WebXml.java:406)
		at org.apache.catalina.startup.ContextConfig.processAnnotationWebServlet(ContextConfig.java:2547)
		at org.apache.catalina.startup.ContextConfig.processClass(ContextConfig.java:2253)
		at org.apache.catalina.startup.ContextConfig.processAnnotationsStream(ContextConfig.java:2242)
		at org.apache.catalina.startup.ContextConfig.processAnnotationsWebResource(ContextConfig.java:2153)
		at org.apache.catalina.startup.ContextConfig.processAnnotationsWebResource(ContextConfig.java:2148)
		at org.apache.catalina.startup.ContextConfig.processAnnotationsWebResource(ContextConfig.java:2148)
		at org.apache.catalina.startup.ContextConfig.processAnnotationsWebResource(ContextConfig.java:2148)
		at org.apache.catalina.startup.ContextConfig.processClasses(ContextConfig.java:1361)
		at org.apache.catalina.startup.ContextConfig.webConfig(ContextConfig.java:1271)
		at org.apache.catalina.startup.ContextConfig.configureStart(ContextConfig.java:972)
		at org.apache.catalina.startup.ContextConfig.lifecycleEvent(ContextConfig.java:290)
		at org.apache.catalina.util.LifecycleBase.fireLifecycleEvent(LifecycleBase.java:109)
		at org.apache.catalina.core.StandardContext.startInternal(StandardContext.java:4380)
		at org.apache.catalina.util.LifecycleBase.start(LifecycleBase.java:164)
		... 38 more
16-Jul-2025 22:42:44.453 INFO [main] org.apache.catalina.startup.HostConfig.deployDirectory Deployment of web application directory [C:\Users\saksh\Desktop\InventoryManagementSystem\apache-tomcat-10.1.43\webapps\InventoryManagementSystem] has finished in [92] ms
16-Jul-2025 22:42:44.454 INFO [main] org.apache.catalina.startup.HostConfig.deployDirectory Deploying web application directory [C:\Users\saksh\Desktop\InventoryManagementSystem\apache-tomcat-10.1.43\webapps\manager]
16-Jul-2025 22:42:45.427 INFO [main] org.apache.jasper.servlet.TldScanner.scanJars At least one JAR was scanned for TLDs yet contained no TLDs. Enable debug logging for this logger for a complete list of JARs that were scanned but no TLDs were found in them. Skipping unneeded JARs during scanning can improve startup time and JSP compilation time.
16-Jul-2025 22:42:45.441 INFO [main] org.apache.catalina.startup.HostConfig.deployDirectory Deployment of web application directory [C:\Users\saksh\Desktop\InventoryManagementSystem\apache-tomcat-10.1.43\webapps\manager] has finished in [987] ms
16-Jul-2025 22:42:45.442 INFO [main] org.apache.catalina.startup.HostConfig.deployDirectory Deploying web application directory [C:\Users\saksh\Desktop\InventoryManagementSystem\apache-tomcat-10.1.43\webapps\ROOT]
16-Jul-2025 22:42:46.177 INFO [main] org.apache.jasper.servlet.TldScanner.scanJars At least one JAR was scanned for TLDs yet contained no TLDs. Enable debug logging for this logger for a complete list of JARs that were scanned but no TLDs were found in them. Skipping unneeded JARs during scanning can improve startup time and JSP compilation time.
16-Jul-2025 22:42:46.181 INFO [main] org.apache.catalina.startup.HostConfig.deployDirectory Deployment of web application directory [C:\Users\saksh\Desktop\InventoryManagementSystem\apache-tomcat-10.1.43\webapps\ROOT] has finished in [738] ms
16-Jul-2025 22:42:46.195 INFO [main] org.apache.coyote.AbstractProtocol.start Starting ProtocolHandler ["http-nio-8080"]
16-Jul-2025 22:42:46.635 INFO [main] org.apache.catalina.startup.Catalina.start Server startup in [11705] milliseconds
16-Jul-2025 22:46:05.605 INFO [Thread-1] org.apache.coyote.AbstractProtocol.pause Pausing ProtocolHandler ["http-nio-8080"]
16-Jul-2025 22:46:05.938 INFO [Thread-1] org.apache.catalina.core.StandardService.stopInternal Stopping service [Catalina]
16-Jul-2025 22:46:06.228 WARNING [Thread-1] org.apache.catalina.loader.WebappClassLoaderBase.clearReferencesThreads The web application [InventoryManagementSystem#index.html] appears to have started a thread named [mysql-cj-abandoned-connection-cleanup] but has failed to stop it. This is very likely to create a memory leak. Stack trace of thread:
 java.base@11.0.26/java.lang.StringBuilder.<init>(StringBuilder.java:104)
 java.base@11.0.26/java.io.File.slashify(File.java:665)
 java.base@11.0.26/java.io.File.toURI(File.java:744)
 org.apache.catalina.webresources.FileResource.getURL(FileResource.java:282)
 org.apache.catalina.webresources.CachedResource.getURL(CachedResource.java:368)
 org.apache.catalina.loader.WebappClassLoaderBase.findResource(WebappClassLoaderBase.java:895)
 org.apache.catalina.loader.WebappClassLoaderBase.getResource(WebappClassLoaderBase.java:1008)
 com.mysql.cj.jdbc.AbandonedConnectionCleanupThread.checkThreadContextClassLoader(AbandonedConnectionCleanupThread.java:123)
 com.mysql.cj.jdbc.AbandonedConnectionCleanupThread.run(AbandonedConnectionCleanupThread.java:90)
 java.base@11.0.26/java.util.concurrent.ThreadPoolExecutor.runWorker(ThreadPoolExecutor.java:1128)
 java.base@11.0.26/java.util.concurrent.ThreadPoolExecutor$Worker.run(ThreadPoolExecutor.java:628)
 java.base@11.0.26/java.lang.Thread.run(Thread.java:834)
16-Jul-2025 22:46:06.247 INFO [Thread-1] org.apache.coyote.AbstractProtocol.stop Stopping ProtocolHandler ["http-nio-8080"]
16-Jul-2025 22:46:06.280 INFO [Thread-1] org.apache.coyote.AbstractProtocol.destroy Destroying ProtocolHandler ["http-nio-8080"]
16-Jul-2025 22:46:57.999 INFO [main] org.apache.catalina.startup.VersionLoggerListener.log Server version name:   Apache Tomcat/10.1.43
16-Jul-2025 22:46:58.033 INFO [main] org.apache.catalina.startup.VersionLoggerListener.log Server built:          Jul 1 2025 21:30:20 UTC
16-Jul-2025 22:46:58.046 INFO [main] org.apache.catalina.startup.VersionLoggerListener.log Server version number: 10.1.43.0
16-Jul-2025 22:46:58.047 INFO [main] org.apache.catalina.startup.VersionLoggerListener.log OS Name:               Windows 11
16-Jul-2025 22:46:58.048 INFO [main] org.apache.catalina.startup.VersionLoggerListener.log OS Version:            10.0
16-Jul-2025 22:46:58.048 INFO [main] org.apache.catalina.startup.VersionLoggerListener.log Architecture:          amd64
16-Jul-2025 22:46:58.048 INFO [main] org.apache.catalina.startup.VersionLoggerListener.log Java Home:             C:\Program Files\Java\jdk-11
16-Jul-2025 22:46:58.048 INFO [main] org.apache.catalina.startup.VersionLoggerListener.log JVM Version:           11.0.26+7-LTS-187
16-Jul-2025 22:46:58.049 INFO [main] org.apache.catalina.startup.VersionLoggerListener.log JVM Vendor:            Oracle Corporation
16-Jul-2025 22:46:58.049 INFO [main] org.apache.catalina.startup.VersionLoggerListener.log CATALINA_BASE:         C:\Users\saksh\Desktop\InventoryManagementSystem\apache-tomcat-10.1.43
16-Jul-2025 22:46:58.049 INFO [main] org.apache.catalina.startup.VersionLoggerListener.log CATALINA_HOME:         C:\Users\saksh\Desktop\InventoryManagementSystem\apache-tomcat-10.1.43
16-Jul-2025 22:46:58.294 INFO [main] org.apache.catalina.startup.VersionLoggerListener.log Command line argument: --add-opens=java.base/java.lang=ALL-UNNAMED
16-Jul-2025 22:46:58.294 INFO [main] org.apache.catalina.startup.VersionLoggerListener.log Command line argument: --add-opens=java.base/java.io=ALL-UNNAMED
16-Jul-2025 22:46:58.294 INFO [main] org.apache.catalina.startup.VersionLoggerListener.log Command line argument: --add-opens=java.base/java.util=ALL-UNNAMED
16-Jul-2025 22:46:58.294 INFO [main] org.apache.catalina.startup.VersionLoggerListener.log Command line argument: --add-opens=java.base/java.util.concurrent=ALL-UNNAMED
16-Jul-2025 22:46:58.295 INFO [main] org.apache.catalina.startup.VersionLoggerListener.log Command line argument: --add-opens=java.rmi/sun.rmi.transport=ALL-UNNAMED
16-Jul-2025 22:46:58.297 INFO [main] org.apache.catalina.startup.VersionLoggerListener.log Command line argument: -Dcatalina.home=C:\Users\saksh\Desktop\InventoryManagementSystem\apache-tomcat-10.1.43
16-Jul-2025 22:46:58.297 INFO [main] org.apache.catalina.startup.VersionLoggerListener.log Command line argument: -Dcatalina.base=C:\Users\saksh\Desktop\InventoryManagementSystem\apache-tomcat-10.1.43
16-Jul-2025 22:46:58.298 INFO [main] org.apache.catalina.startup.VersionLoggerListener.log Command line argument: -Djava.io.tmpdir=C:\Users\saksh\Desktop\InventoryManagementSystem\apache-tomcat-10.1.43\temp
16-Jul-2025 22:46:58.298 INFO [main] org.apache.catalina.startup.VersionLoggerListener.log Command line argument: -Djava.util.logging.config.file=C:\Users\saksh\Desktop\InventoryManagementSystem\apache-tomcat-10.1.43\conf\logging.properties
16-Jul-2025 22:46:58.298 INFO [main] org.apache.catalina.startup.VersionLoggerListener.log Command line argument: -Djava.util.logging.manager=org.apache.juli.ClassLoaderLogManager
16-Jul-2025 22:46:58.298 INFO [main] org.apache.catalina.startup.VersionLoggerListener.log Command line argument: -javaagent:C:\Program Files\JetBrains\IntelliJ IDEA Community Edition 2024.3.4.1\lib\idea_rt.jar=51058
16-Jul-2025 22:46:58.298 INFO [main] org.apache.catalina.startup.VersionLoggerListener.log Command line argument: -Dfile.encoding=UTF-8
16-Jul-2025 22:46:58.460 INFO [main] org.apache.catalina.core.AprLifecycleListener.lifecycleEvent The Apache Tomcat Native library which allows using OpenSSL was not found on the java.library.path: [C:\Program Files\Java\jdk-11\bin;C:\WINDOWS\Sun\Java\bin;C:\WINDOWS\system32;C:\WINDOWS;C:\Program Files\Eclipse Adoptium\jdk-11.0.27.6-hotspot\bin;C:\Program Files\Eclipse Adoptium\jre-17.0.15.6-hotspot\bin;C:\Program Files\Common Files\Oracle\Java\javapath;C:\Program Files (x86)\Common Files\Oracle\Java\java8path;C:\Program Files (x86)\Common Files\Oracle\Java\javapath;C:\Program Files\Java\jdk1.8.0_202

\bin;C:\Program Files\Java\jre1.8.0_431\bin;C:\Python312\Scripts\;C:\Python312\;C:\Python311\Scripts\;C:\Python311\;C:\WINDOWS\system32;C:\WINDOWS;C:\WINDOWS\System32\Wbem;C:\WINDOWS\System32\WindowsPowerShell\v1.0\;C:\WINDOWS\System32\OpenSSH\;C:\Program Files\dotnet\;C:\Users\saksh\Downloads;C:\Users\saksh\Downloads\ForwardNotifier-master\ForwardNotifier-master\ForwardNotifier Client Tools\Windows SSH Client tool;C:\Users\saksh\Downloads\app files\ForwardNotifier-master\ForwardNotifier-master\ForwardNotifier Client Tools\Windows SSH Client tool;C:\ProgramData\chocolatey\bin;C:\Android;C:\Windows\System32;C:\WINDOWS\system32;C:\WINDOWS;C:\WINDOWS\System32\Wbem;C:\WINDOWS\System32\WindowsPowerShell\v1.0\;C:\WINDOWS\System32\OpenSSH\;C:\Program Files\Calibre2\;C:\Program Files\nodejs\;C:\Program Files\HP\HP One Agent;C:\flutter;C:\Program Files\MySQL\MySQL Server 8.0\bin;C:\Program Files\Git\cmd;C:\Program Files\Git\cmd;C:\Windows\System32;C:\Windows;C:\Users\saksh\AppData\Local\Android\sdk\cmdline-tools\latest\bin;C:\Users\saksh\AppData\Local\Android\sdk\cmdline-tools\bin;C:\Users\saksh\Desktop\InventoryManagementSystem\apache-maven-3.9.10\bin;C:\Users\saksh\Desktop\InventoryManagementSystem\apache-maven-3.9.10\bin;C:\Program Files\MySQL\MySQL Shell 8.0\bin\;C:\Program Files\platform-tools;C:\Users\saksh\AppData\Local\Microsoft\WindowsApps;C:\Users\saksh\.dotnet\tools;C:\Program Files\JetBrains\PyCharm Community Edition 2022.1.2\bin;C:\Users\saksh\AppData\Local\spicetify;C:\Users\saksh\.dotnet\tools;C:\MinGW\bin;C:\Users\saksh\AppData\Local\Microsoft\WindowsApps;C:\Users\saksh\AppData\Roaming\npm;C:\flutter\bin;C:\Program Files\JetBrains\PyCharm Community Edition 2024.1.4\bin;C:\Users\saksh\AppData\Local\GitHubDesktop\bin;C:\Users\saksh\AppData\Roaming\Python\Python312\Scripts;C:\Program Files\Java\jdk-23\bin;C:\Users\saksh\AppData\Local\Programs\Ollama;C:\Users\saksh\AppData\Local\Programs\Microsoft VS Code\bin;C:\Program Files\Git\cmd;C:\flutter\bin;C:\Users\saksh\AppData\Roaming\npm;C:\Users\saksh\Desktop\InventoryManagementSystem\apache-maven-3.9.10\bin;C:\Program Files\Eclipse Adoptium\jdk-11.0.27.6-hotspot\bin;;.]
16-Jul-2025 22:47:00.323 INFO [main] org.apache.coyote.AbstractProtocol.init Initializing ProtocolHandler ["http-nio-8080"]
16-Jul-2025 22:47:00.383 INFO [main] org.apache.catalina.startup.Catalina.load Server initialization in [3257] milliseconds
16-Jul-2025 22:47:00.936 INFO [main] org.apache.catalina.core.StandardService.startInternal Starting service [Catalina]
16-Jul-2025 22:47:00.936 INFO [main] org.apache.catalina.core.StandardEngine.startInternal Starting Servlet engine: [Apache Tomcat/10.1.43]
16-Jul-2025 22:47:00.990 INFO [main] org.apache.catalina.startup.HostConfig.deployDescriptor Deploying deployment descriptor [C:\Users\saksh\Desktop\InventoryManagementSystem\apache-tomcat-10.1.43\conf\Catalina\localhost\InventoryManagementSystem#index.html.xml]
16-Jul-2025 22:47:01.183 WARNING [main] org.apache.catalina.webresources.DirResourceSet.initInternal Disabled the global canonical file name cache to protect against CVE-2024-56337 when starting the WebResourceSet at [C:\Users\saksh\Desktop\InventoryManagementSystem\target\classes] which is part of the web application [/InventoryManagementSystem/index.html]
16-Jul-2025 22:47:04.258 INFO [main] org.apache.jasper.servlet.TldScanner.scanJars At least one JAR was scanned for TLDs yet contained no TLDs. Enable debug logging for this logger for a complete list of JARs that were scanned but no TLDs were found in them. Skipping unneeded JARs during scanning can improve startup time and JSP compilation time.
16-Jul-2025 22:47:04.718 WARNING [main] org.apache.catalina.util.SessionIdGeneratorBase.createSecureRandom Creation of SecureRandom instance for session ID generation using [SHA1PRNG] took [302] milliseconds.
16-Jul-2025 22:47:04.797 INFO [main] org.apache.catalina.startup.HostConfig.deployDescriptor Deployment of deployment descriptor [C:\Users\saksh\Desktop\InventoryManagementSystem\apache-tomcat-10.1.43\conf\Catalina\localhost\InventoryManagementSystem#index.html.xml] has finished in [3,806] ms
16-Jul-2025 22:47:04.808 INFO [main] org.apache.catalina.startup.HostConfig.deployDirectory Deploying web application directory [C:\Users\saksh\Desktop\InventoryManagementSystem\apache-tomcat-10.1.43\webapps\docs]
16-Jul-2025 22:47:05.410 INFO [main] org.apache.jasper.servlet.TldScanner.scanJars At least one JAR was scanned for TLDs yet contained no TLDs. Enable debug logging for this logger for a complete list of JARs that were scanned but no TLDs were found in them. Skipping unneeded JARs during scanning can improve startup time and JSP compilation time.
16-Jul-2025 22:47:05.416 INFO [main] org.apache.catalina.startup.HostConfig.deployDirectory Deployment of web application directory [C:\Users\saksh\Desktop\InventoryManagementSystem\apache-tomcat-10.1.43\webapps\docs] has finished in [608] ms
16-Jul-2025 22:47:05.417 INFO [main] org.apache.catalina.startup.HostConfig.deployDirectory Deploying web application directory [C:\Users\saksh\Desktop\InventoryManagementSystem\apache-tomcat-10.1.43\webapps\examples]
16-Jul-2025 22:47:06.928 INFO [main] org.apache.jasper.servlet.TldScanner.scanJars At least one JAR was scanned for TLDs yet contained no TLDs. Enable debug logging for this logger for a complete list of JARs that were scanned but no TLDs were found in them. Skipping unneeded JARs during scanning can improve startup time and JSP compilation time.
16-Jul-2025 22:47:07.027 INFO [main] org.apache.catalina.startup.HostConfig.deployDirectory Deployment of web application directory [C:\Users\saksh\Desktop\InventoryManagementSystem\apache-tomcat-10.1.43\webapps\examples] has finished in [1,610] ms
16-Jul-2025 22:47:07.028 INFO [main] org.apache.catalina.startup.HostConfig.deployDirectory Deploying web application directory [C:\Users\saksh\Desktop\InventoryManagementSystem\apache-tomcat-10.1.43\webapps\host-manager]
16-Jul-2025 22:47:07.467 INFO [main] org.apache.jasper.servlet.TldScanner.scanJars At least one JAR was scanned for TLDs yet contained no TLDs. Enable debug logging for this logger for a complete list of JARs that were scanned but no TLDs were found in them. Skipping unneeded JARs during scanning can improve startup time and JSP compilation time.
16-Jul-2025 22:47:07.477 INFO [main] org.apache.catalina.startup.HostConfig.deployDirectory Deployment of web application directory [C:\Users\saksh\Desktop\InventoryManagementSystem\apache-tomcat-10.1.43\webapps\host-manager] has finished in [449] ms
16-Jul-2025 22:47:07.478 INFO [main] org.apache.catalina.startup.HostConfig.deployDirectory Deploying web application directory [C:\Users\saksh\Desktop\InventoryManagementSystem\apache-tomcat-10.1.43\webapps\InventoryManagementSystem]
16-Jul-2025 22:47:07.539 SEVERE [main] org.apache.catalina.startup.HostConfig.deployDirectory Error deploying web application directory [C:\Users\saksh\Desktop\InventoryManagementSystem\apache-tomcat-10.1.43\webapps\InventoryManagementSystem]
	java.lang.IllegalStateException: Error starting child
		at org.apache.catalina.core.ContainerBase.addChildInternal(ContainerBase.java:602)
		at org.apache.catalina.core.ContainerBase.addChild(ContainerBase.java:571)
		at org.apache.catalina.core.StandardHost.addChild(StandardHost.java:654)
		at org.apache.catalina.startup.HostConfig.deployDirectory(HostConfig.java:1126)
		at org.apache.catalina.startup.HostConfig$DeployDirectory.run(HostConfig.java:1925)
		at java.base/java.util.concurrent.Executors$RunnableAdapter.call(Executors.java:515)
		at java.base/java.util.concurrent.FutureTask.run(FutureTask.java:264)
		at org.apache.tomcat.util.threads.InlineExecutorService.execute(InlineExecutorService.java:75)
		at java.base/java.util.concurrent.AbstractExecutorService.submit(AbstractExecutorService.java:118)
		at org.apache.catalina.startup.HostConfig.deployDirectories(HostConfig.java:1037)
		at org.apache.catalina.startup.HostConfig.deployApps(HostConfig.java:422)
		at org.apache.catalina.startup.HostConfig.start(HostConfig.java:1621)
		at org.apache.catalina.startup.HostConfig.lifecycleEvent(HostConfig.java:303)
		at org.apache.catalina.util.LifecycleBase.fireLifecycleEvent(LifecycleBase.java:109)
		at org.apache.catalina.util.LifecycleBase.setStateInternal(LifecycleBase.java:389)
		at org.apache.catalina.util.LifecycleBase.setState(LifecycleBase.java:336)
		at org.apache.catalina.core.ContainerBase.startInternal(ContainerBase.java:776)
		at org.apache.catalina.core.StandardHost.startInternal(StandardHost.java:772)
		at org.apache.catalina.util.LifecycleBase.start(LifecycleBase.java:164)
		at org.apache.catalina.core.ContainerBase$StartChild.call(ContainerBase.java:1203)
		at org.apache.catalina.core.ContainerBase$StartChild.call(ContainerBase.java:1193)
		at java.base/java.util.concurrent.FutureTask.run(FutureTask.java:264)
		at org.apache.tomcat.util.threads.InlineExecutorService.execute(InlineExecutorService.java:75)
		at java.base/java.util.concurrent.AbstractExecutorService.submit(AbstractExecutorService.java:140)
		at org.apache.catalina.core.ContainerBase.startInternal(ContainerBase.java:749)
		at org.apache.catalina.core.StandardEngine.startInternal(StandardEngine.java:203)
		at org.apache.catalina.util.LifecycleBase.start(LifecycleBase.java:164)
		at org.apache.catalina.core.StandardService.startInternal(StandardService.java:412)
		at org.apache.catalina.util.LifecycleBase.start(LifecycleBase.java:164)
		at org.apache.catalina.core.StandardServer.startInternal(StandardServer.java:870)
		at org.apache.catalina.util.LifecycleBase.start(LifecycleBase.java:164)
		at org.apache.catalina.startup.Catalina.start(Catalina.java:761)
		at java.base/jdk.internal.reflect.NativeMethodAccessorImpl.invoke0(Native Method)
		at java.base/jdk.internal.reflect.NativeMethodAccessorImpl.invoke(NativeMethodAccessorImpl.java:62)
		at java.base/jdk.internal.reflect.DelegatingMethodAccessorImpl.invoke(DelegatingMethodAccessorImpl.java:43)
		at java.base/java.lang.reflect.Method.invoke(Method.java:566)
		at org.apache.catalina.startup.Bootstrap.start(Bootstrap.java:345)
		at org.apache.catalina.startup.Bootstrap.main(Bootstrap.java:476)
	Caused by: org.apache.catalina.LifecycleException: Failed to start component [StandardEngine[Catalina].StandardHost[localhost].StandardContext[/InventoryManagementSystem]]
		at org.apache.catalina.util.LifecycleBase.handleSubClassException(LifecycleBase.java:406)
		at org.apache.catalina.util.LifecycleBase.start(LifecycleBase.java:179)
		at org.apache.catalina.core.ContainerBase.addChildInternal(ContainerBase.java:599)
		... 37 more
	Caused by: java.lang.IllegalArgumentException: The servlets named [LoginServlet] and [com.ims.servlet.LoginServlet] are both mapped to the url-pattern [/LoginServlet] which is not permitted
		at org.apache.tomcat.util.descriptor.web.WebXml.addServletMappingDecoded(WebXml.java:415)
		at org.apache.tomcat.util.descriptor.web.WebXml.addServletMapping(WebXml.java:406)
		at org.apache.catalina.startup.ContextConfig.processAnnotationWebServlet(ContextConfig.java:2547)
		at org.apache.catalina.startup.ContextConfig.processClass(ContextConfig.java:2253)
		at org.apache.catalina.startup.ContextConfig.processAnnotationsStream(ContextConfig.java:2242)
		at org.apache.catalina.startup.ContextConfig.processAnnotationsWebResource(ContextConfig.java:2153)
		at org.apache.catalina.startup.ContextConfig.processAnnotationsWebResource(ContextConfig.java:2148)
		at org.apache.catalina.startup.ContextConfig.processAnnotationsWebResource(ContextConfig.java:2148)
		at org.apache.catalina.startup.ContextConfig.processAnnotationsWebResource(ContextConfig.java:2148)
		at org.apache.catalina.startup.ContextConfig.processClasses(ContextConfig.java:1361)
		at org.apache.catalina.startup.ContextConfig.webConfig(ContextConfig.java:1271)
		at org.apache.catalina.startup.ContextConfig.configureStart(ContextConfig.java:972)
		at org.apache.catalina.startup.ContextConfig.lifecycleEvent(ContextConfig.java:290)
		at org.apache.catalina.util.LifecycleBase.fireLifecycleEvent(LifecycleBase.java:109)
		at org.apache.catalina.core.StandardContext.startInternal(StandardContext.java:4380)
		at org.apache.catalina.util.LifecycleBase.start(LifecycleBase.java:164)
		... 38 more
16-Jul-2025 22:47:07.545 INFO [main] org.apache.catalina.startup.HostConfig.deployDirectory Deployment of web application directory [C:\Users\saksh\Desktop\InventoryManagementSystem\apache-tomcat-10.1.43\webapps\InventoryManagementSystem] has finished in [67] ms
16-Jul-2025 22:47:07.546 INFO [main] org.apache.catalina.startup.HostConfig.deployDirectory Deploying web application directory [C:\Users\saksh\Desktop\InventoryManagementSystem\apache-tomcat-10.1.43\webapps\manager]
16-Jul-2025 22:47:08.090 INFO [main] org.apache.jasper.servlet.TldScanner.scanJars At least one JAR was scanned for TLDs yet contained no TLDs. Enable debug logging for this logger for a complete list of JARs that were scanned but no TLDs were found in them. Skipping unneeded JARs during scanning can improve startup time and JSP compilation time.
16-Jul-2025 22:47:08.094 INFO [main] org.apache.catalina.startup.HostConfig.deployDirectory Deployment of web application directory [C:\Users\saksh\Desktop\InventoryManagementSystem\apache-tomcat-10.1.43\webapps\manager] has finished in [548] ms
16-Jul-2025 22:47:08.095 INFO [main] org.apache.catalina.startup.HostConfig.deployDirectory Deploying web application directory [C:\Users\saksh\Desktop\InventoryManagementSystem\apache-tomcat-10.1.43\webapps\ROOT]
16-Jul-2025 22:47:08.518 INFO [main] org.apache.jasper.servlet.TldScanner.scanJars At least one JAR was scanned for TLDs yet contained no TLDs. Enable debug logging for this logger for a complete list of JARs that were scanned but no TLDs were found in them. Skipping unneeded JARs during scanning can improve startup time and JSP compilation time.
16-Jul-2025 22:47:08.529 INFO [main] org.apache.catalina.startup.HostConfig.deployDirectory Deployment of web application directory [C:\Users\saksh\Desktop\InventoryManagementSystem\apache-tomcat-10.1.43\webapps\ROOT] has finished in [434] ms
16-Jul-2025 22:47:08.550 INFO [main] org.apache.coyote.AbstractProtocol.start Starting ProtocolHandler ["http-nio-8080"]
16-Jul-2025 22:47:08.888 INFO [main] org.apache.catalina.startup.Catalina.start Server startup in [8504] milliseconds
16-Jul-2025 22:52:47.113 INFO [Thread-1] org.apache.coyote.AbstractProtocol.pause Pausing ProtocolHandler ["http-nio-8080"]
16-Jul-2025 22:52:47.366 INFO [Thread-1] org.apache.catalina.core.StandardService.stopInternal Stopping service [Catalina]
16-Jul-2025 22:52:47.485 WARNING [Thread-1] org.apache.catalina.loader.WebappClassLoaderBase.clearReferencesJdbc The web application [InventoryManagementSystem#index.html] registered the JDBC driver [com.mysql.cj.jdbc.Driver] but failed to unregister it when the web application was stopped. To prevent a memory leak, the JDBC Driver has been forcibly unregistered.
16-Jul-2025 22:52:47.486 WARNING [Thread-1] org.apache.catalina.loader.WebappClassLoaderBase.clearReferencesThreads The web application [InventoryManagementSystem#index.html] appears to have started a thread named [mysql-cj-abandoned-connection-cleanup] but has failed to stop it. This is very likely to create a memory leak. Stack trace of thread:
 java.base@11.0.26/java.lang.Object.wait(Native Method)
 java.base@11.0.26/java.lang.ref.ReferenceQueue.remove(ReferenceQueue.java:155)
 com.mysql.cj.jdbc.AbandonedConnectionCleanupThread.run(AbandonedConnectionCleanupThread.java:91)
 java.base@11.0.26/java.util.concurrent.ThreadPoolExecutor.runWorker(ThreadPoolExecutor.java:1128)
 java.base@11.0.26/java.util.concurrent.ThreadPoolExecutor$Worker.run(ThreadPoolExecutor.java:628)
 java.base@11.0.26/java.lang.Thread.run(Thread.java:834)
16-Jul-2025 22:52:47.520 INFO [Thread-1] org.apache.coyote.AbstractProtocol.stop Stopping ProtocolHandler ["http-nio-8080"]
16-Jul-2025 22:52:47.550 INFO [Thread-1] org.apache.coyote.AbstractProtocol.destroy Destroying ProtocolHandler ["http-nio-8080"]
16-Jul-2025 22:53:52.823 INFO [main] org.apache.catalina.startup.VersionLoggerListener.log Server version name:   Apache Tomcat/10.1.43
16-Jul-2025 22:53:52.865 INFO [main] org.apache.catalina.startup.VersionLoggerListener.log Server built:          Jul 1 2025 21:30:20 UTC
16-Jul-2025 22:53:52.869 INFO [main] org.apache.catalina.startup.VersionLoggerListener.log Server version number: 10.1.43.0
16-Jul-2025 22:53:52.870 INFO [main] org.apache.catalina.startup.VersionLoggerListener.log OS Name:               Windows 11
16-Jul-2025 22:53:52.870 INFO [main] org.apache.catalina.startup.VersionLoggerListener.log OS Version:            10.0
16-Jul-2025 22:53:52.870 INFO [main] org.apache.catalina.startup.VersionLoggerListener.log Architecture:          amd64
16-Jul-2025 22:53:52.870 INFO [main] org.apache.catalina.startup.VersionLoggerListener.log Java Home:             C:\Program Files\Java\jdk-11
16-Jul-2025 22:53:52.871 INFO [main] org.apache.catalina.startup.VersionLoggerListener.log JVM Version:           11.0.26+7-LTS-187
16-Jul-2025 22:53:52.871 INFO [main] org.apache.catalina.startup.VersionLoggerListener.log JVM Vendor:            Oracle Corporation
16-Jul-2025 22:53:52.871 INFO [main] org.apache.catalina.startup.VersionLoggerListener.log CATALINA_BASE:         C:\Users\saksh\Desktop\InventoryManagementSystem\apache-tomcat-10.1.43
16-Jul-2025 22:53:52.871 INFO [main] org.apache.catalina.startup.VersionLoggerListener.log CATALINA_HOME:         C:\Users\saksh\Desktop\InventoryManagementSystem\apache-tomcat-10.1.43
16-Jul-2025 22:53:52.922 INFO [main] org.apache.catalina.startup.VersionLoggerListener.log Command line argument: --add-opens=java.base/java.lang=ALL-UNNAMED
16-Jul-2025 22:53:52.922 INFO [main] org.apache.catalina.startup.VersionLoggerListener.log Command line argument: --add-opens=java.base/java.io=ALL-UNNAMED
16-Jul-2025 22:53:52.923 INFO [main] org.apache.catalina.startup.VersionLoggerListener.log Command line argument: --add-opens=java.base/java.util=ALL-UNNAMED
16-Jul-2025 22:53:52.923 INFO [main] org.apache.catalina.startup.VersionLoggerListener.log Command line argument: --add-opens=java.base/java.util.concurrent=ALL-UNNAMED
16-Jul-2025 22:53:52.923 INFO [main] org.apache.catalina.startup.VersionLoggerListener.log Command line argument: --add-opens=java.rmi/sun.rmi.transport=ALL-UNNAMED
16-Jul-2025 22:53:52.923 INFO [main] org.apache.catalina.startup.VersionLoggerListener.log Command line argument: -Dcatalina.home=C:\Users\saksh\Desktop\InventoryManagementSystem\apache-tomcat-10.1.43
16-Jul-2025 22:53:52.923 INFO [main] org.apache.catalina.startup.VersionLoggerListener.log Command line argument: -Dcatalina.base=C:\Users\saksh\Desktop\InventoryManagementSystem\apache-tomcat-10.1.43
16-Jul-2025 22:53:52.923 INFO [main] org.apache.catalina.startup.VersionLoggerListener.log Command line argument: -Djava.io.tmpdir=C:\Users\saksh\Desktop\InventoryManagementSystem\apache-tomcat-10.1.43\temp
16-Jul-2025 22:53:52.923 INFO [main] org.apache.catalina.startup.VersionLoggerListener.log Command line argument: -Djava.util.logging.config.file=C:\Users\saksh\Desktop\InventoryManagementSystem\apache-tomcat-10.1.43\conf\logging.properties
16-Jul-2025 22:53:52.924 INFO [main] org.apache.catalina.startup.VersionLoggerListener.log Command line argument: -Djava.util.logging.manager=org.apache.juli.ClassLoaderLogManager
16-Jul-2025 22:53:52.924 INFO [main] org.apache.catalina.startup.VersionLoggerListener.log Command line argument: -javaagent:C:\Program Files\JetBrains\IntelliJ IDEA Community Edition 2024.3.4.1\lib\idea_rt.jar=51164
16-Jul-2025 22:53:52.924 INFO [main] org.apache.catalina.startup.VersionLoggerListener.log Command line argument: -Dfile.encoding=UTF-8
16-Jul-2025 22:53:52.965 INFO [main] org.apache.catalina.core.AprLifecycleListener.lifecycleEvent The Apache Tomcat Native library which allows using OpenSSL was not found on the java.library.path: [C:\Program Files\Java\jdk-11\bin;C:\WINDOWS\Sun\Java\bin;C:\WINDOWS\system32;C:\WINDOWS;C:\Program Files\Eclipse Adoptium\jdk-11.0.27.6-hotspot\bin;C:\Program Files\Eclipse Adoptium\jre-17.0.15.6-hotspot\bin;C:\Program Files\Common Files\Oracle\Java\javapath;C:\Program Files (x86)\Common Files\Oracle\Java\java8path;C:\Program Files (x86)\Common Files\Oracle\Java\javapath;C:\Program Files\Java\jdk1.8.0_202

\bin;C:\Program Files\Java\jre1.8.0_431\bin;C:\Python312\Scripts\;C:\Python312\;C:\Python311\Scripts\;C:\Python311\;C:\WINDOWS\system32;C:\WINDOWS;C:\WINDOWS\System32\Wbem;C:\WINDOWS\System32\WindowsPowerShell\v1.0\;C:\WINDOWS\System32\OpenSSH\;C:\Program Files\dotnet\;C:\Users\saksh\Downloads;C:\Users\saksh\Downloads\ForwardNotifier-master\ForwardNotifier-master\ForwardNotifier Client Tools\Windows SSH Client tool;C:\Users\saksh\Downloads\app files\ForwardNotifier-master\ForwardNotifier-master\ForwardNotifier Client Tools\Windows SSH Client tool;C:\ProgramData\chocolatey\bin;C:\Android;C:\Windows\System32;C:\WINDOWS\system32;C:\WINDOWS;C:\WINDOWS\System32\Wbem;C:\WINDOWS\System32\WindowsPowerShell\v1.0\;C:\WINDOWS\System32\OpenSSH\;C:\Program Files\Calibre2\;C:\Program Files\nodejs\;C:\Program Files\HP\HP One Agent;C:\flutter;C:\Program Files\MySQL\MySQL Server 8.0\bin;C:\Program Files\Git\cmd;C:\Program Files\Git\cmd;C:\Windows\System32;C:\Windows;C:\Users\saksh\AppData\Local\Android\sdk\cmdline-tools\latest\bin;C:\Users\saksh\AppData\Local\Android\sdk\cmdline-tools\bin;C:\Users\saksh\Desktop\InventoryManagementSystem\apache-maven-3.9.10\bin;C:\Users\saksh\Desktop\InventoryManagementSystem\apache-maven-3.9.10\bin;C:\Program Files\MySQL\MySQL Shell 8.0\bin\;C:\Program Files\platform-tools;C:\Users\saksh\AppData\Local\Microsoft\WindowsApps;C:\Users\saksh\.dotnet\tools;C:\Program Files\JetBrains\PyCharm Community Edition 2022.1.2\bin;C:\Users\saksh\AppData\Local\spicetify;C:\Users\saksh\.dotnet\tools;C:\MinGW\bin;C:\Users\saksh\AppData\Local\Microsoft\WindowsApps;C:\Users\saksh\AppData\Roaming\npm;C:\flutter\bin;C:\Program Files\JetBrains\PyCharm Community Edition 2024.1.4\bin;C:\Users\saksh\AppData\Local\GitHubDesktop\bin;C:\Users\saksh\AppData\Roaming\Python\Python312\Scripts;C:\Program Files\Java\jdk-23\bin;C:\Users\saksh\AppData\Local\Programs\Ollama;C:\Users\saksh\AppData\Local\Programs\Microsoft VS Code\bin;C:\Program Files\Git\cmd;C:\flutter\bin;C:\Users\saksh\AppData\Roaming\npm;C:\Users\saksh\Desktop\InventoryManagementSystem\apache-maven-3.9.10\bin;C:\Program Files\Eclipse Adoptium\jdk-11.0.27.6-hotspot\bin;;.]
16-Jul-2025 22:53:53.990 INFO [main] org.apache.coyote.AbstractProtocol.init Initializing ProtocolHandler ["http-nio-8080"]
16-Jul-2025 22:53:54.548 INFO [main] org.apache.catalina.startup.Catalina.load Server initialization in [3001] milliseconds
16-Jul-2025 22:53:55.466 INFO [main] org.apache.catalina.core.StandardService.startInternal Starting service [Catalina]
16-Jul-2025 22:53:55.466 INFO [main] org.apache.catalina.core.StandardEngine.startInternal Starting Servlet engine: [Apache Tomcat/10.1.43]
16-Jul-2025 22:53:55.676 INFO [main] org.apache.catalina.startup.HostConfig.deployDescriptor Deploying deployment descriptor [C:\Users\saksh\Desktop\InventoryManagementSystem\apache-tomcat-10.1.43\conf\Catalina\localhost\InventoryManagementSystem#index.html.xml]
16-Jul-2025 22:53:56.741 WARNING [main] org.apache.catalina.webresources.DirResourceSet.initInternal Disabled the global canonical file name cache to protect against CVE-2024-56337 when starting the WebResourceSet at [C:\Users\saksh\Desktop\InventoryManagementSystem\target\classes] which is part of the web application [/InventoryManagementSystem/index.html]
16-Jul-2025 22:54:02.151 INFO [main] org.apache.jasper.servlet.TldScanner.scanJars At least one JAR was scanned for TLDs yet contained no TLDs. Enable debug logging for this logger for a complete list of JARs that were scanned but no TLDs were found in them. Skipping unneeded JARs during scanning can improve startup time and JSP compilation time.
16-Jul-2025 22:54:02.879 WARNING [main] org.apache.catalina.util.SessionIdGeneratorBase.createSecureRandom Creation of SecureRandom instance for session ID generation using [SHA1PRNG] took [288] milliseconds.
16-Jul-2025 22:54:03.329 INFO [main] org.apache.catalina.startup.HostConfig.deployDescriptor Deployment of deployment descriptor [C:\Users\saksh\Desktop\InventoryManagementSystem\apache-tomcat-10.1.43\conf\Catalina\localhost\InventoryManagementSystem#index.html.xml] has finished in [7,654] ms
16-Jul-2025 22:54:03.331 INFO [main] org.apache.catalina.startup.HostConfig.deployDirectory Deploying web application directory [C:\Users\saksh\Desktop\InventoryManagementSystem\apache-tomcat-10.1.43\webapps\docs]
16-Jul-2025 22:54:04.153 INFO [main] org.apache.jasper.servlet.TldScanner.scanJars At least one JAR was scanned for TLDs yet contained no TLDs. Enable debug logging for this logger for a complete list of JARs that were scanned but no TLDs were found in them. Skipping unneeded JARs during scanning can improve startup time and JSP compilation time.
16-Jul-2025 22:54:04.160 INFO [main] org.apache.catalina.startup.HostConfig.deployDirectory Deployment of web application directory [C:\Users\saksh\Desktop\InventoryManagementSystem\apache-tomcat-10.1.43\webapps\docs] has finished in [829] ms
16-Jul-2025 22:54:04.160 INFO [main] org.apache.catalina.startup.HostConfig.deployDirectory Deploying web application directory [C:\Users\saksh\Desktop\InventoryManagementSystem\apache-tomcat-10.1.43\webapps\examples]
16-Jul-2025 22:54:05.479 INFO [main] org.apache.jasper.servlet.TldScanner.scanJars At least one JAR was scanned for TLDs yet contained no TLDs. Enable debug logging for this logger for a complete list of JARs that were scanned but no TLDs were found in them. Skipping unneeded JARs during scanning can improve startup time and JSP compilation time.
16-Jul-2025 22:54:05.573 INFO [main] org.apache.catalina.startup.HostConfig.deployDirectory Deployment of web application directory [C:\Users\saksh\Desktop\InventoryManagementSystem\apache-tomcat-10.1.43\webapps\examples] has finished in [1,413] ms
16-Jul-2025 22:54:05.574 INFO [main] org.apache.catalina.startup.HostConfig.deployDirectory Deploying web application directory [C:\Users\saksh\Desktop\InventoryManagementSystem\apache-tomcat-10.1.43\webapps\host-manager]
16-Jul-2025 22:54:06.150 INFO [main] org.apache.jasper.servlet.TldScanner.scanJars At least one JAR was scanned for TLDs yet contained no TLDs. Enable debug logging for this logger for a complete list of JARs that were scanned but no TLDs were found in them. Skipping unneeded JARs during scanning can improve startup time and JSP compilation time.
16-Jul-2025 22:54:06.163 INFO [main] org.apache.catalina.startup.HostConfig.deployDirectory Deployment of web application directory [C:\Users\saksh\Desktop\InventoryManagementSystem\apache-tomcat-10.1.43\webapps\host-manager] has finished in [589] ms
16-Jul-2025 22:54:06.163 INFO [main] org.apache.catalina.startup.HostConfig.deployDirectory Deploying web application directory [C:\Users\saksh\Desktop\InventoryManagementSystem\apache-tomcat-10.1.43\webapps\InventoryManagementSystem]
16-Jul-2025 22:54:06.243 SEVERE [main] org.apache.catalina.startup.HostConfig.deployDirectory Error deploying web application directory [C:\Users\saksh\Desktop\InventoryManagementSystem\apache-tomcat-10.1.43\webapps\InventoryManagementSystem]
	java.lang.IllegalStateException: Error starting child
		at org.apache.catalina.core.ContainerBase.addChildInternal(ContainerBase.java:602)
		at org.apache.catalina.core.ContainerBase.addChild(ContainerBase.java:571)
		at org.apache.catalina.core.StandardHost.addChild(StandardHost.java:654)
		at org.apache.catalina.startup.HostConfig.deployDirectory(HostConfig.java:1126)
		at org.apache.catalina.startup.HostConfig$DeployDirectory.run(HostConfig.java:1925)
		at java.base/java.util.concurrent.Executors$RunnableAdapter.call(Executors.java:515)
		at java.base/java.util.concurrent.FutureTask.run(FutureTask.java:264)
		at org.apache.tomcat.util.threads.InlineExecutorService.execute(InlineExecutorService.java:75)
		at java.base/java.util.concurrent.AbstractExecutorService.submit(AbstractExecutorService.java:118)
		at org.apache.catalina.startup.HostConfig.deployDirectories(HostConfig.java:1037)
		at org.apache.catalina.startup.HostConfig.deployApps(HostConfig.java:422)
		at org.apache.catalina.startup.HostConfig.start(HostConfig.java:1621)
		at org.apache.catalina.startup.HostConfig.lifecycleEvent(HostConfig.java:303)
		at org.apache.catalina.util.LifecycleBase.fireLifecycleEvent(LifecycleBase.java:109)
		at org.apache.catalina.util.LifecycleBase.setStateInternal(LifecycleBase.java:389)
		at org.apache.catalina.util.LifecycleBase.setState(LifecycleBase.java:336)
		at org.apache.catalina.core.ContainerBase.startInternal(ContainerBase.java:776)
		at org.apache.catalina.core.StandardHost.startInternal(StandardHost.java:772)
		at org.apache.catalina.util.LifecycleBase.start(LifecycleBase.java:164)
		at org.apache.catalina.core.ContainerBase$StartChild.call(ContainerBase.java:1203)
		at org.apache.catalina.core.ContainerBase$StartChild.call(ContainerBase.java:1193)
		at java.base/java.util.concurrent.FutureTask.run(FutureTask.java:264)
		at org.apache.tomcat.util.threads.InlineExecutorService.execute(InlineExecutorService.java:75)
		at java.base/java.util.concurrent.AbstractExecutorService.submit(AbstractExecutorService.java:140)
		at org.apache.catalina.core.ContainerBase.startInternal(ContainerBase.java:749)
		at org.apache.catalina.core.StandardEngine.startInternal(StandardEngine.java:203)
		at org.apache.catalina.util.LifecycleBase.start(LifecycleBase.java:164)
		at org.apache.catalina.core.StandardService.startInternal(StandardService.java:412)
		at org.apache.catalina.util.LifecycleBase.start(LifecycleBase.java:164)
		at org.apache.catalina.core.StandardServer.startInternal(StandardServer.java:870)
		at org.apache.catalina.util.LifecycleBase.start(LifecycleBase.java:164)
		at org.apache.catalina.startup.Catalina.start(Catalina.java:761)
		at java.base/jdk.internal.reflect.NativeMethodAccessorImpl.invoke0(Native Method)
		at java.base/jdk.internal.reflect.NativeMethodAccessorImpl.invoke(NativeMethodAccessorImpl.java:62)
		at java.base/jdk.internal.reflect.DelegatingMethodAccessorImpl.invoke(DelegatingMethodAccessorImpl.java:43)
		at java.base/java.lang.reflect.Method.invoke(Method.java:566)
		at org.apache.catalina.startup.Bootstrap.start(Bootstrap.java:345)
		at org.apache.catalina.startup.Bootstrap.main(Bootstrap.java:476)
	Caused by: org.apache.catalina.LifecycleException: Failed to start component [StandardEngine[Catalina].StandardHost[localhost].StandardContext[/InventoryManagementSystem]]
		at org.apache.catalina.util.LifecycleBase.handleSubClassException(LifecycleBase.java:406)
		at org.apache.catalina.util.LifecycleBase.start(LifecycleBase.java:179)
		at org.apache.catalina.core.ContainerBase.addChildInternal(ContainerBase.java:599)
		... 37 more
	Caused by: java.lang.IllegalArgumentException: The servlets named [LoginServlet] and [com.ims.servlet.LoginServlet] are both mapped to the url-pattern [/LoginServlet] which is not permitted
		at org.apache.tomcat.util.descriptor.web.WebXml.addServletMappingDecoded(WebXml.java:415)
		at org.apache.tomcat.util.descriptor.web.WebXml.addServletMapping(WebXml.java:406)
		at org.apache.catalina.startup.ContextConfig.processAnnotationWebServlet(ContextConfig.java:2547)
		at org.apache.catalina.startup.ContextConfig.processClass(ContextConfig.java:2253)
		at org.apache.catalina.startup.ContextConfig.processAnnotationsStream(ContextConfig.java:2242)
		at org.apache.catalina.startup.ContextConfig.processAnnotationsWebResource(ContextConfig.java:2153)
		at org.apache.catalina.startup.ContextConfig.processAnnotationsWebResource(ContextConfig.java:2148)
		at org.apache.catalina.startup.ContextConfig.processAnnotationsWebResource(ContextConfig.java:2148)
		at org.apache.catalina.startup.ContextConfig.processAnnotationsWebResource(ContextConfig.java:2148)
		at org.apache.catalina.startup.ContextConfig.processClasses(ContextConfig.java:1361)
		at org.apache.catalina.startup.ContextConfig.webConfig(ContextConfig.java:1271)
		at org.apache.catalina.startup.ContextConfig.configureStart(ContextConfig.java:972)
		at org.apache.catalina.startup.ContextConfig.lifecycleEvent(ContextConfig.java:290)
		at org.apache.catalina.util.LifecycleBase.fireLifecycleEvent(LifecycleBase.java:109)
		at org.apache.catalina.core.StandardContext.startInternal(StandardContext.java:4380)
		at org.apache.catalina.util.LifecycleBase.start(LifecycleBase.java:164)
		... 38 more
16-Jul-2025 22:54:06.251 INFO [main] org.apache.catalina.startup.HostConfig.deployDirectory Deployment of web application directory [C:\Users\saksh\Desktop\InventoryManagementSystem\apache-tomcat-10.1.43\webapps\InventoryManagementSystem] has finished in [88] ms
16-Jul-2025 22:54:06.252 INFO [main] org.apache.catalina.startup.HostConfig.deployDirectory Deploying web application directory [C:\Users\saksh\Desktop\InventoryManagementSystem\apache-tomcat-10.1.43\webapps\manager]
16-Jul-2025 22:54:06.696 INFO [main] org.apache.jasper.servlet.TldScanner.scanJars At least one JAR was scanned for TLDs yet contained no TLDs. Enable debug logging for this logger for a complete list of JARs that were scanned but no TLDs were found in them. Skipping unneeded JARs during scanning can improve startup time and JSP compilation time.
16-Jul-2025 22:54:06.702 INFO [main] org.apache.catalina.startup.HostConfig.deployDirectory Deployment of web application directory [C:\Users\saksh\Desktop\InventoryManagementSystem\apache-tomcat-10.1.43\webapps\manager] has finished in [450] ms
16-Jul-2025 22:54:06.702 INFO [main] org.apache.catalina.startup.HostConfig.deployDirectory Deploying web application directory [C:\Users\saksh\Desktop\InventoryManagementSystem\apache-tomcat-10.1.43\webapps\ROOT]
16-Jul-2025 22:54:07.337 INFO [main] org.apache.jasper.servlet.TldScanner.scanJars At least one JAR was scanned for TLDs yet contained no TLDs. Enable debug logging for this logger for a complete list of JARs that were scanned but no TLDs were found in them. Skipping unneeded JARs during scanning can improve startup time and JSP compilation time.
16-Jul-2025 22:54:07.344 INFO [main] org.apache.catalina.startup.HostConfig.deployDirectory Deployment of web application directory [C:\Users\saksh\Desktop\InventoryManagementSystem\apache-tomcat-10.1.43\webapps\ROOT] has finished in [642] ms
16-Jul-2025 22:54:07.359 INFO [main] org.apache.coyote.AbstractProtocol.start Starting ProtocolHandler ["http-nio-8080"]
16-Jul-2025 22:54:07.687 INFO [main] org.apache.catalina.startup.Catalina.start Server startup in [13137] milliseconds
16-Jul-2025 22:55:33.514 INFO [Thread-1] org.apache.coyote.AbstractProtocol.pause Pausing ProtocolHandler ["http-nio-8080"]
16-Jul-2025 22:55:34.449 INFO [Thread-1] org.apache.catalina.core.StandardService.stopInternal Stopping service [Catalina]
16-Jul-2025 22:55:34.654 WARNING [Thread-1] org.apache.catalina.loader.WebappClassLoaderBase.clearReferencesThreads The web application [InventoryManagementSystem#index.html] appears to have started a thread named [mysql-cj-abandoned-connection-cleanup] but has failed to stop it. This is very likely to create a memory leak. Stack trace of thread:
 java.base@11.0.26/java.io.WinNTFileSystem.getLastModifiedTime(Native Method)
 java.base@11.0.26/java.io.File.lastModified(File.java:966)
 org.apache.catalina.webresources.FileResource.getLastModified(FileResource.java:104)
 org.apache.catalina.webresources.CachedResource.getLastModified(CachedResource.java:189)
 org.apache.catalina.webresources.CachedResource.validateResource(CachedResource.java:109)
 org.apache.catalina.webresources.Cache.getResource(Cache.java:96)
 org.apache.catalina.webresources.StandardRoot.getResource(StandardRoot.java:212)
 org.apache.catalina.webresources.StandardRoot.getClassLoaderResource(StandardRoot.java:221)
 org.apache.catalina.loader.WebappClassLoaderBase.findResource(WebappClassLoaderBase.java:893)
 org.apache.catalina.loader.WebappClassLoaderBase.getResource(WebappClassLoaderBase.java:1008)
 com.mysql.cj.jdbc.AbandonedConnectionCleanupThread.checkThreadContextClassLoader(AbandonedConnectionCleanupThread.java:123)
 com.mysql.cj.jdbc.AbandonedConnectionCleanupThread.run(AbandonedConnectionCleanupThread.java:90)
 java.base@11.0.26/java.util.concurrent.ThreadPoolExecutor.runWorker(ThreadPoolExecutor.java:1128)
 java.base@11.0.26/java.util.concurrent.ThreadPoolExecutor$Worker.run(ThreadPoolExecutor.java:628)
 java.base@11.0.26/java.lang.Thread.run(Thread.java:834)
16-Jul-2025 22:55:34.678 INFO [Thread-1] org.apache.coyote.AbstractProtocol.stop Stopping ProtocolHandler ["http-nio-8080"]
16-Jul-2025 22:55:34.700 INFO [Thread-1] org.apache.coyote.AbstractProtocol.destroy Destroying ProtocolHandler ["http-nio-8080"]
16-Jul-2025 22:55:48.402 INFO [main] org.apache.catalina.startup.VersionLoggerListener.log Server version name:   Apache Tomcat/10.1.43
16-Jul-2025 22:55:48.415 INFO [main] org.apache.catalina.startup.VersionLoggerListener.log Server built:          Jul 1 2025 21:30:20 UTC
16-Jul-2025 22:55:48.415 INFO [main] org.apache.catalina.startup.VersionLoggerListener.log Server version number: 10.1.43.0
16-Jul-2025 22:55:48.416 INFO [main] org.apache.catalina.startup.VersionLoggerListener.log OS Name:               Windows 11
16-Jul-2025 22:55:48.417 INFO [main] org.apache.catalina.startup.VersionLoggerListener.log OS Version:            10.0
16-Jul-2025 22:55:48.417 INFO [main] org.apache.catalina.startup.VersionLoggerListener.log Architecture:          amd64
16-Jul-2025 22:55:48.417 INFO [main] org.apache.catalina.startup.VersionLoggerListener.log Java Home:             C:\Program Files\Java\jdk-11
16-Jul-2025 22:55:48.417 INFO [main] org.apache.catalina.startup.VersionLoggerListener.log JVM Version:           11.0.26+7-LTS-187
16-Jul-2025 22:55:48.417 INFO [main] org.apache.catalina.startup.VersionLoggerListener.log JVM Vendor:            Oracle Corporation
16-Jul-2025 22:55:48.417 INFO [main] org.apache.catalina.startup.VersionLoggerListener.log CATALINA_BASE:         C:\Users\saksh\Desktop\InventoryManagementSystem\apache-tomcat-10.1.43
16-Jul-2025 22:55:48.417 INFO [main] org.apache.catalina.startup.VersionLoggerListener.log CATALINA_HOME:         C:\Users\saksh\Desktop\InventoryManagementSystem\apache-tomcat-10.1.43
16-Jul-2025 22:55:48.489 INFO [main] org.apache.catalina.startup.VersionLoggerListener.log Command line argument: --add-opens=java.base/java.lang=ALL-UNNAMED
16-Jul-2025 22:55:48.489 INFO [main] org.apache.catalina.startup.VersionLoggerListener.log Command line argument: --add-opens=java.base/java.io=ALL-UNNAMED
16-Jul-2025 22:55:48.489 INFO [main] org.apache.catalina.startup.VersionLoggerListener.log Command line argument: --add-opens=java.base/java.util=ALL-UNNAMED
16-Jul-2025 22:55:48.490 INFO [main] org.apache.catalina.startup.VersionLoggerListener.log Command line argument: --add-opens=java.base/java.util.concurrent=ALL-UNNAMED
16-Jul-2025 22:55:48.490 INFO [main] org.apache.catalina.startup.VersionLoggerListener.log Command line argument: --add-opens=java.rmi/sun.rmi.transport=ALL-UNNAMED
16-Jul-2025 22:55:48.490 INFO [main] org.apache.catalina.startup.VersionLoggerListener.log Command line argument: -Dcatalina.home=C:\Users\saksh\Desktop\InventoryManagementSystem\apache-tomcat-10.1.43
16-Jul-2025 22:55:48.490 INFO [main] org.apache.catalina.startup.VersionLoggerListener.log Command line argument: -Dcatalina.base=C:\Users\saksh\Desktop\InventoryManagementSystem\apache-tomcat-10.1.43
16-Jul-2025 22:55:48.490 INFO [main] org.apache.catalina.startup.VersionLoggerListener.log Command line argument: -Djava.io.tmpdir=C:\Users\saksh\Desktop\InventoryManagementSystem\apache-tomcat-10.1.43\temp
16-Jul-2025 22:55:48.490 INFO [main] org.apache.catalina.startup.VersionLoggerListener.log Command line argument: -Djava.util.logging.config.file=C:\Users\saksh\Desktop\InventoryManagementSystem\apache-tomcat-10.1.43\conf\logging.properties
16-Jul-2025 22:55:48.490 INFO [main] org.apache.catalina.startup.VersionLoggerListener.log Command line argument: -Djava.util.logging.manager=org.apache.juli.ClassLoaderLogManager
16-Jul-2025 22:55:48.490 INFO [main] org.apache.catalina.startup.VersionLoggerListener.log Command line argument: -javaagent:C:\Program Files\JetBrains\IntelliJ IDEA Community Edition 2024.3.4.1\lib\idea_rt.jar=51199
16-Jul-2025 22:55:48.490 INFO [main] org.apache.catalina.startup.VersionLoggerListener.log Command line argument: -Dfile.encoding=UTF-8
16-Jul-2025 22:55:48.563 INFO [main] org.apache.catalina.core.AprLifecycleListener.lifecycleEvent The Apache Tomcat Native library which allows using OpenSSL was not found on the java.library.path: [C:\Program Files\Java\jdk-11\bin;C:\WINDOWS\Sun\Java\bin;C:\WINDOWS\system32;C:\WINDOWS;C:\Program Files\Eclipse Adoptium\jdk-11.0.27.6-hotspot\bin;C:\Program Files\Eclipse Adoptium\jre-17.0.15.6-hotspot\bin;C:\Program Files\Common Files\Oracle\Java\javapath;C:\Program Files (x86)\Common Files\Oracle\Java\java8path;C:\Program Files (x86)\Common Files\Oracle\Java\javapath;C:\Program Files\Java\jdk1.8.0_202

\bin;C:\Program Files\Java\jre1.8.0_431\bin;C:\Python312\Scripts\;C:\Python312\;C:\Python311\Scripts\;C:\Python311\;C:\WINDOWS\system32;C:\WINDOWS;C:\WINDOWS\System32\Wbem;C:\WINDOWS\System32\WindowsPowerShell\v1.0\;C:\WINDOWS\System32\OpenSSH\;C:\Program Files\dotnet\;C:\Users\saksh\Downloads;C:\Users\saksh\Downloads\ForwardNotifier-master\ForwardNotifier-master\ForwardNotifier Client Tools\Windows SSH Client tool;C:\Users\saksh\Downloads\app files\ForwardNotifier-master\ForwardNotifier-master\ForwardNotifier Client Tools\Windows SSH Client tool;C:\ProgramData\chocolatey\bin;C:\Android;C:\Windows\System32;C:\WINDOWS\system32;C:\WINDOWS;C:\WINDOWS\System32\Wbem;C:\WINDOWS\System32\WindowsPowerShell\v1.0\;C:\WINDOWS\System32\OpenSSH\;C:\Program Files\Calibre2\;C:\Program Files\nodejs\;C:\Program Files\HP\HP One Agent;C:\flutter;C:\Program Files\MySQL\MySQL Server 8.0\bin;C:\Program Files\Git\cmd;C:\Program Files\Git\cmd;C:\Windows\System32;C:\Windows;C:\Users\saksh\AppData\Local\Android\sdk\cmdline-tools\latest\bin;C:\Users\saksh\AppData\Local\Android\sdk\cmdline-tools\bin;C:\Users\saksh\Desktop\InventoryManagementSystem\apache-maven-3.9.10\bin;C:\Users\saksh\Desktop\InventoryManagementSystem\apache-maven-3.9.10\bin;C:\Program Files\MySQL\MySQL Shell 8.0\bin\;C:\Program Files\platform-tools;C:\Users\saksh\AppData\Local\Microsoft\WindowsApps;C:\Users\saksh\.dotnet\tools;C:\Program Files\JetBrains\PyCharm Community Edition 2022.1.2\bin;C:\Users\saksh\AppData\Local\spicetify;C:\Users\saksh\.dotnet\tools;C:\MinGW\bin;C:\Users\saksh\AppData\Local\Microsoft\WindowsApps;C:\Users\saksh\AppData\Roaming\npm;C:\flutter\bin;C:\Program Files\JetBrains\PyCharm Community Edition 2024.1.4\bin;C:\Users\saksh\AppData\Local\GitHubDesktop\bin;C:\Users\saksh\AppData\Roaming\Python\Python312\Scripts;C:\Program Files\Java\jdk-23\bin;C:\Users\saksh\AppData\Local\Programs\Ollama;C:\Users\saksh\AppData\Local\Programs\Microsoft VS Code\bin;C:\Program Files\Git\cmd;C:\flutter\bin;C:\Users\saksh\AppData\Roaming\npm;C:\Users\saksh\Desktop\InventoryManagementSystem\apache-maven-3.9.10\bin;C:\Program Files\Eclipse Adoptium\jdk-11.0.27.6-hotspot\bin;;.]
16-Jul-2025 22:55:49.951 INFO [main] org.apache.coyote.AbstractProtocol.init Initializing ProtocolHandler ["http-nio-8080"]
16-Jul-2025 22:55:50.004 INFO [main] org.apache.catalina.startup.Catalina.load Server initialization in [2653] milliseconds
16-Jul-2025 22:55:50.137 INFO [main] org.apache.catalina.core.StandardService.startInternal Starting service [Catalina]
16-Jul-2025 22:55:50.138 INFO [main] org.apache.catalina.core.StandardEngine.startInternal Starting Servlet engine: [Apache Tomcat/10.1.43]
16-Jul-2025 22:55:50.226 INFO [main] org.apache.catalina.startup.HostConfig.deployDescriptor Deploying deployment descriptor [C:\Users\saksh\Desktop\InventoryManagementSystem\apache-tomcat-10.1.43\conf\Catalina\localhost\InventoryManagementSystem#index.html.xml]
16-Jul-2025 22:55:50.524 WARNING [main] org.apache.catalina.webresources.DirResourceSet.initInternal Disabled the global canonical file name cache to protect against CVE-2024-56337 when starting the WebResourceSet at [C:\Users\saksh\Desktop\InventoryManagementSystem\target\classes] which is part of the web application [/InventoryManagementSystem/index.html]
16-Jul-2025 22:56:00.105 INFO [main] org.apache.jasper.servlet.TldScanner.scanJars At least one JAR was scanned for TLDs yet contained no TLDs. Enable debug logging for this logger for a complete list of JARs that were scanned but no TLDs were found in them. Skipping unneeded JARs during scanning can improve startup time and JSP compilation time.
16-Jul-2025 22:56:01.889 WARNING [main] org.apache.catalina.util.SessionIdGeneratorBase.createSecureRandom Creation of SecureRandom instance for session ID generation using [SHA1PRNG] took [889] milliseconds.
16-Jul-2025 22:56:01.948 INFO [main] org.apache.catalina.startup.HostConfig.deployDescriptor Deployment of deployment descriptor [C:\Users\saksh\Desktop\InventoryManagementSystem\apache-tomcat-10.1.43\conf\Catalina\localhost\InventoryManagementSystem#index.html.xml] has finished in [11,722] ms
16-Jul-2025 22:56:01.949 INFO [main] org.apache.catalina.startup.HostConfig.deployDirectory Deploying web application directory [C:\Users\saksh\Desktop\InventoryManagementSystem\apache-tomcat-10.1.43\webapps\docs]
16-Jul-2025 22:56:03.900 INFO [main] org.apache.jasper.servlet.TldScanner.scanJars At least one JAR was scanned for TLDs yet contained no TLDs. Enable debug logging for this logger for a complete list of JARs that were scanned but no TLDs were found in them. Skipping unneeded JARs during scanning can improve startup time and JSP compilation time.
16-Jul-2025 22:56:03.947 INFO [main] org.apache.catalina.startup.HostConfig.deployDirectory Deployment of web application directory [C:\Users\saksh\Desktop\InventoryManagementSystem\apache-tomcat-10.1.43\webapps\docs] has finished in [1,998] ms
16-Jul-2025 22:56:03.949 INFO [main] org.apache.catalina.startup.HostConfig.deployDirectory Deploying web application directory [C:\Users\saksh\Desktop\InventoryManagementSystem\apache-tomcat-10.1.43\webapps\examples]
16-Jul-2025 22:56:06.919 INFO [main] org.apache.jasper.servlet.TldScanner.scanJars At least one JAR was scanned for TLDs yet contained no TLDs. Enable debug logging for this logger for a complete list of JARs that were scanned but no TLDs were found in them. Skipping unneeded JARs during scanning can improve startup time and JSP compilation time.
16-Jul-2025 22:56:07.044 INFO [main] org.apache.catalina.startup.HostConfig.deployDirectory Deployment of web application directory [C:\Users\saksh\Desktop\InventoryManagementSystem\apache-tomcat-10.1.43\webapps\examples] has finished in [3,095] ms
16-Jul-2025 22:56:07.045 INFO [main] org.apache.catalina.startup.HostConfig.deployDirectory Deploying web application directory [C:\Users\saksh\Desktop\InventoryManagementSystem\apache-tomcat-10.1.43\webapps\host-manager]
16-Jul-2025 22:56:07.593 INFO [main] org.apache.jasper.servlet.TldScanner.scanJars At least one JAR was scanned for TLDs yet contained no TLDs. Enable debug logging for this logger for a complete list of JARs that were scanned but no TLDs were found in them. Skipping unneeded JARs during scanning can improve startup time and JSP compilation time.
16-Jul-2025 22:56:07.610 INFO [main] org.apache.catalina.startup.HostConfig.deployDirectory Deployment of web application directory [C:\Users\saksh\Desktop\InventoryManagementSystem\apache-tomcat-10.1.43\webapps\host-manager] has finished in [565] ms
16-Jul-2025 22:56:07.612 INFO [main] org.apache.catalina.startup.HostConfig.deployDirectory Deploying web application directory [C:\Users\saksh\Desktop\InventoryManagementSystem\apache-tomcat-10.1.43\webapps\InventoryManagementSystem]
16-Jul-2025 22:56:07.691 SEVERE [main] org.apache.catalina.startup.HostConfig.deployDirectory Error deploying web application directory [C:\Users\saksh\Desktop\InventoryManagementSystem\apache-tomcat-10.1.43\webapps\InventoryManagementSystem]
	java.lang.IllegalStateException: Error starting child
		at org.apache.catalina.core.ContainerBase.addChildInternal(ContainerBase.java:602)
		at org.apache.catalina.core.ContainerBase.addChild(ContainerBase.java:571)
		at org.apache.catalina.core.StandardHost.addChild(StandardHost.java:654)
		at org.apache.catalina.startup.HostConfig.deployDirectory(HostConfig.java:1126)
		at org.apache.catalina.startup.HostConfig$DeployDirectory.run(HostConfig.java:1925)
		at java.base/java.util.concurrent.Executors$RunnableAdapter.call(Executors.java:515)
		at java.base/java.util.concurrent.FutureTask.run(FutureTask.java:264)
		at org.apache.tomcat.util.threads.InlineExecutorService.execute(InlineExecutorService.java:75)
		at java.base/java.util.concurrent.AbstractExecutorService.submit(AbstractExecutorService.java:118)
		at org.apache.catalina.startup.HostConfig.deployDirectories(HostConfig.java:1037)
		at org.apache.catalina.startup.HostConfig.deployApps(HostConfig.java:422)
		at org.apache.catalina.startup.HostConfig.start(HostConfig.java:1621)
		at org.apache.catalina.startup.HostConfig.lifecycleEvent(HostConfig.java:303)
		at org.apache.catalina.util.LifecycleBase.fireLifecycleEvent(LifecycleBase.java:109)
		at org.apache.catalina.util.LifecycleBase.setStateInternal(LifecycleBase.java:389)
		at org.apache.catalina.util.LifecycleBase.setState(LifecycleBase.java:336)
		at org.apache.catalina.core.ContainerBase.startInternal(ContainerBase.java:776)
		at org.apache.catalina.core.StandardHost.startInternal(StandardHost.java:772)
		at org.apache.catalina.util.LifecycleBase.start(LifecycleBase.java:164)
		at org.apache.catalina.core.ContainerBase$StartChild.call(ContainerBase.java:1203)
		at org.apache.catalina.core.ContainerBase$StartChild.call(ContainerBase.java:1193)
		at java.base/java.util.concurrent.FutureTask.run(FutureTask.java:264)
		at org.apache.tomcat.util.threads.InlineExecutorService.execute(InlineExecutorService.java:75)
		at java.base/java.util.concurrent.AbstractExecutorService.submit(AbstractExecutorService.java:140)
		at org.apache.catalina.core.ContainerBase.startInternal(ContainerBase.java:749)
		at org.apache.catalina.core.StandardEngine.startInternal(StandardEngine.java:203)
		at org.apache.catalina.util.LifecycleBase.start(LifecycleBase.java:164)
		at org.apache.catalina.core.StandardService.startInternal(StandardService.java:412)
		at org.apache.catalina.util.LifecycleBase.start(LifecycleBase.java:164)
		at org.apache.catalina.core.StandardServer.startInternal(StandardServer.java:870)
		at org.apache.catalina.util.LifecycleBase.start(LifecycleBase.java:164)
		at org.apache.catalina.startup.Catalina.start(Catalina.java:761)
		at java.base/jdk.internal.reflect.NativeMethodAccessorImpl.invoke0(Native Method)
		at java.base/jdk.internal.reflect.NativeMethodAccessorImpl.invoke(NativeMethodAccessorImpl.java:62)
		at java.base/jdk.internal.reflect.DelegatingMethodAccessorImpl.invoke(DelegatingMethodAccessorImpl.java:43)
		at java.base/java.lang.reflect.Method.invoke(Method.java:566)
		at org.apache.catalina.startup.Bootstrap.start(Bootstrap.java:345)
		at org.apache.catalina.startup.Bootstrap.main(Bootstrap.java:476)
	Caused by: org.apache.catalina.LifecycleException: Failed to start component [StandardEngine[Catalina].StandardHost[localhost].StandardContext[/InventoryManagementSystem]]
		at org.apache.catalina.util.LifecycleBase.handleSubClassException(LifecycleBase.java:406)
		at org.apache.catalina.util.LifecycleBase.start(LifecycleBase.java:179)
		at org.apache.catalina.core.ContainerBase.addChildInternal(ContainerBase.java:599)
		... 37 more
	Caused by: java.lang.IllegalArgumentException: The servlets named [LoginServlet] and [com.ims.servlet.LoginServlet] are both mapped to the url-pattern [/LoginServlet] which is not permitted
		at org.apache.tomcat.util.descriptor.web.WebXml.addServletMappingDecoded(WebXml.java:415)
		at org.apache.tomcat.util.descriptor.web.WebXml.addServletMapping(WebXml.java:406)
		at org.apache.catalina.startup.ContextConfig.processAnnotationWebServlet(ContextConfig.java:2547)
		at org.apache.catalina.startup.ContextConfig.processClass(ContextConfig.java:2253)
		at org.apache.catalina.startup.ContextConfig.processAnnotationsStream(ContextConfig.java:2242)
		at org.apache.catalina.startup.ContextConfig.processAnnotationsWebResource(ContextConfig.java:2153)
		at org.apache.catalina.startup.ContextConfig.processAnnotationsWebResource(ContextConfig.java:2148)
		at org.apache.catalina.startup.ContextConfig.processAnnotationsWebResource(ContextConfig.java:2148)
		at org.apache.catalina.startup.ContextConfig.processAnnotationsWebResource(ContextConfig.java:2148)
		at org.apache.catalina.startup.ContextConfig.processClasses(ContextConfig.java:1361)
		at org.apache.catalina.startup.ContextConfig.webConfig(ContextConfig.java:1271)
		at org.apache.catalina.startup.ContextConfig.configureStart(ContextConfig.java:972)
		at org.apache.catalina.startup.ContextConfig.lifecycleEvent(ContextConfig.java:290)
		at org.apache.catalina.util.LifecycleBase.fireLifecycleEvent(LifecycleBase.java:109)
		at org.apache.catalina.core.StandardContext.startInternal(StandardContext.java:4380)
		at org.apache.catalina.util.LifecycleBase.start(LifecycleBase.java:164)
		... 38 more
16-Jul-2025 22:56:07.698 INFO [main] org.apache.catalina.startup.HostConfig.deployDirectory Deployment of web application directory [C:\Users\saksh\Desktop\InventoryManagementSystem\apache-tomcat-10.1.43\webapps\InventoryManagementSystem] has finished in [85] ms
16-Jul-2025 22:56:07.698 INFO [main] org.apache.catalina.startup.HostConfig.deployDirectory Deploying web application directory [C:\Users\saksh\Desktop\InventoryManagementSystem\apache-tomcat-10.1.43\webapps\manager]
16-Jul-2025 22:56:08.304 INFO [main] org.apache.jasper.servlet.TldScanner.scanJars At least one JAR was scanned for TLDs yet contained no TLDs. Enable debug logging for this logger for a complete list of JARs that were scanned but no TLDs were found in them. Skipping unneeded JARs during scanning can improve startup time and JSP compilation time.
16-Jul-2025 22:56:08.310 INFO [main] org.apache.catalina.startup.HostConfig.deployDirectory Deployment of web application directory [C:\Users\saksh\Desktop\InventoryManagementSystem\apache-tomcat-10.1.43\webapps\manager] has finished in [611] ms
16-Jul-2025 22:56:08.310 INFO [main] org.apache.catalina.startup.HostConfig.deployDirectory Deploying web application directory [C:\Users\saksh\Desktop\InventoryManagementSystem\apache-tomcat-10.1.43\webapps\ROOT]
16-Jul-2025 22:56:08.760 INFO [main] org.apache.jasper.servlet.TldScanner.scanJars At least one JAR was scanned for TLDs yet contained no TLDs. Enable debug logging for this logger for a complete list of JARs that were scanned but no TLDs were found in them. Skipping unneeded JARs during scanning can improve startup time and JSP compilation time.
16-Jul-2025 22:56:08.767 INFO [main] org.apache.catalina.startup.HostConfig.deployDirectory Deployment of web application directory [C:\Users\saksh\Desktop\InventoryManagementSystem\apache-tomcat-10.1.43\webapps\ROOT] has finished in [457] ms
16-Jul-2025 22:56:08.777 INFO [main] org.apache.coyote.AbstractProtocol.start Starting ProtocolHandler ["http-nio-8080"]
16-Jul-2025 22:56:09.096 INFO [main] org.apache.catalina.startup.Catalina.start Server startup in [19091] milliseconds
16-Jul-2025 22:57:53.251 INFO [Thread-1] org.apache.coyote.AbstractProtocol.pause Pausing ProtocolHandler ["http-nio-8080"]
16-Jul-2025 22:57:53.736 INFO [Thread-1] org.apache.catalina.core.StandardService.stopInternal Stopping service [Catalina]
16-Jul-2025 22:57:54.011 WARNING [Thread-1] org.apache.catalina.loader.WebappClassLoaderBase.clearReferencesJdbc The web application [InventoryManagementSystem#index.html] registered the JDBC driver [com.mysql.cj.jdbc.Driver] but failed to unregister it when the web application was stopped. To prevent a memory leak, the JDBC Driver has been forcibly unregistered.
16-Jul-2025 22:57:54.012 WARNING [Thread-1] org.apache.catalina.loader.WebappClassLoaderBase.clearReferencesThreads The web application [InventoryManagementSystem#index.html] appears to have started a thread named [mysql-cj-abandoned-connection-cleanup] but has failed to stop it. This is very likely to create a memory leak. Stack trace of thread:
 java.base@11.0.26/java.lang.Object.wait(Native Method)
 java.base@11.0.26/java.lang.ref.ReferenceQueue.remove(ReferenceQueue.java:155)
 com.mysql.cj.jdbc.AbandonedConnectionCleanupThread.run(AbandonedConnectionCleanupThread.java:91)
 java.base@11.0.26/java.util.concurrent.ThreadPoolExecutor.runWorker(ThreadPoolExecutor.java:1128)
 java.base@11.0.26/java.util.concurrent.ThreadPoolExecutor$Worker.run(ThreadPoolExecutor.java:628)
 java.base@11.0.26/java.lang.Thread.run(Thread.java:834)
16-Jul-2025 22:57:54.077 INFO [Thread-1] org.apache.coyote.AbstractProtocol.stop Stopping ProtocolHandler ["http-nio-8080"]
16-Jul-2025 22:57:54.149 INFO [Thread-1] org.apache.coyote.AbstractProtocol.destroy Destroying ProtocolHandler ["http-nio-8080"]
16-Jul-2025 23:01:40.963 INFO [main] org.apache.catalina.startup.VersionLoggerListener.log Server version name:   Apache Tomcat/10.1.43
16-Jul-2025 23:01:40.978 INFO [main] org.apache.catalina.startup.VersionLoggerListener.log Server built:          Jul 1 2025 21:30:20 UTC
16-Jul-2025 23:01:40.978 INFO [main] org.apache.catalina.startup.VersionLoggerListener.log Server version number: 10.1.43.0
16-Jul-2025 23:01:40.979 INFO [main] org.apache.catalina.startup.VersionLoggerListener.log OS Name:               Windows 11
16-Jul-2025 23:01:40.979 INFO [main] org.apache.catalina.startup.VersionLoggerListener.log OS Version:            10.0
16-Jul-2025 23:01:40.979 INFO [main] org.apache.catalina.startup.VersionLoggerListener.log Architecture:          amd64
16-Jul-2025 23:01:40.979 INFO [main] org.apache.catalina.startup.VersionLoggerListener.log Java Home:             C:\Program Files\Java\jdk-11
16-Jul-2025 23:01:40.979 INFO [main] org.apache.catalina.startup.VersionLoggerListener.log JVM Version:           11.0.26+7-LTS-187
16-Jul-2025 23:01:40.979 INFO [main] org.apache.catalina.startup.VersionLoggerListener.log JVM Vendor:            Oracle Corporation
16-Jul-2025 23:01:40.979 INFO [main] org.apache.catalina.startup.VersionLoggerListener.log CATALINA_BASE:         C:\Users\saksh\Desktop\InventoryManagementSystem\apache-tomcat-10.1.43
16-Jul-2025 23:01:40.979 INFO [main] org.apache.catalina.startup.VersionLoggerListener.log CATALINA_HOME:         C:\Users\saksh\Desktop\InventoryManagementSystem\apache-tomcat-10.1.43
16-Jul-2025 23:01:41.036 INFO [main] org.apache.catalina.startup.VersionLoggerListener.log Command line argument: --add-opens=java.base/java.lang=ALL-UNNAMED
16-Jul-2025 23:01:41.037 INFO [main] org.apache.catalina.startup.VersionLoggerListener.log Command line argument: --add-opens=java.base/java.io=ALL-UNNAMED
16-Jul-2025 23:01:41.037 INFO [main] org.apache.catalina.startup.VersionLoggerListener.log Command line argument: --add-opens=java.base/java.util=ALL-UNNAMED
16-Jul-2025 23:01:41.037 INFO [main] org.apache.catalina.startup.VersionLoggerListener.log Command line argument: --add-opens=java.base/java.util.concurrent=ALL-UNNAMED
16-Jul-2025 23:01:41.037 INFO [main] org.apache.catalina.startup.VersionLoggerListener.log Command line argument: --add-opens=java.rmi/sun.rmi.transport=ALL-UNNAMED
16-Jul-2025 23:01:41.038 INFO [main] org.apache.catalina.startup.VersionLoggerListener.log Command line argument: -Dcatalina.home=C:\Users\saksh\Desktop\InventoryManagementSystem\apache-tomcat-10.1.43
16-Jul-2025 23:01:41.038 INFO [main] org.apache.catalina.startup.VersionLoggerListener.log Command line argument: -Dcatalina.base=C:\Users\saksh\Desktop\InventoryManagementSystem\apache-tomcat-10.1.43
16-Jul-2025 23:01:41.038 INFO [main] org.apache.catalina.startup.VersionLoggerListener.log Command line argument: -Djava.io.tmpdir=C:\Users\saksh\Desktop\InventoryManagementSystem\apache-tomcat-10.1.43\temp
16-Jul-2025 23:01:41.038 INFO [main] org.apache.catalina.startup.VersionLoggerListener.log Command line argument: -Djava.util.logging.config.file=C:\Users\saksh\Desktop\InventoryManagementSystem\apache-tomcat-10.1.43\conf\logging.properties
16-Jul-2025 23:01:41.038 INFO [main] org.apache.catalina.startup.VersionLoggerListener.log Command line argument: -Djava.util.logging.manager=org.apache.juli.ClassLoaderLogManager
16-Jul-2025 23:01:41.038 INFO [main] org.apache.catalina.startup.VersionLoggerListener.log Command line argument: -javaagent:C:\Program Files\JetBrains\IntelliJ IDEA Community Edition 2024.3.4.1\lib\idea_rt.jar=51296
16-Jul-2025 23:01:41.038 INFO [main] org.apache.catalina.startup.VersionLoggerListener.log Command line argument: -Dfile.encoding=UTF-8
16-Jul-2025 23:01:41.084 INFO [main] org.apache.catalina.core.AprLifecycleListener.lifecycleEvent The Apache Tomcat Native library which allows using OpenSSL was not found on the java.library.path: [C:\Program Files\Java\jdk-11\bin;C:\WINDOWS\Sun\Java\bin;C:\WINDOWS\system32;C:\WINDOWS;C:\Program Files\Eclipse Adoptium\jdk-11.0.27.6-hotspot\bin;C:\Program Files\Eclipse Adoptium\jre-17.0.15.6-hotspot\bin;C:\Program Files\Common Files\Oracle\Java\javapath;C:\Program Files (x86)\Common Files\Oracle\Java\java8path;C:\Program Files (x86)\Common Files\Oracle\Java\javapath;C:\Program Files\Java\jdk1.8.0_202

\bin;C:\Program Files\Java\jre1.8.0_431\bin;C:\Python312\Scripts\;C:\Python312\;C:\Python311\Scripts\;C:\Python311\;C:\WINDOWS\system32;C:\WINDOWS;C:\WINDOWS\System32\Wbem;C:\WINDOWS\System32\WindowsPowerShell\v1.0\;C:\WINDOWS\System32\OpenSSH\;C:\Program Files\dotnet\;C:\Users\saksh\Downloads;C:\Users\saksh\Downloads\ForwardNotifier-master\ForwardNotifier-master\ForwardNotifier Client Tools\Windows SSH Client tool;C:\Users\saksh\Downloads\app files\ForwardNotifier-master\ForwardNotifier-master\ForwardNotifier Client Tools\Windows SSH Client tool;C:\ProgramData\chocolatey\bin;C:\Android;C:\Windows\System32;C:\WINDOWS\system32;C:\WINDOWS;C:\WINDOWS\System32\Wbem;C:\WINDOWS\System32\WindowsPowerShell\v1.0\;C:\WINDOWS\System32\OpenSSH\;C:\Program Files\Calibre2\;C:\Program Files\nodejs\;C:\Program Files\HP\HP One Agent;C:\flutter;C:\Program Files\MySQL\MySQL Server 8.0\bin;C:\Program Files\Git\cmd;C:\Program Files\Git\cmd;C:\Windows\System32;C:\Windows;C:\Users\saksh\AppData\Local\Android\sdk\cmdline-tools\latest\bin;C:\Users\saksh\AppData\Local\Android\sdk\cmdline-tools\bin;C:\Users\saksh\Desktop\InventoryManagementSystem\apache-maven-3.9.10\bin;C:\Users\saksh\Desktop\InventoryManagementSystem\apache-maven-3.9.10\bin;C:\Program Files\MySQL\MySQL Shell 8.0\bin\;C:\Program Files\platform-tools;C:\Users\saksh\AppData\Local\Microsoft\WindowsApps;C:\Users\saksh\.dotnet\tools;C:\Program Files\JetBrains\PyCharm Community Edition 2022.1.2\bin;C:\Users\saksh\AppData\Local\spicetify;C:\Users\saksh\.dotnet\tools;C:\MinGW\bin;C:\Users\saksh\AppData\Local\Microsoft\WindowsApps;C:\Users\saksh\AppData\Roaming\npm;C:\flutter\bin;C:\Program Files\JetBrains\PyCharm Community Edition 2024.1.4\bin;C:\Users\saksh\AppData\Local\GitHubDesktop\bin;C:\Users\saksh\AppData\Roaming\Python\Python312\Scripts;C:\Program Files\Java\jdk-23\bin;C:\Users\saksh\AppData\Local\Programs\Ollama;C:\Users\saksh\AppData\Local\Programs\Microsoft VS Code\bin;C:\Program Files\Git\cmd;C:\flutter\bin;C:\Users\saksh\AppData\Roaming\npm;C:\Users\saksh\Desktop\InventoryManagementSystem\apache-maven-3.9.10\bin;C:\Program Files\Eclipse Adoptium\jdk-11.0.27.6-hotspot\bin;;.]
16-Jul-2025 23:01:41.705 INFO [main] org.apache.coyote.AbstractProtocol.init Initializing ProtocolHandler ["http-nio-8080"]
16-Jul-2025 23:01:41.757 INFO [main] org.apache.catalina.startup.Catalina.load Server initialization in [1228] milliseconds
16-Jul-2025 23:01:41.886 INFO [main] org.apache.catalina.core.StandardService.startInternal Starting service [Catalina]
16-Jul-2025 23:01:41.887 INFO [main] org.apache.catalina.core.StandardEngine.startInternal Starting Servlet engine: [Apache Tomcat/10.1.43]
16-Jul-2025 23:01:41.930 INFO [main] org.apache.catalina.startup.HostConfig.deployDescriptor Deploying deployment descriptor [C:\Users\saksh\Desktop\InventoryManagementSystem\apache-tomcat-10.1.43\conf\Catalina\localhost\InventoryManagementSystem#index.html.xml]
16-Jul-2025 23:01:42.075 WARNING [main] org.apache.catalina.webresources.DirResourceSet.initInternal Disabled the global canonical file name cache to protect against CVE-2024-56337 when starting the WebResourceSet at [C:\Users\saksh\Desktop\InventoryManagementSystem\target\classes] which is part of the web application [/InventoryManagementSystem/index.html]
16-Jul-2025 23:01:44.901 INFO [main] org.apache.jasper.servlet.TldScanner.scanJars At least one JAR was scanned for TLDs yet contained no TLDs. Enable debug logging for this logger for a complete list of JARs that were scanned but no TLDs were found in them. Skipping unneeded JARs during scanning can improve startup time and JSP compilation time.
16-Jul-2025 23:01:45.305 WARNING [main] org.apache.catalina.util.SessionIdGeneratorBase.createSecureRandom Creation of SecureRandom instance for session ID generation using [SHA1PRNG] took [257] milliseconds.
16-Jul-2025 23:01:45.340 INFO [main] org.apache.catalina.startup.HostConfig.deployDescriptor Deployment of deployment descriptor [C:\Users\saksh\Desktop\InventoryManagementSystem\apache-tomcat-10.1.43\conf\Catalina\localhost\InventoryManagementSystem#index.html.xml] has finished in [3,410] ms
16-Jul-2025 23:01:45.342 INFO [main] org.apache.catalina.startup.HostConfig.deployDirectory Deploying web application directory [C:\Users\saksh\Desktop\InventoryManagementSystem\apache-tomcat-10.1.43\webapps\docs]
16-Jul-2025 23:01:45.871 INFO [main] org.apache.jasper.servlet.TldScanner.scanJars At least one JAR was scanned for TLDs yet contained no TLDs. Enable debug logging for this logger for a complete list of JARs that were scanned but no TLDs were found in them. Skipping unneeded JARs during scanning can improve startup time and JSP compilation time.
16-Jul-2025 23:01:45.877 INFO [main] org.apache.catalina.startup.HostConfig.deployDirectory Deployment of web application directory [C:\Users\saksh\Desktop\InventoryManagementSystem\apache-tomcat-10.1.43\webapps\docs] has finished in [534] ms
16-Jul-2025 23:01:45.879 INFO [main] org.apache.catalina.startup.HostConfig.deployDirectory Deploying web application directory [C:\Users\saksh\Desktop\InventoryManagementSystem\apache-tomcat-10.1.43\webapps\examples]
16-Jul-2025 23:01:49.140 INFO [main] org.apache.jasper.servlet.TldScanner.scanJars At least one JAR was scanned for TLDs yet contained no TLDs. Enable debug logging for this logger for a complete list of JARs that were scanned but no TLDs were found in them. Skipping unneeded JARs during scanning can improve startup time and JSP compilation time.
16-Jul-2025 23:01:49.242 INFO [main] org.apache.catalina.startup.HostConfig.deployDirectory Deployment of web application directory [C:\Users\saksh\Desktop\InventoryManagementSystem\apache-tomcat-10.1.43\webapps\examples] has finished in [3,363] ms
16-Jul-2025 23:01:49.243 INFO [main] org.apache.catalina.startup.HostConfig.deployDirectory Deploying web application directory [C:\Users\saksh\Desktop\InventoryManagementSystem\apache-tomcat-10.1.43\webapps\host-manager]
16-Jul-2025 23:01:49.750 INFO [main] org.apache.jasper.servlet.TldScanner.scanJars At least one JAR was scanned for TLDs yet contained no TLDs. Enable debug logging for this logger for a complete list of JARs that were scanned but no TLDs were found in them. Skipping unneeded JARs during scanning can improve startup time and JSP compilation time.
16-Jul-2025 23:01:49.763 INFO [main] org.apache.catalina.startup.HostConfig.deployDirectory Deployment of web application directory [C:\Users\saksh\Desktop\InventoryManagementSystem\apache-tomcat-10.1.43\webapps\host-manager] has finished in [520] ms
16-Jul-2025 23:01:49.775 INFO [main] org.apache.catalina.startup.HostConfig.deployDirectory Deploying web application directory [C:\Users\saksh\Desktop\InventoryManagementSystem\apache-tomcat-10.1.43\webapps\InventoryManagementSystem]
16-Jul-2025 23:01:49.841 SEVERE [main] org.apache.catalina.startup.HostConfig.deployDirectory Error deploying web application directory [C:\Users\saksh\Desktop\InventoryManagementSystem\apache-tomcat-10.1.43\webapps\InventoryManagementSystem]
	java.lang.IllegalStateException: Error starting child
		at org.apache.catalina.core.ContainerBase.addChildInternal(ContainerBase.java:602)
		at org.apache.catalina.core.ContainerBase.addChild(ContainerBase.java:571)
		at org.apache.catalina.core.StandardHost.addChild(StandardHost.java:654)
		at org.apache.catalina.startup.HostConfig.deployDirectory(HostConfig.java:1126)
		at org.apache.catalina.startup.HostConfig$DeployDirectory.run(HostConfig.java:1925)
		at java.base/java.util.concurrent.Executors$RunnableAdapter.call(Executors.java:515)
		at java.base/java.util.concurrent.FutureTask.run(FutureTask.java:264)
		at org.apache.tomcat.util.threads.InlineExecutorService.execute(InlineExecutorService.java:75)
		at java.base/java.util.concurrent.AbstractExecutorService.submit(AbstractExecutorService.java:118)
		at org.apache.catalina.startup.HostConfig.deployDirectories(HostConfig.java:1037)
		at org.apache.catalina.startup.HostConfig.deployApps(HostConfig.java:422)
		at org.apache.catalina.startup.HostConfig.start(HostConfig.java:1621)
		at org.apache.catalina.startup.HostConfig.lifecycleEvent(HostConfig.java:303)
		at org.apache.catalina.util.LifecycleBase.fireLifecycleEvent(LifecycleBase.java:109)
		at org.apache.catalina.util.LifecycleBase.setStateInternal(LifecycleBase.java:389)
		at org.apache.catalina.util.LifecycleBase.setState(LifecycleBase.java:336)
		at org.apache.catalina.core.ContainerBase.startInternal(ContainerBase.java:776)
		at org.apache.catalina.core.StandardHost.startInternal(StandardHost.java:772)
		at org.apache.catalina.util.LifecycleBase.start(LifecycleBase.java:164)
		at org.apache.catalina.core.ContainerBase$StartChild.call(ContainerBase.java:1203)
		at org.apache.catalina.core.ContainerBase$StartChild.call(ContainerBase.java:1193)
		at java.base/java.util.concurrent.FutureTask.run(FutureTask.java:264)
		at org.apache.tomcat.util.threads.InlineExecutorService.execute(InlineExecutorService.java:75)
		at java.base/java.util.concurrent.AbstractExecutorService.submit(AbstractExecutorService.java:140)
		at org.apache.catalina.core.ContainerBase.startInternal(ContainerBase.java:749)
		at org.apache.catalina.core.StandardEngine.startInternal(StandardEngine.java:203)
		at org.apache.catalina.util.LifecycleBase.start(LifecycleBase.java:164)
		at org.apache.catalina.core.StandardService.startInternal(StandardService.java:412)
		at org.apache.catalina.util.LifecycleBase.start(LifecycleBase.java:164)
		at org.apache.catalina.core.StandardServer.startInternal(StandardServer.java:870)
		at org.apache.catalina.util.LifecycleBase.start(LifecycleBase.java:164)
		at org.apache.catalina.startup.Catalina.start(Catalina.java:761)
		at java.base/jdk.internal.reflect.NativeMethodAccessorImpl.invoke0(Native Method)
		at java.base/jdk.internal.reflect.NativeMethodAccessorImpl.invoke(NativeMethodAccessorImpl.java:62)
		at java.base/jdk.internal.reflect.DelegatingMethodAccessorImpl.invoke(DelegatingMethodAccessorImpl.java:43)
		at java.base/java.lang.reflect.Method.invoke(Method.java:566)
		at org.apache.catalina.startup.Bootstrap.start(Bootstrap.java:345)
		at org.apache.catalina.startup.Bootstrap.main(Bootstrap.java:476)
	Caused by: org.apache.catalina.LifecycleException: Failed to start component [StandardEngine[Catalina].StandardHost[localhost].StandardContext[/InventoryManagementSystem]]
		at org.apache.catalina.util.LifecycleBase.handleSubClassException(LifecycleBase.java:406)
		at org.apache.catalina.util.LifecycleBase.start(LifecycleBase.java:179)
		at org.apache.catalina.core.ContainerBase.addChildInternal(ContainerBase.java:599)
		... 37 more
	Caused by: java.lang.IllegalArgumentException: The servlets named [LoginServlet] and [com.ims.servlet.LoginServlet] are both mapped to the url-pattern [/LoginServlet] which is not permitted
		at org.apache.tomcat.util.descriptor.web.WebXml.addServletMappingDecoded(WebXml.java:415)
		at org.apache.tomcat.util.descriptor.web.WebXml.addServletMapping(WebXml.java:406)
		at org.apache.catalina.startup.ContextConfig.processAnnotationWebServlet(ContextConfig.java:2547)
		at org.apache.catalina.startup.ContextConfig.processClass(ContextConfig.java:2253)
		at org.apache.catalina.startup.ContextConfig.processAnnotationsStream(ContextConfig.java:2242)
		at org.apache.catalina.startup.ContextConfig.processAnnotationsWebResource(ContextConfig.java:2153)
		at org.apache.catalina.startup.ContextConfig.processAnnotationsWebResource(ContextConfig.java:2148)
		at org.apache.catalina.startup.ContextConfig.processAnnotationsWebResource(ContextConfig.java:2148)
		at org.apache.catalina.startup.ContextConfig.processAnnotationsWebResource(ContextConfig.java:2148)
		at org.apache.catalina.startup.ContextConfig.processClasses(ContextConfig.java:1361)
		at org.apache.catalina.startup.ContextConfig.webConfig(ContextConfig.java:1271)
		at org.apache.catalina.startup.ContextConfig.configureStart(ContextConfig.java:972)
		at org.apache.catalina.startup.ContextConfig.lifecycleEvent(ContextConfig.java:290)
		at org.apache.catalina.util.LifecycleBase.fireLifecycleEvent(LifecycleBase.java:109)
		at org.apache.catalina.core.StandardContext.startInternal(StandardContext.java:4380)
		at org.apache.catalina.util.LifecycleBase.start(LifecycleBase.java:164)
		... 38 more
16-Jul-2025 23:01:49.846 INFO [main] org.apache.catalina.startup.HostConfig.deployDirectory Deployment of web application directory [C:\Users\saksh\Desktop\InventoryManagementSystem\apache-tomcat-10.1.43\webapps\InventoryManagementSystem] has finished in [71] ms
16-Jul-2025 23:01:49.847 INFO [main] org.apache.catalina.startup.HostConfig.deployDirectory Deploying web application directory [C:\Users\saksh\Desktop\InventoryManagementSystem\apache-tomcat-10.1.43\webapps\manager]
16-Jul-2025 23:01:50.338 INFO [main] org.apache.jasper.servlet.TldScanner.scanJars At least one JAR was scanned for TLDs yet contained no TLDs. Enable debug logging for this logger for a complete list of JARs that were scanned but no TLDs were found in them. Skipping unneeded JARs during scanning can improve startup time and JSP compilation time.
16-Jul-2025 23:01:50.343 INFO [main] org.apache.catalina.startup.HostConfig.deployDirectory Deployment of web application directory [C:\Users\saksh\Desktop\InventoryManagementSystem\apache-tomcat-10.1.43\webapps\manager] has finished in [496] ms
16-Jul-2025 23:01:50.344 INFO [main] org.apache.catalina.startup.HostConfig.deployDirectory Deploying web application directory [C:\Users\saksh\Desktop\InventoryManagementSystem\apache-tomcat-10.1.43\webapps\ROOT]
16-Jul-2025 23:01:50.688 INFO [main] org.apache.jasper.servlet.TldScanner.scanJars At least one JAR was scanned for TLDs yet contained no TLDs. Enable debug logging for this logger for a complete list of JARs that were scanned but no TLDs were found in them. Skipping unneeded JARs during scanning can improve startup time and JSP compilation time.
16-Jul-2025 23:01:50.692 INFO [main] org.apache.catalina.startup.HostConfig.deployDirectory Deployment of web application directory [C:\Users\saksh\Desktop\InventoryManagementSystem\apache-tomcat-10.1.43\webapps\ROOT] has finished in [348] ms
16-Jul-2025 23:01:50.698 INFO [main] org.apache.coyote.AbstractProtocol.start Starting ProtocolHandler ["http-nio-8080"]
16-Jul-2025 23:01:50.960 INFO [main] org.apache.catalina.startup.Catalina.start Server startup in [9202] milliseconds
16-Jul-2025 23:06:42.421 INFO [Thread-1] org.apache.coyote.AbstractProtocol.pause Pausing ProtocolHandler ["http-nio-8080"]
16-Jul-2025 23:06:42.733 INFO [Thread-1] org.apache.catalina.core.StandardService.stopInternal Stopping service [Catalina]
16-Jul-2025 23:06:42.965 WARNING [Thread-1] org.apache.catalina.loader.WebappClassLoaderBase.clearReferencesThreads The web application [InventoryManagementSystem#index.html] appears to have started a thread named [mysql-cj-abandoned-connection-cleanup] but has failed to stop it. This is very likely to create a memory leak. Stack trace of thread:
 org.apache.catalina.loader.WebappClassLoaderBase.findResource(WebappClassLoaderBase.java:893)
 org.apache.catalina.loader.WebappClassLoaderBase.getResource(WebappClassLoaderBase.java:1008)
 com.mysql.cj.jdbc.AbandonedConnectionCleanupThread.checkThreadContextClassLoader(AbandonedConnectionCleanupThread.java:123)
 com.mysql.cj.jdbc.AbandonedConnectionCleanupThread.run(AbandonedConnectionCleanupThread.java:90)
 java.base@11.0.26/java.util.concurrent.ThreadPoolExecutor.runWorker(ThreadPoolExecutor.java:1128)
 java.base@11.0.26/java.util.concurrent.ThreadPoolExecutor$Worker.run(ThreadPoolExecutor.java:628)
 java.base@11.0.26/java.lang.Thread.run(Thread.java:834)
16-Jul-2025 23:06:42.993 INFO [Thread-1] org.apache.coyote.AbstractProtocol.stop Stopping ProtocolHandler ["http-nio-8080"]
16-Jul-2025 23:06:43.039 INFO [Thread-1] org.apache.coyote.AbstractProtocol.destroy Destroying ProtocolHandler ["http-nio-8080"]
16-Jul-2025 23:06:55.665 INFO [main] org.apache.catalina.startup.VersionLoggerListener.log Server version name:   Apache Tomcat/10.1.43
16-Jul-2025 23:06:55.674 INFO [main] org.apache.catalina.startup.VersionLoggerListener.log Server built:          Jul 1 2025 21:30:20 UTC
16-Jul-2025 23:06:55.675 INFO [main] org.apache.catalina.startup.VersionLoggerListener.log Server version number: 10.1.43.0
16-Jul-2025 23:06:55.676 INFO [main] org.apache.catalina.startup.VersionLoggerListener.log OS Name:               Windows 11
16-Jul-2025 23:06:55.677 INFO [main] org.apache.catalina.startup.VersionLoggerListener.log OS Version:            10.0
16-Jul-2025 23:06:55.679 INFO [main] org.apache.catalina.startup.VersionLoggerListener.log Architecture:          amd64
16-Jul-2025 23:06:55.679 INFO [main] org.apache.catalina.startup.VersionLoggerListener.log Java Home:             C:\Program Files\Java\jdk-11
16-Jul-2025 23:06:55.679 INFO [main] org.apache.catalina.startup.VersionLoggerListener.log JVM Version:           11.0.26+7-LTS-187
16-Jul-2025 23:06:55.680 INFO [main] org.apache.catalina.startup.VersionLoggerListener.log JVM Vendor:            Oracle Corporation
16-Jul-2025 23:06:55.680 INFO [main] org.apache.catalina.startup.VersionLoggerListener.log CATALINA_BASE:         C:\Users\saksh\Desktop\InventoryManagementSystem\apache-tomcat-10.1.43
16-Jul-2025 23:06:55.680 INFO [main] org.apache.catalina.startup.VersionLoggerListener.log CATALINA_HOME:         C:\Users\saksh\Desktop\InventoryManagementSystem\apache-tomcat-10.1.43
16-Jul-2025 23:06:55.724 INFO [main] org.apache.catalina.startup.VersionLoggerListener.log Command line argument: --add-opens=java.base/java.lang=ALL-UNNAMED
16-Jul-2025 23:06:55.725 INFO [main] org.apache.catalina.startup.VersionLoggerListener.log Command line argument: --add-opens=java.base/java.io=ALL-UNNAMED
16-Jul-2025 23:06:55.725 INFO [main] org.apache.catalina.startup.VersionLoggerListener.log Command line argument: --add-opens=java.base/java.util=ALL-UNNAMED
16-Jul-2025 23:06:55.725 INFO [main] org.apache.catalina.startup.VersionLoggerListener.log Command line argument: --add-opens=java.base/java.util.concurrent=ALL-UNNAMED
16-Jul-2025 23:06:55.725 INFO [main] org.apache.catalina.startup.VersionLoggerListener.log Command line argument: --add-opens=java.rmi/sun.rmi.transport=ALL-UNNAMED
16-Jul-2025 23:06:55.725 INFO [main] org.apache.catalina.startup.VersionLoggerListener.log Command line argument: -Dcatalina.home=C:\Users\saksh\Desktop\InventoryManagementSystem\apache-tomcat-10.1.43
16-Jul-2025 23:06:55.725 INFO [main] org.apache.catalina.startup.VersionLoggerListener.log Command line argument: -Dcatalina.base=C:\Users\saksh\Desktop\InventoryManagementSystem\apache-tomcat-10.1.43
16-Jul-2025 23:06:55.725 INFO [main] org.apache.catalina.startup.VersionLoggerListener.log Command line argument: -Djava.io.tmpdir=C:\Users\saksh\Desktop\InventoryManagementSystem\apache-tomcat-10.1.43\temp
16-Jul-2025 23:06:55.725 INFO [main] org.apache.catalina.startup.VersionLoggerListener.log Command line argument: -Djava.util.logging.config.file=C:\Users\saksh\Desktop\InventoryManagementSystem\apache-tomcat-10.1.43\conf\logging.properties
16-Jul-2025 23:06:55.726 INFO [main] org.apache.catalina.startup.VersionLoggerListener.log Command line argument: -Djava.util.logging.manager=org.apache.juli.ClassLoaderLogManager
16-Jul-2025 23:06:55.726 INFO [main] org.apache.catalina.startup.VersionLoggerListener.log Command line argument: -javaagent:C:\Program Files\JetBrains\IntelliJ IDEA Community Edition 2024.3.4.1\lib\idea_rt.jar=51361
16-Jul-2025 23:06:55.726 INFO [main] org.apache.catalina.startup.VersionLoggerListener.log Command line argument: -Dfile.encoding=UTF-8
16-Jul-2025 23:06:55.784 INFO [main] org.apache.catalina.core.AprLifecycleListener.lifecycleEvent The Apache Tomcat Native library which allows using OpenSSL was not found on the java.library.path: [C:\Program Files\Java\jdk-11\bin;C:\WINDOWS\Sun\Java\bin;C:\WINDOWS\system32;C:\WINDOWS;C:\Program Files\Eclipse Adoptium\jdk-11.0.27.6-hotspot\bin;C:\Program Files\Eclipse Adoptium\jre-17.0.15.6-hotspot\bin;C:\Program Files\Common Files\Oracle\Java\javapath;C:\Program Files (x86)\Common Files\Oracle\Java\java8path;C:\Program Files (x86)\Common Files\Oracle\Java\javapath;C:\Program Files\Java\jdk1.8.0_202

\bin;C:\Program Files\Java\jre1.8.0_431\bin;C:\Python312\Scripts\;C:\Python312\;C:\Python311\Scripts\;C:\Python311\;C:\WINDOWS\system32;C:\WINDOWS;C:\WINDOWS\System32\Wbem;C:\WINDOWS\System32\WindowsPowerShell\v1.0\;C:\WINDOWS\System32\OpenSSH\;C:\Program Files\dotnet\;C:\Users\saksh\Downloads;C:\Users\saksh\Downloads\ForwardNotifier-master\ForwardNotifier-master\ForwardNotifier Client Tools\Windows SSH Client tool;C:\Users\saksh\Downloads\app files\ForwardNotifier-master\ForwardNotifier-master\ForwardNotifier Client Tools\Windows SSH Client tool;C:\ProgramData\chocolatey\bin;C:\Android;C:\Windows\System32;C:\WINDOWS\system32;C:\WINDOWS;C:\WINDOWS\System32\Wbem;C:\WINDOWS\System32\WindowsPowerShell\v1.0\;C:\WINDOWS\System32\OpenSSH\;C:\Program Files\Calibre2\;C:\Program Files\nodejs\;C:\Program Files\HP\HP One Agent;C:\flutter;C:\Program Files\MySQL\MySQL Server 8.0\bin;C:\Program Files\Git\cmd;C:\Program Files\Git\cmd;C:\Windows\System32;C:\Windows;C:\Users\saksh\AppData\Local\Android\sdk\cmdline-tools\latest\bin;C:\Users\saksh\AppData\Local\Android\sdk\cmdline-tools\bin;C:\Users\saksh\Desktop\InventoryManagementSystem\apache-maven-3.9.10\bin;C:\Users\saksh\Desktop\InventoryManagementSystem\apache-maven-3.9.10\bin;C:\Program Files\MySQL\MySQL Shell 8.0\bin\;C:\Program Files\platform-tools;C:\Users\saksh\AppData\Local\Microsoft\WindowsApps;C:\Users\saksh\.dotnet\tools;C:\Program Files\JetBrains\PyCharm Community Edition 2022.1.2\bin;C:\Users\saksh\AppData\Local\spicetify;C:\Users\saksh\.dotnet\tools;C:\MinGW\bin;C:\Users\saksh\AppData\Local\Microsoft\WindowsApps;C:\Users\saksh\AppData\Roaming\npm;C:\flutter\bin;C:\Program Files\JetBrains\PyCharm Community Edition 2024.1.4\bin;C:\Users\saksh\AppData\Local\GitHubDesktop\bin;C:\Users\saksh\AppData\Roaming\Python\Python312\Scripts;C:\Program Files\Java\jdk-23\bin;C:\Users\saksh\AppData\Local\Programs\Ollama;C:\Users\saksh\AppData\Local\Programs\Microsoft VS Code\bin;C:\Program Files\Git\cmd;C:\flutter\bin;C:\Users\saksh\AppData\Roaming\npm;C:\Users\saksh\Desktop\InventoryManagementSystem\apache-maven-3.9.10\bin;C:\Program Files\Eclipse Adoptium\jdk-11.0.27.6-hotspot\bin;;.]
16-Jul-2025 23:12:13.711 INFO [main] org.apache.catalina.startup.VersionLoggerListener.log Server version name:   Apache Tomcat/10.1.43
16-Jul-2025 23:12:13.719 INFO [main] org.apache.catalina.startup.VersionLoggerListener.log Server built:          Jul 1 2025 21:30:20 UTC
16-Jul-2025 23:12:13.720 INFO [main] org.apache.catalina.startup.VersionLoggerListener.log Server version number: 10.1.43.0
16-Jul-2025 23:12:13.720 INFO [main] org.apache.catalina.startup.VersionLoggerListener.log OS Name:               Windows 11
16-Jul-2025 23:12:13.721 INFO [main] org.apache.catalina.startup.VersionLoggerListener.log OS Version:            10.0
16-Jul-2025 23:12:13.722 INFO [main] org.apache.catalina.startup.VersionLoggerListener.log Architecture:          amd64
16-Jul-2025 23:12:13.722 INFO [main] org.apache.catalina.startup.VersionLoggerListener.log Java Home:             C:\Program Files\Java\jdk-11
16-Jul-2025 23:12:13.722 INFO [main] org.apache.catalina.startup.VersionLoggerListener.log JVM Version:           11.0.26+7-LTS-187
16-Jul-2025 23:12:13.722 INFO [main] org.apache.catalina.startup.VersionLoggerListener.log JVM Vendor:            Oracle Corporation
16-Jul-2025 23:12:13.723 INFO [main] org.apache.catalina.startup.VersionLoggerListener.log CATALINA_BASE:         C:\Users\saksh\Desktop\InventoryManagementSystem\apache-tomcat-10.1.43
16-Jul-2025 23:12:13.723 INFO [main] org.apache.catalina.startup.VersionLoggerListener.log CATALINA_HOME:         C:\Users\saksh\Desktop\InventoryManagementSystem\apache-tomcat-10.1.43
16-Jul-2025 23:12:13.747 INFO [main] org.apache.catalina.startup.VersionLoggerListener.log Command line argument: --add-opens=java.base/java.lang=ALL-UNNAMED
16-Jul-2025 23:12:13.747 INFO [main] org.apache.catalina.startup.VersionLoggerListener.log Command line argument: --add-opens=java.base/java.io=ALL-UNNAMED
16-Jul-2025 23:12:13.747 INFO [main] org.apache.catalina.startup.VersionLoggerListener.log Command line argument: --add-opens=java.base/java.util=ALL-UNNAMED
16-Jul-2025 23:12:13.747 INFO [main] org.apache.catalina.startup.VersionLoggerListener.log Command line argument: --add-opens=java.base/java.util.concurrent=ALL-UNNAMED
16-Jul-2025 23:12:13.748 INFO [main] org.apache.catalina.startup.VersionLoggerListener.log Command line argument: --add-opens=java.rmi/sun.rmi.transport=ALL-UNNAMED
16-Jul-2025 23:12:13.748 INFO [main] org.apache.catalina.startup.VersionLoggerListener.log Command line argument: -Dcatalina.home=C:\Users\saksh\Desktop\InventoryManagementSystem\apache-tomcat-10.1.43
16-Jul-2025 23:12:13.749 INFO [main] org.apache.catalina.startup.VersionLoggerListener.log Command line argument: -Dcatalina.base=C:\Users\saksh\Desktop\InventoryManagementSystem\apache-tomcat-10.1.43
16-Jul-2025 23:12:13.749 INFO [main] org.apache.catalina.startup.VersionLoggerListener.log Command line argument: -Djava.io.tmpdir=C:\Users\saksh\Desktop\InventoryManagementSystem\apache-tomcat-10.1.43\temp
16-Jul-2025 23:12:13.749 INFO [main] org.apache.catalina.startup.VersionLoggerListener.log Command line argument: -Djava.util.logging.config.file=C:\Users\saksh\Desktop\InventoryManagementSystem\apache-tomcat-10.1.43\conf\logging.properties
16-Jul-2025 23:12:13.749 INFO [main] org.apache.catalina.startup.VersionLoggerListener.log Command line argument: -Djava.util.logging.manager=org.apache.juli.ClassLoaderLogManager
16-Jul-2025 23:12:13.749 INFO [main] org.apache.catalina.startup.VersionLoggerListener.log Command line argument: -javaagent:C:\Program Files\JetBrains\IntelliJ IDEA Community Edition 2024.3.4.1\lib\idea_rt.jar=51422
16-Jul-2025 23:12:13.749 INFO [main] org.apache.catalina.startup.VersionLoggerListener.log Command line argument: -Dfile.encoding=UTF-8
16-Jul-2025 23:12:13.785 INFO [main] org.apache.catalina.core.AprLifecycleListener.lifecycleEvent The Apache Tomcat Native library which allows using OpenSSL was not found on the java.library.path: [C:\Program Files\Java\jdk-11\bin;C:\WINDOWS\Sun\Java\bin;C:\WINDOWS\system32;C:\WINDOWS;C:\Program Files\Eclipse Adoptium\jdk-11.0.27.6-hotspot\bin;C:\Program Files\Eclipse Adoptium\jre-17.0.15.6-hotspot\bin;C:\Program Files\Common Files\Oracle\Java\javapath;C:\Program Files (x86)\Common Files\Oracle\Java\java8path;C:\Program Files (x86)\Common Files\Oracle\Java\javapath;C:\Program Files\Java\jdk1.8.0_202

\bin;C:\Program Files\Java\jre1.8.0_431\bin;C:\Python312\Scripts\;C:\Python312\;C:\Python311\Scripts\;C:\Python311\;C:\WINDOWS\system32;C:\WINDOWS;C:\WINDOWS\System32\Wbem;C:\WINDOWS\System32\WindowsPowerShell\v1.0\;C:\WINDOWS\System32\OpenSSH\;C:\Program Files\dotnet\;C:\Users\saksh\Downloads;C:\Users\saksh\Downloads\ForwardNotifier-master\ForwardNotifier-master\ForwardNotifier Client Tools\Windows SSH Client tool;C:\Users\saksh\Downloads\app files\ForwardNotifier-master\ForwardNotifier-master\ForwardNotifier Client Tools\Windows SSH Client tool;C:\ProgramData\chocolatey\bin;C:\Android;C:\Windows\System32;C:\WINDOWS\system32;C:\WINDOWS;C:\WINDOWS\System32\Wbem;C:\WINDOWS\System32\WindowsPowerShell\v1.0\;C:\WINDOWS\System32\OpenSSH\;C:\Program Files\Calibre2\;C:\Program Files\nodejs\;C:\Program Files\HP\HP One Agent;C:\flutter;C:\Program Files\MySQL\MySQL Server 8.0\bin;C:\Program Files\Git\cmd;C:\Program Files\Git\cmd;C:\Windows\System32;C:\Windows;C:\Users\saksh\AppData\Local\Android\sdk\cmdline-tools\latest\bin;C:\Users\saksh\AppData\Local\Android\sdk\cmdline-tools\bin;C:\Users\saksh\Desktop\InventoryManagementSystem\apache-maven-3.9.10\bin;C:\Users\saksh\Desktop\InventoryManagementSystem\apache-maven-3.9.10\bin;C:\Program Files\MySQL\MySQL Shell 8.0\bin\;C:\Program Files\platform-tools;C:\Users\saksh\AppData\Local\Microsoft\WindowsApps;C:\Users\saksh\.dotnet\tools;C:\Program Files\JetBrains\PyCharm Community Edition 2022.1.2\bin;C:\Users\saksh\AppData\Local\spicetify;C:\Users\saksh\.dotnet\tools;C:\MinGW\bin;C:\Users\saksh\AppData\Local\Microsoft\WindowsApps;C:\Users\saksh\AppData\Roaming\npm;C:\flutter\bin;C:\Program Files\JetBrains\PyCharm Community Edition 2024.1.4\bin;C:\Users\saksh\AppData\Local\GitHubDesktop\bin;C:\Users\saksh\AppData\Roaming\Python\Python312\Scripts;C:\Program Files\Java\jdk-23\bin;C:\Users\saksh\AppData\Local\Programs\Ollama;C:\Users\saksh\AppData\Local\Programs\Microsoft VS Code\bin;C:\Program Files\Git\cmd;C:\flutter\bin;C:\Users\saksh\AppData\Roaming\npm;C:\Users\saksh\Desktop\InventoryManagementSystem\apache-maven-3.9.10\bin;C:\Program Files\Eclipse Adoptium\jdk-11.0.27.6-hotspot\bin;;.]
16-Jul-2025 23:12:14.551 INFO [main] org.apache.coyote.AbstractProtocol.init Initializing ProtocolHandler ["http-nio-8080"]
16-Jul-2025 23:12:14.606 INFO [main] org.apache.catalina.startup.Catalina.load Server initialization in [1350] milliseconds
16-Jul-2025 23:12:14.752 INFO [main] org.apache.catalina.core.StandardService.startInternal Starting service [Catalina]
16-Jul-2025 23:12:14.752 INFO [main] org.apache.catalina.core.StandardEngine.startInternal Starting Servlet engine: [Apache Tomcat/10.1.43]
16-Jul-2025 23:12:14.794 INFO [main] org.apache.catalina.startup.HostConfig.deployDescriptor Deploying deployment descriptor [C:\Users\saksh\Desktop\InventoryManagementSystem\apache-tomcat-10.1.43\conf\Catalina\localhost\InventoryManagementSystem#index.html.xml]
16-Jul-2025 23:12:14.957 WARNING [main] org.apache.catalina.webresources.DirResourceSet.initInternal Disabled the global canonical file name cache to protect against CVE-2024-56337 when starting the WebResourceSet at [C:\Users\saksh\Desktop\InventoryManagementSystem\target\classes] which is part of the web application [/InventoryManagementSystem/index.html]
16-Jul-2025 23:12:18.190 INFO [main] org.apache.jasper.servlet.TldScanner.scanJars At least one JAR was scanned for TLDs yet contained no TLDs. Enable debug logging for this logger for a complete list of JARs that were scanned but no TLDs were found in them. Skipping unneeded JARs during scanning can improve startup time and JSP compilation time.
16-Jul-2025 23:12:18.576 WARNING [main] org.apache.catalina.util.SessionIdGeneratorBase.createSecureRandom Creation of SecureRandom instance for session ID generation using [SHA1PRNG] took [246] milliseconds.
16-Jul-2025 23:12:18.609 INFO [main] org.apache.catalina.startup.HostConfig.deployDescriptor Deployment of deployment descriptor [C:\Users\saksh\Desktop\InventoryManagementSystem\apache-tomcat-10.1.43\conf\Catalina\localhost\InventoryManagementSystem#index.html.xml] has finished in [3,817] ms
16-Jul-2025 23:12:18.610 INFO [main] org.apache.catalina.startup.HostConfig.deployDirectory Deploying web application directory [C:\Users\saksh\Desktop\InventoryManagementSystem\apache-tomcat-10.1.43\webapps\docs]
16-Jul-2025 23:12:19.152 INFO [main] org.apache.jasper.servlet.TldScanner.scanJars At least one JAR was scanned for TLDs yet contained no TLDs. Enable debug logging for this logger for a complete list of JARs that were scanned but no TLDs were found in them. Skipping unneeded JARs during scanning can improve startup time and JSP compilation time.
16-Jul-2025 23:12:19.157 INFO [main] org.apache.catalina.startup.HostConfig.deployDirectory Deployment of web application directory [C:\Users\saksh\Desktop\InventoryManagementSystem\apache-tomcat-10.1.43\webapps\docs] has finished in [547] ms
16-Jul-2025 23:12:19.158 INFO [main] org.apache.catalina.startup.HostConfig.deployDirectory Deploying web application directory [C:\Users\saksh\Desktop\InventoryManagementSystem\apache-tomcat-10.1.43\webapps\examples]
16-Jul-2025 23:12:20.133 INFO [main] org.apache.jasper.servlet.TldScanner.scanJars At least one JAR was scanned for TLDs yet contained no TLDs. Enable debug logging for this logger for a complete list of JARs that were scanned but no TLDs were found in them. Skipping unneeded JARs during scanning can improve startup time and JSP compilation time.
16-Jul-2025 23:12:20.229 INFO [main] org.apache.catalina.startup.HostConfig.deployDirectory Deployment of web application directory [C:\Users\saksh\Desktop\InventoryManagementSystem\apache-tomcat-10.1.43\webapps\examples] has finished in [1,071] ms
16-Jul-2025 23:12:20.241 INFO [main] org.apache.catalina.startup.HostConfig.deployDirectory Deploying web application directory [C:\Users\saksh\Desktop\InventoryManagementSystem\apache-tomcat-10.1.43\webapps\host-manager]
16-Jul-2025 23:12:20.714 INFO [main] org.apache.jasper.servlet.TldScanner.scanJars At least one JAR was scanned for TLDs yet contained no TLDs. Enable debug logging for this logger for a complete list of JARs that were scanned but no TLDs were found in them. Skipping unneeded JARs during scanning can improve startup time and JSP compilation time.
16-Jul-2025 23:12:20.725 INFO [main] org.apache.catalina.startup.HostConfig.deployDirectory Deployment of web application directory [C:\Users\saksh\Desktop\InventoryManagementSystem\apache-tomcat-10.1.43\webapps\host-manager] has finished in [484] ms
16-Jul-2025 23:12:20.726 INFO [main] org.apache.catalina.startup.HostConfig.deployDirectory Deploying web application directory [C:\Users\saksh\Desktop\InventoryManagementSystem\apache-tomcat-10.1.43\webapps\InventoryManagementSystem]
16-Jul-2025 23:12:20.793 SEVERE [main] org.apache.catalina.startup.HostConfig.deployDirectory Error deploying web application directory [C:\Users\saksh\Desktop\InventoryManagementSystem\apache-tomcat-10.1.43\webapps\InventoryManagementSystem]
	java.lang.IllegalStateException: Error starting child
		at org.apache.catalina.core.ContainerBase.addChildInternal(ContainerBase.java:602)
		at org.apache.catalina.core.ContainerBase.addChild(ContainerBase.java:571)
		at org.apache.catalina.core.StandardHost.addChild(StandardHost.java:654)
		at org.apache.catalina.startup.HostConfig.deployDirectory(HostConfig.java:1126)
		at org.apache.catalina.startup.HostConfig$DeployDirectory.run(HostConfig.java:1925)
		at java.base/java.util.concurrent.Executors$RunnableAdapter.call(Executors.java:515)
		at java.base/java.util.concurrent.FutureTask.run(FutureTask.java:264)
		at org.apache.tomcat.util.threads.InlineExecutorService.execute(InlineExecutorService.java:75)
		at java.base/java.util.concurrent.AbstractExecutorService.submit(AbstractExecutorService.java:118)
		at org.apache.catalina.startup.HostConfig.deployDirectories(HostConfig.java:1037)
		at org.apache.catalina.startup.HostConfig.deployApps(HostConfig.java:422)
		at org.apache.catalina.startup.HostConfig.start(HostConfig.java:1621)
		at org.apache.catalina.startup.HostConfig.lifecycleEvent(HostConfig.java:303)
		at org.apache.catalina.util.LifecycleBase.fireLifecycleEvent(LifecycleBase.java:109)
		at org.apache.catalina.util.LifecycleBase.setStateInternal(LifecycleBase.java:389)
		at org.apache.catalina.util.LifecycleBase.setState(LifecycleBase.java:336)
		at org.apache.catalina.core.ContainerBase.startInternal(ContainerBase.java:776)
		at org.apache.catalina.core.StandardHost.startInternal(StandardHost.java:772)
		at org.apache.catalina.util.LifecycleBase.start(LifecycleBase.java:164)
		at org.apache.catalina.core.ContainerBase$StartChild.call(ContainerBase.java:1203)
		at org.apache.catalina.core.ContainerBase$StartChild.call(ContainerBase.java:1193)
		at java.base/java.util.concurrent.FutureTask.run(FutureTask.java:264)
		at org.apache.tomcat.util.threads.InlineExecutorService.execute(InlineExecutorService.java:75)
		at java.base/java.util.concurrent.AbstractExecutorService.submit(AbstractExecutorService.java:140)
		at org.apache.catalina.core.ContainerBase.startInternal(ContainerBase.java:749)
		at org.apache.catalina.core.StandardEngine.startInternal(StandardEngine.java:203)
		at org.apache.catalina.util.LifecycleBase.start(LifecycleBase.java:164)
		at org.apache.catalina.core.StandardService.startInternal(StandardService.java:412)
		at org.apache.catalina.util.LifecycleBase.start(LifecycleBase.java:164)
		at org.apache.catalina.core.StandardServer.startInternal(StandardServer.java:870)
		at org.apache.catalina.util.LifecycleBase.start(LifecycleBase.java:164)
		at org.apache.catalina.startup.Catalina.start(Catalina.java:761)
		at java.base/jdk.internal.reflect.NativeMethodAccessorImpl.invoke0(Native Method)
		at java.base/jdk.internal.reflect.NativeMethodAccessorImpl.invoke(NativeMethodAccessorImpl.java:62)
		at java.base/jdk.internal.reflect.DelegatingMethodAccessorImpl.invoke(DelegatingMethodAccessorImpl.java:43)
		at java.base/java.lang.reflect.Method.invoke(Method.java:566)
		at org.apache.catalina.startup.Bootstrap.start(Bootstrap.java:345)
		at org.apache.catalina.startup.Bootstrap.main(Bootstrap.java:476)
	Caused by: org.apache.catalina.LifecycleException: Failed to start component [StandardEngine[Catalina].StandardHost[localhost].StandardContext[/InventoryManagementSystem]]
		at org.apache.catalina.util.LifecycleBase.handleSubClassException(LifecycleBase.java:406)
		at org.apache.catalina.util.LifecycleBase.start(LifecycleBase.java:179)
		at org.apache.catalina.core.ContainerBase.addChildInternal(ContainerBase.java:599)
		... 37 more
	Caused by: java.lang.IllegalArgumentException: The servlets named [LoginServlet] and [com.ims.servlet.LoginServlet] are both mapped to the url-pattern [/LoginServlet] which is not permitted
		at org.apache.tomcat.util.descriptor.web.WebXml.addServletMappingDecoded(WebXml.java:415)
		at org.apache.tomcat.util.descriptor.web.WebXml.addServletMapping(WebXml.java:406)
		at org.apache.catalina.startup.ContextConfig.processAnnotationWebServlet(ContextConfig.java:2547)
		at org.apache.catalina.startup.ContextConfig.processClass(ContextConfig.java:2253)
		at org.apache.catalina.startup.ContextConfig.processAnnotationsStream(ContextConfig.java:2242)
		at org.apache.catalina.startup.ContextConfig.processAnnotationsWebResource(ContextConfig.java:2153)
		at org.apache.catalina.startup.ContextConfig.processAnnotationsWebResource(ContextConfig.java:2148)
		at org.apache.catalina.startup.ContextConfig.processAnnotationsWebResource(ContextConfig.java:2148)
		at org.apache.catalina.startup.ContextConfig.processAnnotationsWebResource(ContextConfig.java:2148)
		at org.apache.catalina.startup.ContextConfig.processClasses(ContextConfig.java:1361)
		at org.apache.catalina.startup.ContextConfig.webConfig(ContextConfig.java:1271)
		at org.apache.catalina.startup.ContextConfig.configureStart(ContextConfig.java:972)
		at org.apache.catalina.startup.ContextConfig.lifecycleEvent(ContextConfig.java:290)
		at org.apache.catalina.util.LifecycleBase.fireLifecycleEvent(LifecycleBase.java:109)
		at org.apache.catalina.core.StandardContext.startInternal(StandardContext.java:4380)
		at org.apache.catalina.util.LifecycleBase.start(LifecycleBase.java:164)
		... 38 more
16-Jul-2025 23:12:20.797 INFO [main] org.apache.catalina.startup.HostConfig.deployDirectory Deployment of web application directory [C:\Users\saksh\Desktop\InventoryManagementSystem\apache-tomcat-10.1.43\webapps\InventoryManagementSystem] has finished in [71] ms
16-Jul-2025 23:12:20.798 INFO [main] org.apache.catalina.startup.HostConfig.deployDirectory Deploying web application directory [C:\Users\saksh\Desktop\InventoryManagementSystem\apache-tomcat-10.1.43\webapps\manager]
16-Jul-2025 23:12:21.324 INFO [main] org.apache.jasper.servlet.TldScanner.scanJars At least one JAR was scanned for TLDs yet contained no TLDs. Enable debug logging for this logger for a complete list of JARs that were scanned but no TLDs were found in them. Skipping unneeded JARs during scanning can improve startup time and JSP compilation time.
16-Jul-2025 23:12:21.330 INFO [main] org.apache.catalina.startup.HostConfig.deployDirectory Deployment of web application directory [C:\Users\saksh\Desktop\InventoryManagementSystem\apache-tomcat-10.1.43\webapps\manager] has finished in [532] ms
16-Jul-2025 23:12:21.330 INFO [main] org.apache.catalina.startup.HostConfig.deployDirectory Deploying web application directory [C:\Users\saksh\Desktop\InventoryManagementSystem\apache-tomcat-10.1.43\webapps\ROOT]
16-Jul-2025 23:12:21.732 INFO [main] org.apache.jasper.servlet.TldScanner.scanJars At least one JAR was scanned for TLDs yet contained no TLDs. Enable debug logging for this logger for a complete list of JARs that were scanned but no TLDs were found in them. Skipping unneeded JARs during scanning can improve startup time and JSP compilation time.
16-Jul-2025 23:12:21.737 INFO [main] org.apache.catalina.startup.HostConfig.deployDirectory Deployment of web application directory [C:\Users\saksh\Desktop\InventoryManagementSystem\apache-tomcat-10.1.43\webapps\ROOT] has finished in [407] ms
16-Jul-2025 23:12:21.746 INFO [main] org.apache.coyote.AbstractProtocol.start Starting ProtocolHandler ["http-nio-8080"]
16-Jul-2025 23:12:22.019 INFO [main] org.apache.catalina.startup.Catalina.start Server startup in [7413] milliseconds
16-Jul-2025 23:13:47.743 INFO [Thread-1] org.apache.coyote.AbstractProtocol.pause Pausing ProtocolHandler ["http-nio-8080"]
16-Jul-2025 23:13:47.938 INFO [Thread-1] org.apache.catalina.core.StandardService.stopInternal Stopping service [Catalina]
16-Jul-2025 23:13:48.021 WARNING [Thread-1] org.apache.catalina.loader.WebappClassLoaderBase.clearReferencesJdbc The web application [InventoryManagementSystem#index.html] registered the JDBC driver [com.mysql.cj.jdbc.Driver] but failed to unregister it when the web application was stopped. To prevent a memory leak, the JDBC Driver has been forcibly unregistered.
16-Jul-2025 23:13:48.022 WARNING [Thread-1] org.apache.catalina.loader.WebappClassLoaderBase.clearReferencesThreads The web application [InventoryManagementSystem#index.html] appears to have started a thread named [mysql-cj-abandoned-connection-cleanup] but has failed to stop it. This is very likely to create a memory leak. Stack trace of thread:
 java.base@11.0.26/java.lang.Object.wait(Native Method)
 java.base@11.0.26/java.lang.ref.ReferenceQueue.remove(ReferenceQueue.java:155)
 com.mysql.cj.jdbc.AbandonedConnectionCleanupThread.run(AbandonedConnectionCleanupThread.java:91)
 java.base@11.0.26/java.util.concurrent.ThreadPoolExecutor.runWorker(ThreadPoolExecutor.java:1128)
 java.base@11.0.26/java.util.concurrent.ThreadPoolExecutor$Worker.run(ThreadPoolExecutor.java:628)
 java.base@11.0.26/java.lang.Thread.run(Thread.java:834)
16-Jul-2025 23:13:48.036 INFO [Thread-1] org.apache.coyote.AbstractProtocol.stop Stopping ProtocolHandler ["http-nio-8080"]
16-Jul-2025 23:13:48.060 INFO [Thread-1] org.apache.coyote.AbstractProtocol.destroy Destroying ProtocolHandler ["http-nio-8080"]
16-Jul-2025 23:13:55.420 INFO [main] org.apache.catalina.startup.VersionLoggerListener.log Server version name:   Apache Tomcat/10.1.43
16-Jul-2025 23:13:55.428 INFO [main] org.apache.catalina.startup.VersionLoggerListener.log Server built:          Jul 1 2025 21:30:20 UTC
16-Jul-2025 23:13:55.428 INFO [main] org.apache.catalina.startup.VersionLoggerListener.log Server version number: 10.1.43.0
16-Jul-2025 23:13:55.429 INFO [main] org.apache.catalina.startup.VersionLoggerListener.log OS Name:               Windows 11
16-Jul-2025 23:13:55.429 INFO [main] org.apache.catalina.startup.VersionLoggerListener.log OS Version:            10.0
16-Jul-2025 23:13:55.429 INFO [main] org.apache.catalina.startup.VersionLoggerListener.log Architecture:          amd64
16-Jul-2025 23:13:55.429 INFO [main] org.apache.catalina.startup.VersionLoggerListener.log Java Home:             C:\Program Files\Java\jdk-11
16-Jul-2025 23:13:55.429 INFO [main] org.apache.catalina.startup.VersionLoggerListener.log JVM Version:           11.0.26+7-LTS-187
16-Jul-2025 23:13:55.429 INFO [main] org.apache.catalina.startup.VersionLoggerListener.log JVM Vendor:            Oracle Corporation
16-Jul-2025 23:13:55.429 INFO [main] org.apache.catalina.startup.VersionLoggerListener.log CATALINA_BASE:         C:\Users\saksh\Desktop\InventoryManagementSystem\apache-tomcat-10.1.43
16-Jul-2025 23:13:55.429 INFO [main] org.apache.catalina.startup.VersionLoggerListener.log CATALINA_HOME:         C:\Users\saksh\Desktop\InventoryManagementSystem\apache-tomcat-10.1.43
16-Jul-2025 23:13:55.448 INFO [main] org.apache.catalina.startup.VersionLoggerListener.log Command line argument: --add-opens=java.base/java.lang=ALL-UNNAMED
16-Jul-2025 23:13:55.448 INFO [main] org.apache.catalina.startup.VersionLoggerListener.log Command line argument: --add-opens=java.base/java.io=ALL-UNNAMED
16-Jul-2025 23:13:55.448 INFO [main] org.apache.catalina.startup.VersionLoggerListener.log Command line argument: --add-opens=java.base/java.util=ALL-UNNAMED
16-Jul-2025 23:13:55.448 INFO [main] org.apache.catalina.startup.VersionLoggerListener.log Command line argument: --add-opens=java.base/java.util.concurrent=ALL-UNNAMED
16-Jul-2025 23:13:55.448 INFO [main] org.apache.catalina.startup.VersionLoggerListener.log Command line argument: --add-opens=java.rmi/sun.rmi.transport=ALL-UNNAMED
16-Jul-2025 23:13:55.448 INFO [main] org.apache.catalina.startup.VersionLoggerListener.log Command line argument: -Dcatalina.home=C:\Users\saksh\Desktop\InventoryManagementSystem\apache-tomcat-10.1.43
16-Jul-2025 23:13:55.450 INFO [main] org.apache.catalina.startup.VersionLoggerListener.log Command line argument: -Dcatalina.base=C:\Users\saksh\Desktop\InventoryManagementSystem\apache-tomcat-10.1.43
16-Jul-2025 23:13:55.450 INFO [main] org.apache.catalina.startup.VersionLoggerListener.log Command line argument: -Djava.io.tmpdir=C:\Users\saksh\Desktop\InventoryManagementSystem\apache-tomcat-10.1.43\temp
16-Jul-2025 23:13:55.450 INFO [main] org.apache.catalina.startup.VersionLoggerListener.log Command line argument: -Djava.util.logging.config.file=C:\Users\saksh\Desktop\InventoryManagementSystem\apache-tomcat-10.1.43\conf\logging.properties
16-Jul-2025 23:13:55.450 INFO [main] org.apache.catalina.startup.VersionLoggerListener.log Command line argument: -Djava.util.logging.manager=org.apache.juli.ClassLoaderLogManager
16-Jul-2025 23:13:55.450 INFO [main] org.apache.catalina.startup.VersionLoggerListener.log Command line argument: -javaagent:C:\Program Files\JetBrains\IntelliJ IDEA Community Edition 2024.3.4.1\lib\idea_rt.jar=51452
16-Jul-2025 23:13:55.450 INFO [main] org.apache.catalina.startup.VersionLoggerListener.log Command line argument: -Dfile.encoding=UTF-8
16-Jul-2025 23:13:55.478 INFO [main] org.apache.catalina.core.AprLifecycleListener.lifecycleEvent The Apache Tomcat Native library which allows using OpenSSL was not found on the java.library.path: [C:\Program Files\Java\jdk-11\bin;C:\WINDOWS\Sun\Java\bin;C:\WINDOWS\system32;C:\WINDOWS;C:\Program Files\Eclipse Adoptium\jdk-11.0.27.6-hotspot\bin;C:\Program Files\Eclipse Adoptium\jre-17.0.15.6-hotspot\bin;C:\Program Files\Common Files\Oracle\Java\javapath;C:\Program Files (x86)\Common Files\Oracle\Java\java8path;C:\Program Files (x86)\Common Files\Oracle\Java\javapath;C:\Program Files\Java\jdk1.8.0_202

\bin;C:\Program Files\Java\jre1.8.0_431\bin;C:\Python312\Scripts\;C:\Python312\;C:\Python311\Scripts\;C:\Python311\;C:\WINDOWS\system32;C:\WINDOWS;C:\WINDOWS\System32\Wbem;C:\WINDOWS\System32\WindowsPowerShell\v1.0\;C:\WINDOWS\System32\OpenSSH\;C:\Program Files\dotnet\;C:\Users\saksh\Downloads;C:\Users\saksh\Downloads\ForwardNotifier-master\ForwardNotifier-master\ForwardNotifier Client Tools\Windows SSH Client tool;C:\Users\saksh\Downloads\app files\ForwardNotifier-master\ForwardNotifier-master\ForwardNotifier Client Tools\Windows SSH Client tool;C:\ProgramData\chocolatey\bin;C:\Android;C:\Windows\System32;C:\WINDOWS\system32;C:\WINDOWS;C:\WINDOWS\System32\Wbem;C:\WINDOWS\System32\WindowsPowerShell\v1.0\;C:\WINDOWS\System32\OpenSSH\;C:\Program Files\Calibre2\;C:\Program Files\nodejs\;C:\Program Files\HP\HP One Agent;C:\flutter;C:\Program Files\MySQL\MySQL Server 8.0\bin;C:\Program Files\Git\cmd;C:\Program Files\Git\cmd;C:\Windows\System32;C:\Windows;C:\Users\saksh\AppData\Local\Android\sdk\cmdline-tools\latest\bin;C:\Users\saksh\AppData\Local\Android\sdk\cmdline-tools\bin;C:\Users\saksh\Desktop\InventoryManagementSystem\apache-maven-3.9.10\bin;C:\Users\saksh\Desktop\InventoryManagementSystem\apache-maven-3.9.10\bin;C:\Program Files\MySQL\MySQL Shell 8.0\bin\;C:\Program Files\platform-tools;C:\Users\saksh\AppData\Local\Microsoft\WindowsApps;C:\Users\saksh\.dotnet\tools;C:\Program Files\JetBrains\PyCharm Community Edition 2022.1.2\bin;C:\Users\saksh\AppData\Local\spicetify;C:\Users\saksh\.dotnet\tools;C:\MinGW\bin;C:\Users\saksh\AppData\Local\Microsoft\WindowsApps;C:\Users\saksh\AppData\Roaming\npm;C:\flutter\bin;C:\Program Files\JetBrains\PyCharm Community Edition 2024.1.4\bin;C:\Users\saksh\AppData\Local\GitHubDesktop\bin;C:\Users\saksh\AppData\Roaming\Python\Python312\Scripts;C:\Program Files\Java\jdk-23\bin;C:\Users\saksh\AppData\Local\Programs\Ollama;C:\Users\saksh\AppData\Local\Programs\Microsoft VS Code\bin;C:\Program Files\Git\cmd;C:\flutter\bin;C:\Users\saksh\AppData\Roaming\npm;C:\Users\saksh\Desktop\InventoryManagementSystem\apache-maven-3.9.10\bin;C:\Program Files\Eclipse Adoptium\jdk-11.0.27.6-hotspot\bin;;.]
16-Jul-2025 23:13:56.170 INFO [main] org.apache.coyote.AbstractProtocol.init Initializing ProtocolHandler ["http-nio-8080"]
16-Jul-2025 23:13:56.209 INFO [main] org.apache.catalina.startup.Catalina.load Server initialization in [1192] milliseconds
16-Jul-2025 23:13:56.314 INFO [main] org.apache.catalina.core.StandardService.startInternal Starting service [Catalina]
16-Jul-2025 23:13:56.314 INFO [main] org.apache.catalina.core.StandardEngine.startInternal Starting Servlet engine: [Apache Tomcat/10.1.43]
16-Jul-2025 23:13:56.341 INFO [main] org.apache.catalina.startup.HostConfig.deployDescriptor Deploying deployment descriptor [C:\Users\saksh\Desktop\InventoryManagementSystem\apache-tomcat-10.1.43\conf\Catalina\localhost\InventoryManagementSystem#index.html.xml]
16-Jul-2025 23:13:56.504 WARNING [main] org.apache.catalina.webresources.DirResourceSet.initInternal Disabled the global canonical file name cache to protect against CVE-2024-56337 when starting the WebResourceSet at [C:\Users\saksh\Desktop\InventoryManagementSystem\target\classes] which is part of the web application [/InventoryManagementSystem/index.html]
16-Jul-2025 23:13:58.941 INFO [main] org.apache.jasper.servlet.TldScanner.scanJars At least one JAR was scanned for TLDs yet contained no TLDs. Enable debug logging for this logger for a complete list of JARs that were scanned but no TLDs were found in them. Skipping unneeded JARs during scanning can improve startup time and JSP compilation time.
16-Jul-2025 23:13:59.316 WARNING [main] org.apache.catalina.util.SessionIdGeneratorBase.createSecureRandom Creation of SecureRandom instance for session ID generation using [SHA1PRNG] took [248] milliseconds.
16-Jul-2025 23:13:59.345 INFO [main] org.apache.catalina.startup.HostConfig.deployDescriptor Deployment of deployment descriptor [C:\Users\saksh\Desktop\InventoryManagementSystem\apache-tomcat-10.1.43\conf\Catalina\localhost\InventoryManagementSystem#index.html.xml] has finished in [3,004] ms
16-Jul-2025 23:13:59.346 INFO [main] org.apache.catalina.startup.HostConfig.deployDirectory Deploying web application directory [C:\Users\saksh\Desktop\InventoryManagementSystem\apache-tomcat-10.1.43\webapps\docs]
16-Jul-2025 23:13:59.865 INFO [main] org.apache.jasper.servlet.TldScanner.scanJars At least one JAR was scanned for TLDs yet contained no TLDs. Enable debug logging for this logger for a complete list of JARs that were scanned but no TLDs were found in them. Skipping unneeded JARs during scanning can improve startup time and JSP compilation time.
16-Jul-2025 23:13:59.869 INFO [main] org.apache.catalina.startup.HostConfig.deployDirectory Deployment of web application directory [C:\Users\saksh\Desktop\InventoryManagementSystem\apache-tomcat-10.1.43\webapps\docs] has finished in [524] ms
16-Jul-2025 23:13:59.870 INFO [main] org.apache.catalina.startup.HostConfig.deployDirectory Deploying web application directory [C:\Users\saksh\Desktop\InventoryManagementSystem\apache-tomcat-10.1.43\webapps\examples]
16-Jul-2025 23:14:00.851 INFO [main] org.apache.jasper.servlet.TldScanner.scanJars At least one JAR was scanned for TLDs yet contained no TLDs. Enable debug logging for this logger for a complete list of JARs that were scanned but no TLDs were found in them. Skipping unneeded JARs during scanning can improve startup time and JSP compilation time.
16-Jul-2025 23:14:00.936 INFO [main] org.apache.catalina.startup.HostConfig.deployDirectory Deployment of web application directory [C:\Users\saksh\Desktop\InventoryManagementSystem\apache-tomcat-10.1.43\webapps\examples] has finished in [1,066] ms
16-Jul-2025 23:14:00.936 INFO [main] org.apache.catalina.startup.HostConfig.deployDirectory Deploying web application directory [C:\Users\saksh\Desktop\InventoryManagementSystem\apache-tomcat-10.1.43\webapps\host-manager]
16-Jul-2025 23:14:01.389 INFO [main] org.apache.jasper.servlet.TldScanner.scanJars At least one JAR was scanned for TLDs yet contained no TLDs. Enable debug logging for this logger for a complete list of JARs that were scanned but no TLDs were found in them. Skipping unneeded JARs during scanning can improve startup time and JSP compilation time.
16-Jul-2025 23:14:01.401 INFO [main] org.apache.catalina.startup.HostConfig.deployDirectory Deployment of web application directory [C:\Users\saksh\Desktop\InventoryManagementSystem\apache-tomcat-10.1.43\webapps\host-manager] has finished in [465] ms
16-Jul-2025 23:14:01.401 INFO [main] org.apache.catalina.startup.HostConfig.deployDirectory Deploying web application directory [C:\Users\saksh\Desktop\InventoryManagementSystem\apache-tomcat-10.1.43\webapps\InventoryManagementSystem]
16-Jul-2025 23:14:01.459 SEVERE [main] org.apache.catalina.startup.HostConfig.deployDirectory Error deploying web application directory [C:\Users\saksh\Desktop\InventoryManagementSystem\apache-tomcat-10.1.43\webapps\InventoryManagementSystem]
	java.lang.IllegalStateException: Error starting child
		at org.apache.catalina.core.ContainerBase.addChildInternal(ContainerBase.java:602)
		at org.apache.catalina.core.ContainerBase.addChild(ContainerBase.java:571)
		at org.apache.catalina.core.StandardHost.addChild(StandardHost.java:654)
		at org.apache.catalina.startup.HostConfig.deployDirectory(HostConfig.java:1126)
		at org.apache.catalina.startup.HostConfig$DeployDirectory.run(HostConfig.java:1925)
		at java.base/java.util.concurrent.Executors$RunnableAdapter.call(Executors.java:515)
		at java.base/java.util.concurrent.FutureTask.run(FutureTask.java:264)
		at org.apache.tomcat.util.threads.InlineExecutorService.execute(InlineExecutorService.java:75)
		at java.base/java.util.concurrent.AbstractExecutorService.submit(AbstractExecutorService.java:118)
		at org.apache.catalina.startup.HostConfig.deployDirectories(HostConfig.java:1037)
		at org.apache.catalina.startup.HostConfig.deployApps(HostConfig.java:422)
		at org.apache.catalina.startup.HostConfig.start(HostConfig.java:1621)
		at org.apache.catalina.startup.HostConfig.lifecycleEvent(HostConfig.java:303)
		at org.apache.catalina.util.LifecycleBase.fireLifecycleEvent(LifecycleBase.java:109)
		at org.apache.catalina.util.LifecycleBase.setStateInternal(LifecycleBase.java:389)
		at org.apache.catalina.util.LifecycleBase.setState(LifecycleBase.java:336)
		at org.apache.catalina.core.ContainerBase.startInternal(ContainerBase.java:776)
		at org.apache.catalina.core.StandardHost.startInternal(StandardHost.java:772)
		at org.apache.catalina.util.LifecycleBase.start(LifecycleBase.java:164)
		at org.apache.catalina.core.ContainerBase$StartChild.call(ContainerBase.java:1203)
		at org.apache.catalina.core.ContainerBase$StartChild.call(ContainerBase.java:1193)
		at java.base/java.util.concurrent.FutureTask.run(FutureTask.java:264)
		at org.apache.tomcat.util.threads.InlineExecutorService.execute(InlineExecutorService.java:75)
		at java.base/java.util.concurrent.AbstractExecutorService.submit(AbstractExecutorService.java:140)
		at org.apache.catalina.core.ContainerBase.startInternal(ContainerBase.java:749)
		at org.apache.catalina.core.StandardEngine.startInternal(StandardEngine.java:203)
		at org.apache.catalina.util.LifecycleBase.start(LifecycleBase.java:164)
		at org.apache.catalina.core.StandardService.startInternal(StandardService.java:412)
		at org.apache.catalina.util.LifecycleBase.start(LifecycleBase.java:164)
		at org.apache.catalina.core.StandardServer.startInternal(StandardServer.java:870)
		at org.apache.catalina.util.LifecycleBase.start(LifecycleBase.java:164)
		at org.apache.catalina.startup.Catalina.start(Catalina.java:761)
		at java.base/jdk.internal.reflect.NativeMethodAccessorImpl.invoke0(Native Method)
		at java.base/jdk.internal.reflect.NativeMethodAccessorImpl.invoke(NativeMethodAccessorImpl.java:62)
		at java.base/jdk.internal.reflect.DelegatingMethodAccessorImpl.invoke(DelegatingMethodAccessorImpl.java:43)
		at java.base/java.lang.reflect.Method.invoke(Method.java:566)
		at org.apache.catalina.startup.Bootstrap.start(Bootstrap.java:345)
		at org.apache.catalina.startup.Bootstrap.main(Bootstrap.java:476)
	Caused by: org.apache.catalina.LifecycleException: Failed to start component [StandardEngine[Catalina].StandardHost[localhost].StandardContext[/InventoryManagementSystem]]
		at org.apache.catalina.util.LifecycleBase.handleSubClassException(LifecycleBase.java:406)
		at org.apache.catalina.util.LifecycleBase.start(LifecycleBase.java:179)
		at org.apache.catalina.core.ContainerBase.addChildInternal(ContainerBase.java:599)
		... 37 more
	Caused by: java.lang.IllegalArgumentException: The servlets named [LoginServlet] and [com.ims.servlet.LoginServlet] are both mapped to the url-pattern [/LoginServlet] which is not permitted
		at org.apache.tomcat.util.descriptor.web.WebXml.addServletMappingDecoded(WebXml.java:415)
		at org.apache.tomcat.util.descriptor.web.WebXml.addServletMapping(WebXml.java:406)
		at org.apache.catalina.startup.ContextConfig.processAnnotationWebServlet(ContextConfig.java:2547)
		at org.apache.catalina.startup.ContextConfig.processClass(ContextConfig.java:2253)
		at org.apache.catalina.startup.ContextConfig.processAnnotationsStream(ContextConfig.java:2242)
		at org.apache.catalina.startup.ContextConfig.processAnnotationsWebResource(ContextConfig.java:2153)
		at org.apache.catalina.startup.ContextConfig.processAnnotationsWebResource(ContextConfig.java:2148)
		at org.apache.catalina.startup.ContextConfig.processAnnotationsWebResource(ContextConfig.java:2148)
		at org.apache.catalina.startup.ContextConfig.processAnnotationsWebResource(ContextConfig.java:2148)
		at org.apache.catalina.startup.ContextConfig.processClasses(ContextConfig.java:1361)
		at org.apache.catalina.startup.ContextConfig.webConfig(ContextConfig.java:1271)
		at org.apache.catalina.startup.ContextConfig.configureStart(ContextConfig.java:972)
		at org.apache.catalina.startup.ContextConfig.lifecycleEvent(ContextConfig.java:290)
		at org.apache.catalina.util.LifecycleBase.fireLifecycleEvent(LifecycleBase.java:109)
		at org.apache.catalina.core.StandardContext.startInternal(StandardContext.java:4380)
		at org.apache.catalina.util.LifecycleBase.start(LifecycleBase.java:164)
		... 38 more
16-Jul-2025 23:14:01.468 INFO [main] org.apache.catalina.startup.HostConfig.deployDirectory Deployment of web application directory [C:\Users\saksh\Desktop\InventoryManagementSystem\apache-tomcat-10.1.43\webapps\InventoryManagementSystem] has finished in [66] ms
16-Jul-2025 23:14:01.469 INFO [main] org.apache.catalina.startup.HostConfig.deployDirectory Deploying web application directory [C:\Users\saksh\Desktop\InventoryManagementSystem\apache-tomcat-10.1.43\webapps\manager]
16-Jul-2025 23:14:01.948 INFO [main] org.apache.jasper.servlet.TldScanner.scanJars At least one JAR was scanned for TLDs yet contained no TLDs. Enable debug logging for this logger for a complete list of JARs that were scanned but no TLDs were found in them. Skipping unneeded JARs during scanning can improve startup time and JSP compilation time.
16-Jul-2025 23:14:01.952 INFO [main] org.apache.catalina.startup.HostConfig.deployDirectory Deployment of web application directory [C:\Users\saksh\Desktop\InventoryManagementSystem\apache-tomcat-10.1.43\webapps\manager] has finished in [483] ms
16-Jul-2025 23:14:01.953 INFO [main] org.apache.catalina.startup.HostConfig.deployDirectory Deploying web application directory [C:\Users\saksh\Desktop\InventoryManagementSystem\apache-tomcat-10.1.43\webapps\ROOT]
16-Jul-2025 23:14:02.313 INFO [main] org.apache.jasper.servlet.TldScanner.scanJars At least one JAR was scanned for TLDs yet contained no TLDs. Enable debug logging for this logger for a complete list of JARs that were scanned but no TLDs were found in them. Skipping unneeded JARs during scanning can improve startup time and JSP compilation time.
16-Jul-2025 23:14:02.319 INFO [main] org.apache.catalina.startup.HostConfig.deployDirectory Deployment of web application directory [C:\Users\saksh\Desktop\InventoryManagementSystem\apache-tomcat-10.1.43\webapps\ROOT] has finished in [366] ms
16-Jul-2025 23:14:02.326 INFO [main] org.apache.coyote.AbstractProtocol.start Starting ProtocolHandler ["http-nio-8080"]
16-Jul-2025 23:14:02.582 INFO [main] org.apache.catalina.startup.Catalina.start Server startup in [6371] milliseconds
16-Jul-2025 23:15:00.115 INFO [Thread-1] org.apache.coyote.AbstractProtocol.pause Pausing ProtocolHandler ["http-nio-8080"]
16-Jul-2025 23:15:00.368 INFO [Thread-1] org.apache.catalina.core.StandardService.stopInternal Stopping service [Catalina]
16-Jul-2025 23:15:00.499 WARNING [Thread-1] org.apache.catalina.loader.WebappClassLoaderBase.clearReferencesThreads The web application [InventoryManagementSystem#index.html] appears to have started a thread named [mysql-cj-abandoned-connection-cleanup] but has failed to stop it. This is very likely to create a memory leak. Stack trace of thread:
 com.mysql.cj.jdbc.AbandonedConnectionCleanupThread.checkThreadContextClassLoader(AbandonedConnectionCleanupThread.java:123)
 com.mysql.cj.jdbc.AbandonedConnectionCleanupThread.run(AbandonedConnectionCleanupThread.java:90)
 java.base@11.0.26/java.util.concurrent.ThreadPoolExecutor.runWorker(ThreadPoolExecutor.java:1128)
 java.base@11.0.26/java.util.concurrent.ThreadPoolExecutor$Worker.run(ThreadPoolExecutor.java:628)
 java.base@11.0.26/java.lang.Thread.run(Thread.java:834)
16-Jul-2025 23:15:00.522 INFO [Thread-1] org.apache.coyote.AbstractProtocol.stop Stopping ProtocolHandler ["http-nio-8080"]
16-Jul-2025 23:15:00.551 INFO [Thread-1] org.apache.coyote.AbstractProtocol.destroy Destroying ProtocolHandler ["http-nio-8080"]
16-Jul-2025 23:15:04.342 INFO [main] org.apache.catalina.startup.VersionLoggerListener.log Server version name:   Apache Tomcat/10.1.43
16-Jul-2025 23:15:04.351 INFO [main] org.apache.catalina.startup.VersionLoggerListener.log Server built:          Jul 1 2025 21:30:20 UTC
16-Jul-2025 23:15:04.353 INFO [main] org.apache.catalina.startup.VersionLoggerListener.log Server version number: 10.1.43.0
16-Jul-2025 23:15:04.354 INFO [main] org.apache.catalina.startup.VersionLoggerListener.log OS Name:               Windows 11
16-Jul-2025 23:15:04.355 INFO [main] org.apache.catalina.startup.VersionLoggerListener.log OS Version:            10.0
16-Jul-2025 23:15:04.356 INFO [main] org.apache.catalina.startup.VersionLoggerListener.log Architecture:          amd64
16-Jul-2025 23:15:04.356 INFO [main] org.apache.catalina.startup.VersionLoggerListener.log Java Home:             C:\Program Files\Java\jdk-11
16-Jul-2025 23:15:04.357 INFO [main] org.apache.catalina.startup.VersionLoggerListener.log JVM Version:           11.0.26+7-LTS-187
16-Jul-2025 23:15:04.357 INFO [main] org.apache.catalina.startup.VersionLoggerListener.log JVM Vendor:            Oracle Corporation
16-Jul-2025 23:15:04.357 INFO [main] org.apache.catalina.startup.VersionLoggerListener.log CATALINA_BASE:         C:\Users\saksh\Desktop\InventoryManagementSystem\apache-tomcat-10.1.43
16-Jul-2025 23:15:04.357 INFO [main] org.apache.catalina.startup.VersionLoggerListener.log CATALINA_HOME:         C:\Users\saksh\Desktop\InventoryManagementSystem\apache-tomcat-10.1.43
16-Jul-2025 23:15:04.395 INFO [main] org.apache.catalina.startup.VersionLoggerListener.log Command line argument: --add-opens=java.base/java.lang=ALL-UNNAMED
16-Jul-2025 23:15:04.397 INFO [main] org.apache.catalina.startup.VersionLoggerListener.log Command line argument: --add-opens=java.base/java.io=ALL-UNNAMED
16-Jul-2025 23:15:04.397 INFO [main] org.apache.catalina.startup.VersionLoggerListener.log Command line argument: --add-opens=java.base/java.util=ALL-UNNAMED
16-Jul-2025 23:15:04.397 INFO [main] org.apache.catalina.startup.VersionLoggerListener.log Command line argument: --add-opens=java.base/java.util.concurrent=ALL-UNNAMED
16-Jul-2025 23:15:04.397 INFO [main] org.apache.catalina.startup.VersionLoggerListener.log Command line argument: --add-opens=java.rmi/sun.rmi.transport=ALL-UNNAMED
16-Jul-2025 23:15:04.397 INFO [main] org.apache.catalina.startup.VersionLoggerListener.log Command line argument: -Dcatalina.home=C:\Users\saksh\Desktop\InventoryManagementSystem\apache-tomcat-10.1.43
16-Jul-2025 23:15:04.397 INFO [main] org.apache.catalina.startup.VersionLoggerListener.log Command line argument: -Dcatalina.base=C:\Users\saksh\Desktop\InventoryManagementSystem\apache-tomcat-10.1.43
16-Jul-2025 23:15:04.397 INFO [main] org.apache.catalina.startup.VersionLoggerListener.log Command line argument: -Djava.io.tmpdir=C:\Users\saksh\Desktop\InventoryManagementSystem\apache-tomcat-10.1.43\temp
16-Jul-2025 23:15:04.398 INFO [main] org.apache.catalina.startup.VersionLoggerListener.log Command line argument: -Djava.util.logging.config.file=C:\Users\saksh\Desktop\InventoryManagementSystem\apache-tomcat-10.1.43\conf\logging.properties
16-Jul-2025 23:15:04.398 INFO [main] org.apache.catalina.startup.VersionLoggerListener.log Command line argument: -Djava.util.logging.manager=org.apache.juli.ClassLoaderLogManager
16-Jul-2025 23:15:04.398 INFO [main] org.apache.catalina.startup.VersionLoggerListener.log Command line argument: -javaagent:C:\Program Files\JetBrains\IntelliJ IDEA Community Edition 2024.3.4.1\lib\idea_rt.jar=51470
16-Jul-2025 23:15:04.398 INFO [main] org.apache.catalina.startup.VersionLoggerListener.log Command line argument: -Dfile.encoding=UTF-8
16-Jul-2025 23:15:04.444 INFO [main] org.apache.catalina.core.AprLifecycleListener.lifecycleEvent The Apache Tomcat Native library which allows using OpenSSL was not found on the java.library.path: [C:\Program Files\Java\jdk-11\bin;C:\WINDOWS\Sun\Java\bin;C:\WINDOWS\system32;C:\WINDOWS;C:\Program Files\Eclipse Adoptium\jdk-11.0.27.6-hotspot\bin;C:\Program Files\Eclipse Adoptium\jre-17.0.15.6-hotspot\bin;C:\Program Files\Common Files\Oracle\Java\javapath;C:\Program Files (x86)\Common Files\Oracle\Java\java8path;C:\Program Files (x86)\Common Files\Oracle\Java\javapath;C:\Program Files\Java\jdk1.8.0_202

\bin;C:\Program Files\Java\jre1.8.0_431\bin;C:\Python312\Scripts\;C:\Python312\;C:\Python311\Scripts\;C:\Python311\;C:\WINDOWS\system32;C:\WINDOWS;C:\WINDOWS\System32\Wbem;C:\WINDOWS\System32\WindowsPowerShell\v1.0\;C:\WINDOWS\System32\OpenSSH\;C:\Program Files\dotnet\;C:\Users\saksh\Downloads;C:\Users\saksh\Downloads\ForwardNotifier-master\ForwardNotifier-master\ForwardNotifier Client Tools\Windows SSH Client tool;C:\Users\saksh\Downloads\app files\ForwardNotifier-master\ForwardNotifier-master\ForwardNotifier Client Tools\Windows SSH Client tool;C:\ProgramData\chocolatey\bin;C:\Android;C:\Windows\System32;C:\WINDOWS\system32;C:\WINDOWS;C:\WINDOWS\System32\Wbem;C:\WINDOWS\System32\WindowsPowerShell\v1.0\;C:\WINDOWS\System32\OpenSSH\;C:\Program Files\Calibre2\;C:\Program Files\nodejs\;C:\Program Files\HP\HP One Agent;C:\flutter;C:\Program Files\MySQL\MySQL Server 8.0\bin;C:\Program Files\Git\cmd;C:\Program Files\Git\cmd;C:\Windows\System32;C:\Windows;C:\Users\saksh\AppData\Local\Android\sdk\cmdline-tools\latest\bin;C:\Users\saksh\AppData\Local\Android\sdk\cmdline-tools\bin;C:\Users\saksh\Desktop\InventoryManagementSystem\apache-maven-3.9.10\bin;C:\Users\saksh\Desktop\InventoryManagementSystem\apache-maven-3.9.10\bin;C:\Program Files\MySQL\MySQL Shell 8.0\bin\;C:\Program Files\platform-tools;C:\Users\saksh\AppData\Local\Microsoft\WindowsApps;C:\Users\saksh\.dotnet\tools;C:\Program Files\JetBrains\PyCharm Community Edition 2022.1.2\bin;C:\Users\saksh\AppData\Local\spicetify;C:\Users\saksh\.dotnet\tools;C:\MinGW\bin;C:\Users\saksh\AppData\Local\Microsoft\WindowsApps;C:\Users\saksh\AppData\Roaming\npm;C:\flutter\bin;C:\Program Files\JetBrains\PyCharm Community Edition 2024.1.4\bin;C:\Users\saksh\AppData\Local\GitHubDesktop\bin;C:\Users\saksh\AppData\Roaming\Python\Python312\Scripts;C:\Program Files\Java\jdk-23\bin;C:\Users\saksh\AppData\Local\Programs\Ollama;C:\Users\saksh\AppData\Local\Programs\Microsoft VS Code\bin;C:\Program Files\Git\cmd;C:\flutter\bin;C:\Users\saksh\AppData\Roaming\npm;C:\Users\saksh\Desktop\InventoryManagementSystem\apache-maven-3.9.10\bin;C:\Program Files\Eclipse Adoptium\jdk-11.0.27.6-hotspot\bin;;.]
16-Jul-2025 23:15:05.061 INFO [main] org.apache.coyote.AbstractProtocol.init Initializing ProtocolHandler ["http-nio-8080"]
16-Jul-2025 23:15:05.097 INFO [main] org.apache.catalina.startup.Catalina.load Server initialization in [1746] milliseconds
16-Jul-2025 23:15:05.194 INFO [main] org.apache.catalina.core.StandardService.startInternal Starting service [Catalina]
16-Jul-2025 23:15:05.194 INFO [main] org.apache.catalina.core.StandardEngine.startInternal Starting Servlet engine: [Apache Tomcat/10.1.43]
16-Jul-2025 23:15:05.216 INFO [main] org.apache.catalina.startup.HostConfig.deployDescriptor Deploying deployment descriptor [C:\Users\saksh\Desktop\InventoryManagementSystem\apache-tomcat-10.1.43\conf\Catalina\localhost\InventoryManagementSystem#index.html.xml]
16-Jul-2025 23:15:05.363 WARNING [main] org.apache.catalina.webresources.DirResourceSet.initInternal Disabled the global canonical file name cache to protect against CVE-2024-56337 when starting the WebResourceSet at [C:\Users\saksh\Desktop\InventoryManagementSystem\target\classes] which is part of the web application [/InventoryManagementSystem/index.html]
16-Jul-2025 23:15:07.841 INFO [main] org.apache.jasper.servlet.TldScanner.scanJars At least one JAR was scanned for TLDs yet contained no TLDs. Enable debug logging for this logger for a complete list of JARs that were scanned but no TLDs were found in them. Skipping unneeded JARs during scanning can improve startup time and JSP compilation time.
16-Jul-2025 23:15:08.169 WARNING [main] org.apache.catalina.util.SessionIdGeneratorBase.createSecureRandom Creation of SecureRandom instance for session ID generation using [SHA1PRNG] took [217] milliseconds.
16-Jul-2025 23:15:08.197 INFO [main] org.apache.catalina.startup.HostConfig.deployDescriptor Deployment of deployment descriptor [C:\Users\saksh\Desktop\InventoryManagementSystem\apache-tomcat-10.1.43\conf\Catalina\localhost\InventoryManagementSystem#index.html.xml] has finished in [2,981] ms
16-Jul-2025 23:15:08.198 INFO [main] org.apache.catalina.startup.HostConfig.deployDirectory Deploying web application directory [C:\Users\saksh\Desktop\InventoryManagementSystem\apache-tomcat-10.1.43\webapps\docs]
16-Jul-2025 23:15:08.639 INFO [main] org.apache.jasper.servlet.TldScanner.scanJars At least one JAR was scanned for TLDs yet contained no TLDs. Enable debug logging for this logger for a complete list of JARs that were scanned but no TLDs were found in them. Skipping unneeded JARs during scanning can improve startup time and JSP compilation time.
16-Jul-2025 23:15:08.646 INFO [main] org.apache.catalina.startup.HostConfig.deployDirectory Deployment of web application directory [C:\Users\saksh\Desktop\InventoryManagementSystem\apache-tomcat-10.1.43\webapps\docs] has finished in [448] ms
16-Jul-2025 23:15:08.647 INFO [main] org.apache.catalina.startup.HostConfig.deployDirectory Deploying web application directory [C:\Users\saksh\Desktop\InventoryManagementSystem\apache-tomcat-10.1.43\webapps\examples]
16-Jul-2025 23:15:09.553 INFO [main] org.apache.jasper.servlet.TldScanner.scanJars At least one JAR was scanned for TLDs yet contained no TLDs. Enable debug logging for this logger for a complete list of JARs that were scanned but no TLDs were found in them. Skipping unneeded JARs during scanning can improve startup time and JSP compilation time.
16-Jul-2025 23:15:09.613 INFO [main] org.apache.catalina.startup.HostConfig.deployDirectory Deployment of web application directory [C:\Users\saksh\Desktop\InventoryManagementSystem\apache-tomcat-10.1.43\webapps\examples] has finished in [966] ms
16-Jul-2025 23:15:09.614 INFO [main] org.apache.catalina.startup.HostConfig.deployDirectory Deploying web application directory [C:\Users\saksh\Desktop\InventoryManagementSystem\apache-tomcat-10.1.43\webapps\host-manager]
16-Jul-2025 23:15:09.990 INFO [main] org.apache.jasper.servlet.TldScanner.scanJars At least one JAR was scanned for TLDs yet contained no TLDs. Enable debug logging for this logger for a complete list of JARs that were scanned but no TLDs were found in them. Skipping unneeded JARs during scanning can improve startup time and JSP compilation time.
16-Jul-2025 23:15:09.997 INFO [main] org.apache.catalina.startup.HostConfig.deployDirectory Deployment of web application directory [C:\Users\saksh\Desktop\InventoryManagementSystem\apache-tomcat-10.1.43\webapps\host-manager] has finished in [383] ms
16-Jul-2025 23:15:09.997 INFO [main] org.apache.catalina.startup.HostConfig.deployDirectory Deploying web application directory [C:\Users\saksh\Desktop\InventoryManagementSystem\apache-tomcat-10.1.43\webapps\InventoryManagementSystem]
16-Jul-2025 23:15:10.044 SEVERE [main] org.apache.catalina.startup.HostConfig.deployDirectory Error deploying web application directory [C:\Users\saksh\Desktop\InventoryManagementSystem\apache-tomcat-10.1.43\webapps\InventoryManagementSystem]
	java.lang.IllegalStateException: Error starting child
		at org.apache.catalina.core.ContainerBase.addChildInternal(ContainerBase.java:602)
		at org.apache.catalina.core.ContainerBase.addChild(ContainerBase.java:571)
		at org.apache.catalina.core.StandardHost.addChild(StandardHost.java:654)
		at org.apache.catalina.startup.HostConfig.deployDirectory(HostConfig.java:1126)
		at org.apache.catalina.startup.HostConfig$DeployDirectory.run(HostConfig.java:1925)
		at java.base/java.util.concurrent.Executors$RunnableAdapter.call(Executors.java:515)
		at java.base/java.util.concurrent.FutureTask.run(FutureTask.java:264)
		at org.apache.tomcat.util.threads.InlineExecutorService.execute(InlineExecutorService.java:75)
		at java.base/java.util.concurrent.AbstractExecutorService.submit(AbstractExecutorService.java:118)
		at org.apache.catalina.startup.HostConfig.deployDirectories(HostConfig.java:1037)
		at org.apache.catalina.startup.HostConfig.deployApps(HostConfig.java:422)
		at org.apache.catalina.startup.HostConfig.start(HostConfig.java:1621)
		at org.apache.catalina.startup.HostConfig.lifecycleEvent(HostConfig.java:303)
		at org.apache.catalina.util.LifecycleBase.fireLifecycleEvent(LifecycleBase.java:109)
		at org.apache.catalina.util.LifecycleBase.setStateInternal(LifecycleBase.java:389)
		at org.apache.catalina.util.LifecycleBase.setState(LifecycleBase.java:336)
		at org.apache.catalina.core.ContainerBase.startInternal(ContainerBase.java:776)
		at org.apache.catalina.core.StandardHost.startInternal(StandardHost.java:772)
		at org.apache.catalina.util.LifecycleBase.start(LifecycleBase.java:164)
		at org.apache.catalina.core.ContainerBase$StartChild.call(ContainerBase.java:1203)
		at org.apache.catalina.core.ContainerBase$StartChild.call(ContainerBase.java:1193)
		at java.base/java.util.concurrent.FutureTask.run(FutureTask.java:264)
		at org.apache.tomcat.util.threads.InlineExecutorService.execute(InlineExecutorService.java:75)
		at java.base/java.util.concurrent.AbstractExecutorService.submit(AbstractExecutorService.java:140)
		at org.apache.catalina.core.ContainerBase.startInternal(ContainerBase.java:749)
		at org.apache.catalina.core.StandardEngine.startInternal(StandardEngine.java:203)
		at org.apache.catalina.util.LifecycleBase.start(LifecycleBase.java:164)
		at org.apache.catalina.core.StandardService.startInternal(StandardService.java:412)
		at org.apache.catalina.util.LifecycleBase.start(LifecycleBase.java:164)
		at org.apache.catalina.core.StandardServer.startInternal(StandardServer.java:870)
		at org.apache.catalina.util.LifecycleBase.start(LifecycleBase.java:164)
		at org.apache.catalina.startup.Catalina.start(Catalina.java:761)
		at java.base/jdk.internal.reflect.NativeMethodAccessorImpl.invoke0(Native Method)
		at java.base/jdk.internal.reflect.NativeMethodAccessorImpl.invoke(NativeMethodAccessorImpl.java:62)
		at java.base/jdk.internal.reflect.DelegatingMethodAccessorImpl.invoke(DelegatingMethodAccessorImpl.java:43)
		at java.base/java.lang.reflect.Method.invoke(Method.java:566)
		at org.apache.catalina.startup.Bootstrap.start(Bootstrap.java:345)
		at org.apache.catalina.startup.Bootstrap.main(Bootstrap.java:476)
	Caused by: org.apache.catalina.LifecycleException: Failed to start component [StandardEngine[Catalina].StandardHost[localhost].StandardContext[/InventoryManagementSystem]]
		at org.apache.catalina.util.LifecycleBase.handleSubClassException(LifecycleBase.java:406)
		at org.apache.catalina.util.LifecycleBase.start(LifecycleBase.java:179)
		at org.apache.catalina.core.ContainerBase.addChildInternal(ContainerBase.java:599)
		... 37 more
	Caused by: java.lang.IllegalArgumentException: The servlets named [LoginServlet] and [com.ims.servlet.LoginServlet] are both mapped to the url-pattern [/LoginServlet] which is not permitted
		at org.apache.tomcat.util.descriptor.web.WebXml.addServletMappingDecoded(WebXml.java:415)
		at org.apache.tomcat.util.descriptor.web.WebXml.addServletMapping(WebXml.java:406)
		at org.apache.catalina.startup.ContextConfig.processAnnotationWebServlet(ContextConfig.java:2547)
		at org.apache.catalina.startup.ContextConfig.processClass(ContextConfig.java:2253)
		at org.apache.catalina.startup.ContextConfig.processAnnotationsStream(ContextConfig.java:2242)
		at org.apache.catalina.startup.ContextConfig.processAnnotationsWebResource(ContextConfig.java:2153)
		at org.apache.catalina.startup.ContextConfig.processAnnotationsWebResource(ContextConfig.java:2148)
		at org.apache.catalina.startup.ContextConfig.processAnnotationsWebResource(ContextConfig.java:2148)
		at org.apache.catalina.startup.ContextConfig.processAnnotationsWebResource(ContextConfig.java:2148)
		at org.apache.catalina.startup.ContextConfig.processClasses(ContextConfig.java:1361)
		at org.apache.catalina.startup.ContextConfig.webConfig(ContextConfig.java:1271)
		at org.apache.catalina.startup.ContextConfig.configureStart(ContextConfig.java:972)
		at org.apache.catalina.startup.ContextConfig.lifecycleEvent(ContextConfig.java:290)
		at org.apache.catalina.util.LifecycleBase.fireLifecycleEvent(LifecycleBase.java:109)
		at org.apache.catalina.core.StandardContext.startInternal(StandardContext.java:4380)
		at org.apache.catalina.util.LifecycleBase.start(LifecycleBase.java:164)
		... 38 more
16-Jul-2025 23:15:10.048 INFO [main] org.apache.catalina.startup.HostConfig.deployDirectory Deployment of web application directory [C:\Users\saksh\Desktop\InventoryManagementSystem\apache-tomcat-10.1.43\webapps\InventoryManagementSystem] has finished in [51] ms
16-Jul-2025 23:15:10.048 INFO [main] org.apache.catalina.startup.HostConfig.deployDirectory Deploying web application directory [C:\Users\saksh\Desktop\InventoryManagementSystem\apache-tomcat-10.1.43\webapps\manager]
16-Jul-2025 23:15:10.521 INFO [main] org.apache.jasper.servlet.TldScanner.scanJars At least one JAR was scanned for TLDs yet contained no TLDs. Enable debug logging for this logger for a complete list of JARs that were scanned but no TLDs were found in them. Skipping unneeded JARs during scanning can improve startup time and JSP compilation time.
16-Jul-2025 23:15:10.524 INFO [main] org.apache.catalina.startup.HostConfig.deployDirectory Deployment of web application directory [C:\Users\saksh\Desktop\InventoryManagementSystem\apache-tomcat-10.1.43\webapps\manager] has finished in [476] ms
16-Jul-2025 23:15:10.525 INFO [main] org.apache.catalina.startup.HostConfig.deployDirectory Deploying web application directory [C:\Users\saksh\Desktop\InventoryManagementSystem\apache-tomcat-10.1.43\webapps\ROOT]
16-Jul-2025 23:15:10.871 INFO [main] org.apache.jasper.servlet.TldScanner.scanJars At least one JAR was scanned for TLDs yet contained no TLDs. Enable debug logging for this logger for a complete list of JARs that were scanned but no TLDs were found in them. Skipping unneeded JARs during scanning can improve startup time and JSP compilation time.
16-Jul-2025 23:15:10.875 INFO [main] org.apache.catalina.startup.HostConfig.deployDirectory Deployment of web application directory [C:\Users\saksh\Desktop\InventoryManagementSystem\apache-tomcat-10.1.43\webapps\ROOT] has finished in [350] ms
16-Jul-2025 23:15:10.881 INFO [main] org.apache.coyote.AbstractProtocol.start Starting ProtocolHandler ["http-nio-8080"]
16-Jul-2025 23:15:11.137 INFO [main] org.apache.catalina.startup.Catalina.start Server startup in [6040] milliseconds
16-Jul-2025 23:33:54.336 INFO [Thread-1] org.apache.coyote.AbstractProtocol.pause Pausing ProtocolHandler ["http-nio-8080"]
16-Jul-2025 23:33:54.667 INFO [Thread-1] org.apache.catalina.core.StandardService.stopInternal Stopping service [Catalina]
16-Jul-2025 23:33:55.074 WARNING [Thread-1] org.apache.catalina.loader.WebappClassLoaderBase.clearReferencesThreads The web application [InventoryManagementSystem#index.html] appears to have started a thread named [mysql-cj-abandoned-connection-cleanup] but has failed to stop it. This is very likely to create a memory leak. Stack trace of thread:
 java.base@11.0.26/java.net.URLStreamHandler.parseURL(URLStreamHandler.java:312)
 java.base@11.0.26/java.net.URL.<init>(URL.java:674)
 org.apache.catalina.webresources.CachedResource.getURL(CachedResource.java:375)
 org.apache.catalina.loader.WebappClassLoaderBase.findResource(WebappClassLoaderBase.java:895)
 org.apache.catalina.loader.WebappClassLoaderBase.getResource(WebappClassLoaderBase.java:1008)
 com.mysql.cj.jdbc.AbandonedConnectionCleanupThread.checkThreadContextClassLoader(AbandonedConnectionCleanupThread.java:123)
 com.mysql.cj.jdbc.AbandonedConnectionCleanupThread.run(AbandonedConnectionCleanupThread.java:90)
 java.base@11.0.26/java.util.concurrent.ThreadPoolExecutor.runWorker(ThreadPoolExecutor.java:1128)
 java.base@11.0.26/java.util.concurrent.ThreadPoolExecutor$Worker.run(ThreadPoolExecutor.java:628)
 java.base@11.0.26/java.lang.Thread.run(Thread.java:834)
16-Jul-2025 23:33:55.106 INFO [Thread-1] org.apache.coyote.AbstractProtocol.stop Stopping ProtocolHandler ["http-nio-8080"]
16-Jul-2025 23:33:55.185 INFO [Thread-1] org.apache.coyote.AbstractProtocol.destroy Destroying ProtocolHandler ["http-nio-8080"]
16-Jul-2025 23:34:43.516 INFO [main] org.apache.catalina.startup.VersionLoggerListener.log Server version name:   Apache Tomcat/10.1.43
16-Jul-2025 23:34:43.527 INFO [main] org.apache.catalina.startup.VersionLoggerListener.log Server built:          Jul 1 2025 21:30:20 UTC
16-Jul-2025 23:34:43.528 INFO [main] org.apache.catalina.startup.VersionLoggerListener.log Server version number: 10.1.43.0
16-Jul-2025 23:34:43.528 INFO [main] org.apache.catalina.startup.VersionLoggerListener.log OS Name:               Windows 11
16-Jul-2025 23:34:43.529 INFO [main] org.apache.catalina.startup.VersionLoggerListener.log OS Version:            10.0
16-Jul-2025 23:34:43.529 INFO [main] org.apache.catalina.startup.VersionLoggerListener.log Architecture:          amd64
16-Jul-2025 23:34:43.529 INFO [main] org.apache.catalina.startup.VersionLoggerListener.log Java Home:             C:\Program Files\Java\jdk-11
16-Jul-2025 23:34:43.530 INFO [main] org.apache.catalina.startup.VersionLoggerListener.log JVM Version:           11.0.26+7-LTS-187
16-Jul-2025 23:34:43.530 INFO [main] org.apache.catalina.startup.VersionLoggerListener.log JVM Vendor:            Oracle Corporation
16-Jul-2025 23:34:43.530 INFO [main] org.apache.catalina.startup.VersionLoggerListener.log CATALINA_BASE:         C:\Users\saksh\Desktop\InventoryManagementSystem\apache-tomcat-10.1.43
16-Jul-2025 23:34:43.530 INFO [main] org.apache.catalina.startup.VersionLoggerListener.log CATALINA_HOME:         C:\Users\saksh\Desktop\InventoryManagementSystem\apache-tomcat-10.1.43
16-Jul-2025 23:34:43.565 INFO [main] org.apache.catalina.startup.VersionLoggerListener.log Command line argument: --add-opens=java.base/java.lang=ALL-UNNAMED
16-Jul-2025 23:34:43.565 INFO [main] org.apache.catalina.startup.VersionLoggerListener.log Command line argument: --add-opens=java.base/java.io=ALL-UNNAMED
16-Jul-2025 23:34:43.565 INFO [main] org.apache.catalina.startup.VersionLoggerListener.log Command line argument: --add-opens=java.base/java.util=ALL-UNNAMED
16-Jul-2025 23:34:43.565 INFO [main] org.apache.catalina.startup.VersionLoggerListener.log Command line argument: --add-opens=java.base/java.util.concurrent=ALL-UNNAMED
16-Jul-2025 23:34:43.566 INFO [main] org.apache.catalina.startup.VersionLoggerListener.log Command line argument: --add-opens=java.rmi/sun.rmi.transport=ALL-UNNAMED
16-Jul-2025 23:34:43.566 INFO [main] org.apache.catalina.startup.VersionLoggerListener.log Command line argument: -Dcatalina.home=C:\Users\saksh\Desktop\InventoryManagementSystem\apache-tomcat-10.1.43
16-Jul-2025 23:34:43.566 INFO [main] org.apache.catalina.startup.VersionLoggerListener.log Command line argument: -Dcatalina.base=C:\Users\saksh\Desktop\InventoryManagementSystem\apache-tomcat-10.1.43
16-Jul-2025 23:34:43.567 INFO [main] org.apache.catalina.startup.VersionLoggerListener.log Command line argument: -Djava.io.tmpdir=C:\Users\saksh\Desktop\InventoryManagementSystem\apache-tomcat-10.1.43\temp
16-Jul-2025 23:34:43.567 INFO [main] org.apache.catalina.startup.VersionLoggerListener.log Command line argument: -Djava.util.logging.config.file=C:\Users\saksh\Desktop\InventoryManagementSystem\apache-tomcat-10.1.43\conf\logging.properties
16-Jul-2025 23:34:43.567 INFO [main] org.apache.catalina.startup.VersionLoggerListener.log Command line argument: -Djava.util.logging.manager=org.apache.juli.ClassLoaderLogManager
16-Jul-2025 23:34:43.567 INFO [main] org.apache.catalina.startup.VersionLoggerListener.log Command line argument: -javaagent:C:\Program Files\JetBrains\IntelliJ IDEA Community Edition 2024.3.4.1\lib\idea_rt.jar=51737
16-Jul-2025 23:34:43.567 INFO [main] org.apache.catalina.startup.VersionLoggerListener.log Command line argument: -Dfile.encoding=UTF-8
16-Jul-2025 23:34:43.624 INFO [main] org.apache.catalina.core.AprLifecycleListener.lifecycleEvent The Apache Tomcat Native library which allows using OpenSSL was not found on the java.library.path: [C:\Program Files\Java\jdk-11\bin;C:\WINDOWS\Sun\Java\bin;C:\WINDOWS\system32;C:\WINDOWS;C:\Program Files\Eclipse Adoptium\jdk-11.0.27.6-hotspot\bin;C:\Program Files\Eclipse Adoptium\jre-17.0.15.6-hotspot\bin;C:\Program Files\Common Files\Oracle\Java\javapath;C:\Program Files (x86)\Common Files\Oracle\Java\java8path;C:\Program Files (x86)\Common Files\Oracle\Java\javapath;C:\Program Files\Java\jdk1.8.0_202

\bin;C:\Program Files\Java\jre1.8.0_431\bin;C:\Python312\Scripts\;C:\Python312\;C:\Python311\Scripts\;C:\Python311\;C:\WINDOWS\system32;C:\WINDOWS;C:\WINDOWS\System32\Wbem;C:\WINDOWS\System32\WindowsPowerShell\v1.0\;C:\WINDOWS\System32\OpenSSH\;C:\Program Files\dotnet\;C:\Users\saksh\Downloads;C:\Users\saksh\Downloads\ForwardNotifier-master\ForwardNotifier-master\ForwardNotifier Client Tools\Windows SSH Client tool;C:\Users\saksh\Downloads\app files\ForwardNotifier-master\ForwardNotifier-master\ForwardNotifier Client Tools\Windows SSH Client tool;C:\ProgramData\chocolatey\bin;C:\Android;C:\Windows\System32;C:\WINDOWS\system32;C:\WINDOWS;C:\WINDOWS\System32\Wbem;C:\WINDOWS\System32\WindowsPowerShell\v1.0\;C:\WINDOWS\System32\OpenSSH\;C:\Program Files\Calibre2\;C:\Program Files\nodejs\;C:\Program Files\HP\HP One Agent;C:\flutter;C:\Program Files\MySQL\MySQL Server 8.0\bin;C:\Program Files\Git\cmd;C:\Program Files\Git\cmd;C:\Windows\System32;C:\Windows;C:\Users\saksh\AppData\Local\Android\sdk\cmdline-tools\latest\bin;C:\Users\saksh\AppData\Local\Android\sdk\cmdline-tools\bin;C:\Users\saksh\Desktop\InventoryManagementSystem\apache-maven-3.9.10\bin;C:\Users\saksh\Desktop\InventoryManagementSystem\apache-maven-3.9.10\bin;C:\Program Files\MySQL\MySQL Shell 8.0\bin\;C:\Program Files\platform-tools;C:\Users\saksh\AppData\Local\Microsoft\WindowsApps;C:\Users\saksh\.dotnet\tools;C:\Program Files\JetBrains\PyCharm Community Edition 2022.1.2\bin;C:\Users\saksh\AppData\Local\spicetify;C:\Users\saksh\.dotnet\tools;C:\MinGW\bin;C:\Users\saksh\AppData\Local\Microsoft\WindowsApps;C:\Users\saksh\AppData\Roaming\npm;C:\flutter\bin;C:\Program Files\JetBrains\PyCharm Community Edition 2024.1.4\bin;C:\Users\saksh\AppData\Local\GitHubDesktop\bin;C:\Users\saksh\AppData\Roaming\Python\Python312\Scripts;C:\Program Files\Java\jdk-23\bin;C:\Users\saksh\AppData\Local\Programs\Ollama;C:\Users\saksh\AppData\Local\Programs\Microsoft VS Code\bin;C:\Program Files\Git\cmd;C:\flutter\bin;C:\Users\saksh\AppData\Roaming\npm;C:\Users\saksh\Desktop\InventoryManagementSystem\apache-maven-3.9.10\bin;C:\Program Files\Eclipse Adoptium\jdk-11.0.27.6-hotspot\bin;;.]
16-Jul-2025 23:34:44.165 INFO [main] org.apache.coyote.AbstractProtocol.init Initializing ProtocolHandler ["http-nio-8080"]
16-Jul-2025 23:34:44.207 INFO [main] org.apache.catalina.startup.Catalina.load Server initialization in [1289] milliseconds
16-Jul-2025 23:34:44.348 INFO [main] org.apache.catalina.core.StandardService.startInternal Starting service [Catalina]
16-Jul-2025 23:34:44.349 INFO [main] org.apache.catalina.core.StandardEngine.startInternal Starting Servlet engine: [Apache Tomcat/10.1.43]
16-Jul-2025 23:34:44.405 INFO [main] org.apache.catalina.startup.HostConfig.deployDescriptor Deploying deployment descriptor [C:\Users\saksh\Desktop\InventoryManagementSystem\apache-tomcat-10.1.43\conf\Catalina\localhost\InventoryManagementSystem#index.html.xml]
16-Jul-2025 23:34:44.571 WARNING [main] org.apache.catalina.webresources.DirResourceSet.initInternal Disabled the global canonical file name cache to protect against CVE-2024-56337 when starting the WebResourceSet at [C:\Users\saksh\Desktop\InventoryManagementSystem\target\classes] which is part of the web application [/InventoryManagementSystem/index.html]
16-Jul-2025 23:34:46.967 INFO [main] org.apache.jasper.servlet.TldScanner.scanJars At least one JAR was scanned for TLDs yet contained no TLDs. Enable debug logging for this logger for a complete list of JARs that were scanned but no TLDs were found in them. Skipping unneeded JARs during scanning can improve startup time and JSP compilation time.
16-Jul-2025 23:34:47.330 WARNING [main] org.apache.catalina.util.SessionIdGeneratorBase.createSecureRandom Creation of SecureRandom instance for session ID generation using [SHA1PRNG] took [244] milliseconds.
16-Jul-2025 23:34:47.364 INFO [main] org.apache.catalina.startup.HostConfig.deployDescriptor Deployment of deployment descriptor [C:\Users\saksh\Desktop\InventoryManagementSystem\apache-tomcat-10.1.43\conf\Catalina\localhost\InventoryManagementSystem#index.html.xml] has finished in [2,960] ms
16-Jul-2025 23:34:47.366 INFO [main] org.apache.catalina.startup.HostConfig.deployDirectory Deploying web application directory [C:\Users\saksh\Desktop\InventoryManagementSystem\apache-tomcat-10.1.43\webapps\docs]
16-Jul-2025 23:34:47.846 INFO [main] org.apache.jasper.servlet.TldScanner.scanJars At least one JAR was scanned for TLDs yet contained no TLDs. Enable debug logging for this logger for a complete list of JARs that were scanned but no TLDs were found in them. Skipping unneeded JARs during scanning can improve startup time and JSP compilation time.
16-Jul-2025 23:34:47.854 INFO [main] org.apache.catalina.startup.HostConfig.deployDirectory Deployment of web application directory [C:\Users\saksh\Desktop\InventoryManagementSystem\apache-tomcat-10.1.43\webapps\docs] has finished in [487] ms
16-Jul-2025 23:34:47.854 INFO [main] org.apache.catalina.startup.HostConfig.deployDirectory Deploying web application directory [C:\Users\saksh\Desktop\InventoryManagementSystem\apache-tomcat-10.1.43\webapps\examples]
16-Jul-2025 23:34:49.408 INFO [main] org.apache.jasper.servlet.TldScanner.scanJars At least one JAR was scanned for TLDs yet contained no TLDs. Enable debug logging for this logger for a complete list of JARs that were scanned but no TLDs were found in them. Skipping unneeded JARs during scanning can improve startup time and JSP compilation time.
16-Jul-2025 23:34:49.495 INFO [main] org.apache.catalina.startup.HostConfig.deployDirectory Deployment of web application directory [C:\Users\saksh\Desktop\InventoryManagementSystem\apache-tomcat-10.1.43\webapps\examples] has finished in [1,641] ms
16-Jul-2025 23:34:49.496 INFO [main] org.apache.catalina.startup.HostConfig.deployDirectory Deploying web application directory [C:\Users\saksh\Desktop\InventoryManagementSystem\apache-tomcat-10.1.43\webapps\host-manager]
16-Jul-2025 23:34:50.038 INFO [main] org.apache.jasper.servlet.TldScanner.scanJars At least one JAR was scanned for TLDs yet contained no TLDs. Enable debug logging for this logger for a complete list of JARs that were scanned but no TLDs were found in them. Skipping unneeded JARs during scanning can improve startup time and JSP compilation time.
16-Jul-2025 23:34:50.068 INFO [main] org.apache.catalina.startup.HostConfig.deployDirectory Deployment of web application directory [C:\Users\saksh\Desktop\InventoryManagementSystem\apache-tomcat-10.1.43\webapps\host-manager] has finished in [572] ms
16-Jul-2025 23:34:50.070 INFO [main] org.apache.catalina.startup.HostConfig.deployDirectory Deploying web application directory [C:\Users\saksh\Desktop\InventoryManagementSystem\apache-tomcat-10.1.43\webapps\InventoryManagementSystem]
16-Jul-2025 23:34:50.176 SEVERE [main] org.apache.catalina.startup.HostConfig.deployDirectory Error deploying web application directory [C:\Users\saksh\Desktop\InventoryManagementSystem\apache-tomcat-10.1.43\webapps\InventoryManagementSystem]
	java.lang.IllegalStateException: Error starting child
		at org.apache.catalina.core.ContainerBase.addChildInternal(ContainerBase.java:602)
		at org.apache.catalina.core.ContainerBase.addChild(ContainerBase.java:571)
		at org.apache.catalina.core.StandardHost.addChild(StandardHost.java:654)
		at org.apache.catalina.startup.HostConfig.deployDirectory(HostConfig.java:1126)
		at org.apache.catalina.startup.HostConfig$DeployDirectory.run(HostConfig.java:1925)
		at java.base/java.util.concurrent.Executors$RunnableAdapter.call(Executors.java:515)
		at java.base/java.util.concurrent.FutureTask.run(FutureTask.java:264)
		at org.apache.tomcat.util.threads.InlineExecutorService.execute(InlineExecutorService.java:75)
		at java.base/java.util.concurrent.AbstractExecutorService.submit(AbstractExecutorService.java:118)
		at org.apache.catalina.startup.HostConfig.deployDirectories(HostConfig.java:1037)
		at org.apache.catalina.startup.HostConfig.deployApps(HostConfig.java:422)
		at org.apache.catalina.startup.HostConfig.start(HostConfig.java:1621)
		at org.apache.catalina.startup.HostConfig.lifecycleEvent(HostConfig.java:303)
		at org.apache.catalina.util.LifecycleBase.fireLifecycleEvent(LifecycleBase.java:109)
		at org.apache.catalina.util.LifecycleBase.setStateInternal(LifecycleBase.java:389)
		at org.apache.catalina.util.LifecycleBase.setState(LifecycleBase.java:336)
		at org.apache.catalina.core.ContainerBase.startInternal(ContainerBase.java:776)
		at org.apache.catalina.core.StandardHost.startInternal(StandardHost.java:772)
		at org.apache.catalina.util.LifecycleBase.start(LifecycleBase.java:164)
		at org.apache.catalina.core.ContainerBase$StartChild.call(ContainerBase.java:1203)
		at org.apache.catalina.core.ContainerBase$StartChild.call(ContainerBase.java:1193)
		at java.base/java.util.concurrent.FutureTask.run(FutureTask.java:264)
		at org.apache.tomcat.util.threads.InlineExecutorService.execute(InlineExecutorService.java:75)
		at java.base/java.util.concurrent.AbstractExecutorService.submit(AbstractExecutorService.java:140)
		at org.apache.catalina.core.ContainerBase.startInternal(ContainerBase.java:749)
		at org.apache.catalina.core.StandardEngine.startInternal(StandardEngine.java:203)
		at org.apache.catalina.util.LifecycleBase.start(LifecycleBase.java:164)
		at org.apache.catalina.core.StandardService.startInternal(StandardService.java:412)
		at org.apache.catalina.util.LifecycleBase.start(LifecycleBase.java:164)
		at org.apache.catalina.core.StandardServer.startInternal(StandardServer.java:870)
		at org.apache.catalina.util.LifecycleBase.start(LifecycleBase.java:164)
		at org.apache.catalina.startup.Catalina.start(Catalina.java:761)
		at java.base/jdk.internal.reflect.NativeMethodAccessorImpl.invoke0(Native Method)
		at java.base/jdk.internal.reflect.NativeMethodAccessorImpl.invoke(NativeMethodAccessorImpl.java:62)
		at java.base/jdk.internal.reflect.DelegatingMethodAccessorImpl.invoke(DelegatingMethodAccessorImpl.java:43)
		at java.base/java.lang.reflect.Method.invoke(Method.java:566)
		at org.apache.catalina.startup.Bootstrap.start(Bootstrap.java:345)
		at org.apache.catalina.startup.Bootstrap.main(Bootstrap.java:476)
	Caused by: org.apache.catalina.LifecycleException: Failed to start component [StandardEngine[Catalina].StandardHost[localhost].StandardContext[/InventoryManagementSystem]]
		at org.apache.catalina.util.LifecycleBase.handleSubClassException(LifecycleBase.java:406)
		at org.apache.catalina.util.LifecycleBase.start(LifecycleBase.java:179)
		at org.apache.catalina.core.ContainerBase.addChildInternal(ContainerBase.java:599)
		... 37 more
	Caused by: java.lang.IllegalArgumentException: The servlets named [LoginServlet] and [com.ims.servlet.LoginServlet] are both mapped to the url-pattern [/LoginServlet] which is not permitted
		at org.apache.tomcat.util.descriptor.web.WebXml.addServletMappingDecoded(WebXml.java:415)
		at org.apache.tomcat.util.descriptor.web.WebXml.addServletMapping(WebXml.java:406)
		at org.apache.catalina.startup.ContextConfig.processAnnotationWebServlet(ContextConfig.java:2547)
		at org.apache.catalina.startup.ContextConfig.processClass(ContextConfig.java:2253)
		at org.apache.catalina.startup.ContextConfig.processAnnotationsStream(ContextConfig.java:2242)
		at org.apache.catalina.startup.ContextConfig.processAnnotationsWebResource(ContextConfig.java:2153)
		at org.apache.catalina.startup.ContextConfig.processAnnotationsWebResource(ContextConfig.java:2148)
		at org.apache.catalina.startup.ContextConfig.processAnnotationsWebResource(ContextConfig.java:2148)
		at org.apache.catalina.startup.ContextConfig.processAnnotationsWebResource(ContextConfig.java:2148)
		at org.apache.catalina.startup.ContextConfig.processClasses(ContextConfig.java:1361)
		at org.apache.catalina.startup.ContextConfig.webConfig(ContextConfig.java:1271)
		at org.apache.catalina.startup.ContextConfig.configureStart(ContextConfig.java:972)
		at org.apache.catalina.startup.ContextConfig.lifecycleEvent(ContextConfig.java:290)
		at org.apache.catalina.util.LifecycleBase.fireLifecycleEvent(LifecycleBase.java:109)
		at org.apache.catalina.core.StandardContext.startInternal(StandardContext.java:4380)
		at org.apache.catalina.util.LifecycleBase.start(LifecycleBase.java:164)
		... 38 more
16-Jul-2025 23:34:50.182 INFO [main] org.apache.catalina.startup.HostConfig.deployDirectory Deployment of web application directory [C:\Users\saksh\Desktop\InventoryManagementSystem\apache-tomcat-10.1.43\webapps\InventoryManagementSystem] has finished in [113] ms
16-Jul-2025 23:34:50.183 INFO [main] org.apache.catalina.startup.HostConfig.deployDirectory Deploying web application directory [C:\Users\saksh\Desktop\InventoryManagementSystem\apache-tomcat-10.1.43\webapps\manager]
16-Jul-2025 23:34:51.208 INFO [main] org.apache.jasper.servlet.TldScanner.scanJars At least one JAR was scanned for TLDs yet contained no TLDs. Enable debug logging for this logger for a complete list of JARs that were scanned but no TLDs were found in them. Skipping unneeded JARs during scanning can improve startup time and JSP compilation time.
16-Jul-2025 23:34:51.222 INFO [main] org.apache.catalina.startup.HostConfig.deployDirectory Deployment of web application directory [C:\Users\saksh\Desktop\InventoryManagementSystem\apache-tomcat-10.1.43\webapps\manager] has finished in [1,039] ms
16-Jul-2025 23:34:51.222 INFO [main] org.apache.catalina.startup.HostConfig.deployDirectory Deploying web application directory [C:\Users\saksh\Desktop\InventoryManagementSystem\apache-tomcat-10.1.43\webapps\ROOT]
16-Jul-2025 23:34:51.922 INFO [main] org.apache.jasper.servlet.TldScanner.scanJars At least one JAR was scanned for TLDs yet contained no TLDs. Enable debug logging for this logger for a complete list of JARs that were scanned but no TLDs were found in them. Skipping unneeded JARs during scanning can improve startup time and JSP compilation time.
16-Jul-2025 23:34:51.933 INFO [main] org.apache.catalina.startup.HostConfig.deployDirectory Deployment of web application directory [C:\Users\saksh\Desktop\InventoryManagementSystem\apache-tomcat-10.1.43\webapps\ROOT] has finished in [710] ms
16-Jul-2025 23:34:51.946 INFO [main] org.apache.coyote.AbstractProtocol.start Starting ProtocolHandler ["http-nio-8080"]
16-Jul-2025 23:34:52.266 INFO [main] org.apache.catalina.startup.Catalina.start Server startup in [8059] milliseconds
16-Jul-2025 23:35:27.941 INFO [Thread-1] org.apache.coyote.AbstractProtocol.pause Pausing ProtocolHandler ["http-nio-8080"]
16-Jul-2025 23:35:28.309 INFO [Thread-1] org.apache.catalina.core.StandardService.stopInternal Stopping service [Catalina]
16-Jul-2025 23:35:28.391 WARNING [Thread-1] org.apache.catalina.loader.WebappClassLoaderBase.clearReferencesJdbc The web application [InventoryManagementSystem#index.html] registered the JDBC driver [com.mysql.cj.jdbc.Driver] but failed to unregister it when the web application was stopped. To prevent a memory leak, the JDBC Driver has been forcibly unregistered.
16-Jul-2025 23:35:28.392 WARNING [Thread-1] org.apache.catalina.loader.WebappClassLoaderBase.clearReferencesThreads The web application [InventoryManagementSystem#index.html] appears to have started a thread named [mysql-cj-abandoned-connection-cleanup] but has failed to stop it. This is very likely to create a memory leak. Stack trace of thread:
 java.base@11.0.26/java.lang.Object.wait(Native Method)
 java.base@11.0.26/java.lang.ref.ReferenceQueue.remove(ReferenceQueue.java:155)
 com.mysql.cj.jdbc.AbandonedConnectionCleanupThread.run(AbandonedConnectionCleanupThread.java:91)
 java.base@11.0.26/java.util.concurrent.ThreadPoolExecutor.runWorker(ThreadPoolExecutor.java:1128)
 java.base@11.0.26/java.util.concurrent.ThreadPoolExecutor$Worker.run(ThreadPoolExecutor.java:628)
 java.base@11.0.26/java.lang.Thread.run(Thread.java:834)
16-Jul-2025 23:35:28.407 INFO [Thread-1] org.apache.coyote.AbstractProtocol.stop Stopping ProtocolHandler ["http-nio-8080"]
16-Jul-2025 23:35:28.433 INFO [Thread-1] org.apache.coyote.AbstractProtocol.destroy Destroying ProtocolHandler ["http-nio-8080"]
